词,频次
公司,1622
市场,964
模型,900
企业,880
全球,763
报道,755
科技,747
发展,697
技术,653
问题,652
国家,647
人工智能,641
增长,614
投资,591
经济,575
持续,569
能力,560
数据,549
机器人,549
工作,541
提供,533
合作,512
计划,508
政府,499
发布,489
支持,488
显示,482
影响,472
超过,460
领域,454
使用,452
重要,445
安全,427
完成,419
集团,415
平台,414
业务,412
开始,400
研究,399
产品,397
时间,374
系统,374
服务,372
推动,366
员工,362
继续,355
获得,348
智能,343
需求,342
行业,339
活动,335
世界,332
特朗普,332
项目,326
进一步,324
预计,324
部分,314
风险,314
就是,313
提升,309
不同,306
用户,305
应用,305
国际,304
成本,301
推出,298
媒体,295
规模,294
出现,293
核心,291
新元,288
机构,287
目标,281
中心,280
实现,280
带来,277
政策,276
发生,275
文化,273
团队,273
北京,271
方式,270
最大,266
进入,265
伟达,263
家庭,263
综合,261
发现,260
甚至,260
孩子,258
长期,255
传统,255
投资者,255
不会,254
选择,253
报告,253
芯片,253
直接,251
增加,249
价格,248
接受,243
拥有,241
导致,239
是否,237
晶片,237
交易,237
历史,234
政治,232
调查,231
关注,229
来自,229
参与,228
任务,225
社会,222
加强,221
人士,219
融资,219
无法,218
压力,217
总统,216
汽车,216
透露,212
地区,212
首席,211
环境,211
共同,211
管理,211
视频,210
稳定,210
调整,208
学生,208
客户,208
处理,207
达到,206
产业,205
真正,204
收入,202
整体,202
不断,201
消息,201
引发,200
最终,200
估值,200
非常,199
信息,199
上市,199
上涨,199
创新,198
工具,197
战略,195
面对,195
健康,195
场景,195
协助,194
人类,193
挑战,192
举行,192
建设,192
社区,191
网络,190
造成,189
人员,188
生活,188
公布,188
移民,188
分析,187
训练,187
正式,186
不能,185
至少,185
展开,184
资本,184
价值,183
行动,183
关系,183
华裔,183
扩大,182
旗下,181
设计,181
公开,181
存在,180
制造,180
建立,179
投入,178
生产,178
总理,178
组织,178
预期,178
品牌,177
资金,177
竞争,177
帮助,176
时代,176
空间,176
主席,173
表现,173
基础设施,173
语言,173
联合早报,172
面临,171
关键,171
时说,170
保持,168
完全,167
联合,166
战争,166
官方,166
截至,166
阶段,165
讨论,165
知道,165
准备,165
减少,165
措施,164
看到,164
过程,164
访问,164
运营,164
记者,163
彭博社,163
区域,162
全面,162
商业,162
提出,162
双方,162
公众,161
开发,161
意味着,161
消费者,161
回应,161
股价,161
引述,161
执行,161
代表,160
资源,160
重新,160
数据中心,160
贸易,160
内容,159
加入,159
确保,159
大陆,159
欧洲,158
资产,158
中东,157
机会,156
警方,156
小米,155
明显,153
出口,153
成立,152
取得,152
最新,152
地方,151
巨头,151
消费,151
实施,151
特别,150
利用,150
形成,149
负责,147
一定,147
用于,147
自动,147
当局,146
位于,146
教育,145
城市,145
咖啡,144
监管,144
路透社,144
考虑,144
同样,143
支付,143
改变,142
不少,142
下降,142
收购,142
越来越,141
尤其,141
维持,141
官员,141
学习,141
法律,141
业绩,141
最高,140
受访,140
测试,139
现场,139
大量,139
大幅,139
大家,138
其实,138
告诉,138
应对,138
模式,138
开放,137
经营,137
行为,137
代码,137
理解,136
采用,136
个人,136
基础,136
解决,136
微信,136
文章,136
了解,135
小时,135
分别,135
创始人,135
能源,135
突破,135
功能,135
速度,134
手机,134
生成,134
冲突,133
申请,133
转型,133
涉及,133
指数,133
金融,132
事件,132
再次,131
降低,131
水平,131
严重,131
人民币,131
委员会,131
变化,130
推进,130
快速,130
人形,130
执行官,129
受到,129
银行,129
随后,129
优势,128
计算,128
霍尔木兹海峡,127
知情,127
容易,126
具备,126
朋友,126
觉得,125
几乎,124
工业,124
批准,124
设备,123
社交,122
上海,122
真实,121
实际,121
分析师,121
被告,121
购买,120
体系,120
销售,120
成功,119
限制,119
不再,119
盈利,119
人们,118
结束,118
方向,118
新闻,118
算力,118
吸引,117
采取,117
基金,117
部署,116
披露,116
方案,116
反映,115
在于,115
加速,115
体验,114
全国,114
豆腐,114
结果,113
交流,113
连续,113
习近平,113
特斯拉,113
驾驶,113
游戏,112
协议,112
领导人,112
袭击,112
马斯克,112
学校,111
提高,111
人才,111
承诺,110
升级,110
供应链,110
腾讯,110
开源,110
生态,109
安排,109
打击,109
阿里,109
文告,108
工程,108
会议,108
经验,107
社群,107
积极,107
部门,107
冲击,107
尝试,106
半导体,106
处于,106
对话,106
迅速,106
居民,106
死亡,106
澎湃,106
创造,105
医疗,105
具体,105
亚洲,105
军事,105
社媒,104
背景,104
因素,104
复杂,103
相信,103
大会,103
控制,103
显著,103
福州,102
数量,102
诈骗,102
维护,102
外界,101
经历,101
建议,101
原因,101
优化,101
架构,101
累计,101
男子,101
老杨,101
担任,100
故事,100
落地,100
重点,100
恢复,100
朱镕基,100
说明,99
标准,99
视为,99
数字,99
声明,99
产生,98
预测,98
上升,98
评估,97
程度,97
介绍,97
巨大,97
供应,97
发文,97
作出,96
保障,96
依赖,95
感到,95
裁员,95
更加,95
保护,95
判断,95
谈判,95
软件,95
人口,95
基本,95
担忧,94
效率,94
担心,94
两国,94
股份,94
运行,93
规划,93
独立,93
提到,93
谷歌,93
单位,93
成员,93
物理,93
大学,92
发表,92
先进,92
来源,92
尚未,92
石油,92
边境,92
完整,91
逐渐,91
有限,91
医生,91
趋势,91
和平,91
采购,91
明确,91
领导,90
才能,90
范围,90
机制,90
下跌,90
安华,90
促进,89
达成,89
日常,89
比较,89
民众,89
运动,89
沟通,89
逐步,89
深度,89
电影,89
转向,89
原本,88
父母,88
至今,88
联系,88
接近,88
启动,88
分享,88
攻击,88
相对,88
结构,88
扩张,88
老李,88
高度,87
广泛,86
责任,86
类似,86
观察,86
情绪,86
流程,86
局势,86
黄金,86
展示,86
华人,85
起来,85
得到,85
做出,85
部长,85
专业,85
利益,85
框架,85
版本,85
营收,85
股票,85
补充,85
文件,85
发射,85
旅游,85
网站,84
现实,84
旨在,84
改革,84
签署,84
电动车,84
华文,84
鼓励,83
意义,83
表明,83
微软,83
办公室,83
有效,83
案件,83
导弹,83
杨百顺,83
参加,82
只能,82
简单,82
通知,82
治理,82
重大,82
岗位,82
力量,81
条件,81
打造,81
成长,81
威胁,81
通常,81
聊天,81
并未,81
市值,81
采访,81
旅客,81
有限公司,81
贷款,80
互联网,80
制度,80
警告,80
马国,80
离开,79
确实,79
乘客,79
销量,79
提醒,79
能否,79
数码,79
咨询,79
探索,79
逻辑,79
设施,79
纽约,79
更好,78
飞机,78
已有,78
出席,78
家长,78
专家,78
协会,78
事故,78
负责人,77
人数,77
一般,77
层面,77
呼吁,77
构建,77
关税,77
丰富,77
华盛顿,77
支撑,76
加上,76
角色,76
寻求,76
身份,76
自主,76
费用,76
利润,76
地铁,76
泡泡,76
亚裔,76
强劲,75
航空,75
改善,75
加剧,75
试图,75
信心,75
识别,75
变成,75
持有,75
住房,75
会晤,75
江泽民,75
比赛,74
地点,74
满足,74
承担,74
避免,74
成果,74
下滑,74
交通,74
控股,74
资料,73
东南亚,73
期待,73
变得,73
新加坡人,73
平均,73
取代,73
初创,73
更是,72
事情,72
对方,72
争议,72
运作,71
苹果,71
低于,71
值得,71
解释,71
规定,71
议题,71
质疑,71
加快,71
伙伴,71
艺术,70
表达,70
或许,70
地位,70
受伤,70
商品,70
证实,70
必要,70
发行,70
一旦,70
华为,70
育儿,70
工程师,70
玛特,70
老马,70
观众,69
策略,69
时期,69
保留,69
编程,69
输入,69
阿里巴巴,69
当然,69
月份,69
比例,69
自由,69
合作伙伴,69
咖啡店,68
出来,68
努力,68
相比,68
突然,68
确认,68
财富,68
制造商,68
韧性,68
群体,68
进口,68
财年,68
增速,68
协作,68
深圳,68
新华社,68
南洋,67
简称,67
家人,67
海南,67
开发者,67
教授,67
掌握,67
外交,67
扩展,67
厂商,67
决策,66
本土,66
不到,66
组屋,66
画面,66
更多,66
正是,66
科学,66
拓展,66
提交,66
领先,66
跨境,66
涉嫌,66
学院,65
知识,65
领袖,65
年轻,65
更新,65
机场,65
细节,65
规则,65
支出,65
高达,65
中央,65
通报,65
人生,64
超越,64
状态,64
普遍,64
程序,64
布局,64
危机,64
设立,64
网民,64
全部,64
选举,64
全新,64
车辆,64
审查,64
推理,64
接触,63
公民,63
技能,63
证明,63
工厂,63
有助于,63
坚持,63
概念,63
增强,63
高于,63
供应商,63
电力,63
发出,63
游客,63
加州,63
卫星,63
举办,62
态度,62
距离,62
华族,62
驱动,62
思考,62
作品,62
陷入,62
强化,62
验证,62
教师,62
日益,62
做法,62
同意,62
首相,62
影响力,62
真的,62
放缓,62
补贴,62
大豆,62
始终,61
配合,61
土地,61
成熟,61
集中,61
愿意,61
总裁,61
作用,61
性能,61
电子,61
交付,61
有所,61
替代,61
营养,61
即将,61
司机,61
休达,61
具身,61
从事,60
东西,60
医院,60
自然,60
共有,60
立即,60
科学家,60
贡献,60
似乎,60
动力,60
连接,60
肯定,60
机器,60
难以,60
王毅,60
进展,60
制裁,60
调用,60
留下,59
母亲,59
喜欢,59
差距,59
寻找,59
询问,59
动作,59
整合,59
波动,59
确定,59
操作,59
飞行,59
硬件,58
记录,58
不要,58
统一,58
助手,58
创下,58
中文,58
符合,58
总部,58
有望,58
财务,58
面包,58
法院,58
信号,58
错误,58
门店,58
新柔,58
爆发,57
鸡蛋,57
意识,57
实验室,57
照片,57
儿童,57
发挥,57
强大,57
原则,57
免费,57
商家,57
顾客,57
路线,57
结合,57
引起,57
豆包,57
研究员,56
亚细安,56
不足,56
身体,56
成绩,56
照顾,56
制作,56
找到,56
禁止,56
货币,56
金额,56
位置,56
互动,56
转化,56
带动,56
国产,56
迭代,56
法新社,56
财报,56
冠军,56
后续,56
青少年,55
令人,55
围绕,55
航班,55
足够,55
承认,55
漏洞,55
制造业,55
对此,55
新增,55
紧张,55
现金,55
呈现,55
产能,55
关卡,55
关闭,55
文化馆,55
缺乏,54
体现,54
感受,54
构成,54
失去,54
增至,54
走向,54
质量,54
紧急,54
面向,54
股权,54
出售,54
输出,54
季度,54
迎来,54
首先,54
说法,54
包含,54
食品,54
比亚迪,54
建筑,54
精准,54
火箭,54
持股,54
聚焦,53
职务,53
彭博,53
年轻人,53
展现,53
环节,53
涵盖,53
专注,53
发动,53
地缘,53
财季,53
顺利,53
出生,53
解决方案,53
白宫,53
起步,53
杭州,53
股东,53
协调,53
研究所,53
巴士,53
公告,53
海军,52
儿子,52
广告,52
创业,52
允许,52
反对,52
议员,52
就业,52
消耗,52
债务,52
患者,52
中美,52
违反,52
看来,52
制定,51
人民,51
小学,51
现象,51
损失,51
检查,51
收到,51
陆续,51
信任,51
获取,51
外国,51
凸显,51
未能,51
竞争对手,51
谨慎,51
进步,51
药物,51
抵达,51
新高,51
激烈,51
执法,51
铁路,51
商业化,51
培训,51
培养,50
认识,50
劳动力,50
账号,50
感觉,50
治疗,50
创作,50
辅助,50
访华,50
立场,50
证券,50
门槛,50
拒绝,50
注册,50
低空,50
食物,50
官网,49
人力,49
年度,49
为主,49
受害者,49
批评,49
代理,49
实体,49
订单,49
零售,49
缓解,49
尊重,49
给予,48
主题,48
特定,48
学者,48
上线,48
内存,48
运输,48
涨幅,48
优先,48
暂停,48
仪式,48
总额,48
转移,48
彻底,48
适合,48
气候,48
战事,48
书记,48
覆盖,48
令吉,48
登记,48
消息人士,48
基因,48
新能源,48
市长,48
重视,47
节奏,47
习惯,47
来到,47
亮相,47
后者,47
去年同期,47
生产力,47
授权,47
纳入,47
媒体报道,47
同步,47
黄仁勋,47
目的,47
路径,47
清楚,47
收益,47
油价,47
酒店,47
纤维,47
粉丝,47
释放,47
行政,47
加大,47
净利润,47
太空,47
主持,46
致力于,46
世纪,46
年龄,46
遇到,46
回答,46
会面,46
防止,46
移动,46
预算,46
推广,46
轨道,46
子女,46
律师,46
争取,46
电商,46
输入法,46
创意,45
落实,45
创办人,45
经常,45
开启,45
受益,45
格局,45
定价,45
适应,45
到底,45
私人,45
言论,45
军方,45
业者,45
软银,45
德黑兰,45
字节,45
防空,45
有助,44
充满,44
终于,44
很大,44
延续,44
注意,44
英文,44
竞争力,44
基金会,44
强烈,44
做到,44
停止,44
底层,44
收费,44
负担,44
天然气,44
基地,44
雇主,44
理事会,44
脸书,44
飙升,44
演出,44
移民局,44
欢迎,44
边界,44
账户,44
交互,44
程序员,44
写道,43
庞大,43
相当,43
营业,43
常见,43
退休,43
面积,43
最低,43
产业链,43
网络安全,43
做好,43
流量,43
不确定性,43
销售额,43
机遇,43
车型,43
海峡,43
提前,43
农业,43
不当,43
无人,43
享有,43
空调,43
表演,42
展览,42
情感,42
困难,42
专门,42
天气,42
视觉,42
转变,42
合理,42
国会,42
管理层,42
实力,42
叙事,42
营销,42
重组,42
营业额,42
组合,42
回落,42
疾病,42
动物,42
打开,42
首都,42
倡议,42
外交部,42
新一轮,42
海域,42
记者会,42
占据,42
良好,42
共识,42
研究院,42
暗面,42
曾经,41
父亲,41
估计,41
称为,41
口味,41
方法,41
课程,41
电脑,41
回到,41
心理,41
热潮,41
前景,41
高管,41
交易所,41
时报,41
闭市,41
股市,41
售价,41
便利,41
主张,41
检测,41
取消,41
地球,41
管理局,41
事务,41
指导,41
母公司,41
地震,41
航母,41
吉隆坡,41
阿努廷,41
哈萨克斯坦,41
法官,41
素食,41
节目,40
高端,40
危险,40
很快,40
女子,40
特色,40
邀请,40
人工,40
明白,40
庆典,40
形容,40
助理,40
处理器,40
材料,40
融合,40
参数,40
请求,40
亚太,40
赛事,40
餐馆,40
板块,40
大脑,40
道路,40
充分,40
精神,40
召开,40
储备,40
维修,40
潜力,40
贝森特,40
算法,40
援助,40
解放军,40
王楠,40
语音输入,40
听到,39
读书,39
华语,39
角度,39
一带,39
独特,39
行程,39
遭到,39
人物,39
焦虑,39
未必,39
定义,39
出任,39
放在,39
促使,39
债券,39
截稿,39
高质量,39
印度尼西亚,39
维生素,39
英语,39
倾向,39
峰会,39
外长,39
防御,39
亏损,39
实际上,39
航天,39
文档,39
罗长礼,39
初步,38
留在,38
摊位,38
生意,38
一致,38
发布会,38
论坛,38
追求,38
探讨,38
智谱,38
指标,38
高速,38
毛利率,38
协同,38
延伸,38
时刻,38
权力,38
力度,38
返回,38
宪法,38
评论,38
作战,38
月球,38
受访者,38
宇树,38
战机,37
创办,37
宣传,37
拍摄,37
普及,37
物流,37
资政,37
法令,37
舆论,37
亚马逊,37
普通,37
付费,37
回复,37
回报,37
看看,37
上调,37
随即,37
密切,37
压缩,37
资格,37
失败,37
列车,37
长江,37
金正恩,37
雷军,37
深入,36
记忆,36
激增,36
农民,36
女儿,36
餐厅,36
坦言,36
群众,36
职业,36
定位,36
形式,36
美伊,36
严格,36
削弱,36
取决于,36
配套,36
顾问,36
产量,36
通道,36
蛋白质,36
可可,36
种植,36
通用,36
烟霾,36
纽约市,36
客服,36
博士,35
主管,35
感谢,35
卸任,35
董事长,35
公园,35
宗教,35
美食,35
味道,35
直到,35
丁积耀,35
卫生,35
熟悉,35
活跃,35
监测,35
总会,35
台北,35
理想,35
顶尖,35
革命,35
离职,35
营运,35
用来,35
组成,35
搭载,35
遭遇,35
融入,35
武器,35
最快,35
合法,35
敏感,35
纪念,35
一同,35
实时,35
相同,35
规范,35
新闻记者,35
小鹏,35
大约,35
安装,35
公积金,35
台海,35
梁文锋,35
聚变,35
老段,35
声音,34
反应,34
整理,34
加工,34
放弃,34
设定,34
正确,34
再度,34
说话,34
犯罪,34
形态,34
想象,34
手段,34
并称,34
想要,34
增幅,34
资深,34
较大,34
会员,34
纳斯达克,34
指控,34
经理,34
国债,34
壮龄,34
菜单,34
理念,34
正常,34
差异,34
军事行动,34
证据,34
伊斯兰,34
业界,34
通关,34
投票,34
遗体,34
优质,34
图片,34
农场,34
头部,34
改进,34
中国外交部,34
沃尔玛,34
台积,34
服务器,34
首款,34
赖清德,34
清单,34
公安机关,34
追踪,33
所需,33
资讯,33
蔬菜,33
可见,33
帮忙,33
消失,33
口感,33
纪录,33
须要,33
大厦,33
名字,33
享受,33
决赛,33
定制,33
数学,33
推迟,33
选项,33
答案,33
暂时,33
管制,33
意外,33
出行,33
迹象,33
博通,33
总监,33
翻译,33
国防,33
单纯,33
主权,33
一边,33
新山,33
清晰,33
搭配,33
含量,33
重申,33
会谈,33
小贩,33
法庭,33
不可,33
备忘录,33
积累,33
下同,33
量产,33
认同,33
考量,33
装备,33
管控,33
户头,33
节点,33
合规,33
龙虾,33
司法,33
矿业,33
吆喝,33
本质,32
最好,32
携手,32
集成,32
过度,32
使得,32
纷纷,32
合计,32
减轻,32
坐在,32
不必,32
看法,32
重要性,32
保证,32
创立,32
完善,32
财政部长,32
出发,32
打破,32
生存,32
建造,32
混合,32
经典,32
紧密,32
超市,32
金价,32
事发,32
等待,32
磋商,32
重庆,32
逮捕,32
权益,32
异常,32
标志,32
应当,32
荣耀,32
电话,32
可灵,32
共享,31
描述,31
生命,31
像是,31
不得,31
中学,31
声称,31
名为,31
考验,31
模拟,31
降至,31
相当于,31
尽快,31
显然,31
知名,31
借助,31
知识产权,31
平衡,31
意见,31
文字,31
给出,31
资助,31
超出,31
赛道,31
设置,31
源于,31
黄循,31
短缺,31
华尔街,31
期货,31
配置,31
船只,31
承受,31
赢得,31
排名,31
对象,31
提问,31
发起,31
文明,31
厄尔尼诺,31
农产品,31
港口,31
最多,31
接获,31
试点,31
原则上,31
迫使,31
高效,31
起诉,31
队伍,31
罚款,31
燕麦,31
厄瓜多尔,31
市场份额,31
移送,31
大厂,31
检讨,30
招聘,30
职位,30
陪伴,30
指示,30
同事,30
谈到,30
报名,30
状况,30
救援,30
搭建,30
作者,30
人手,30
创造力,30
可能性,30
绝对,30
电动,30
升温,30
财政,30
介于,30
解读,30
焦点,30
枢纽,30
合并,30
任期,30
稳健,30
收紧,30
即可,30
地址,30
食材,30
保健,30
疑似,30
零售商,30
规模化,30
对华,30
主体,30
委员,30
部队,30
远程,30
旧金山,30
特殊,29
交给,29
原定,29
公会,29
究竟,29
统计,29
美味,29
奖学金,29
认可,29
深刻,29
图形,29
较为,29
防范,29
旗舰,29
曼谷,29
对比,29
思维,29
重塑,29
美国政府,29
高层,29
库存,29
编辑,29
否认,29
原油,29
长者,29
预防,29
大国,29
住宅,29
量子,29
修复,29
国民,29
结构性,29
名单,29
族裔,29
损害,29
实践,29
联邦,29
办公,29
上市公司,29
应急,29
普京,29
订阅,29
总书记,29
语音,29
姚顺雨,29
团体,28
院长,28
文本,28
极大,28
见证,28
家族,28
女性,28
传播,28
会馆,28
风味,28
落后,28
引擎,28
发电,28
怀疑,28
医疗保健,28
乐观,28
推高,28
反馈,28
更具,28
开支,28
园区,28
渠道,28
看见,28
科技股,28
印象,28
骨折,28
福建,28
负面,28
合同,28
助力,28
施压,28
违规,28
得益于,28
利率,28
柔佛,28
食用,28
警察,28
得以,28
加盟,28
据悉,28
警员,28
癌症,28
广东,28
燃油,28
计算机,28
便宜,28
可靠,27
评价,27
到来,27
混乱,27
村民,27
不用,27
学会,27
阅读,27
看起来,27
食客,27
工人,27
阻止,27
大概,27
校园,27
效果,27
想法,27
演讲,27
对抗,27
依靠,27
浪潮,27
耳机,27
更为,27
视角,27
未经,27
动态,27
电池,27
循环,27
能源价格,27
净利,27
回归,27
认知,27
硅谷,27
优惠,27
星展,27
实质,27
美满,27
董事,27
收益率,27
培育,27
观点,27
妈妈,27
圣淘沙,27
回忆,27
传承,27
走进,27
读者,27
人群,27
中美关系,27
不得不,27
极端,27
津贴,27
科研,27
电单车,27
入境,27
双边,27
依托,27
违法,27
刺绣,27
洽谈,27
运用,27
嫌犯,27
普拉,27
博沃,27
领土,27
反弹,27
非洲,27
虚假,27
政权,27
会见,27
租赁,27
跳动,27
飞船,27
国人,26
收集,26
长远,26
不变,26
看似,26
步伐,26
关联,26
伦敦,26
恶化,26
竞选,26
最早,26
大众,26
吸引力,26
音乐,26
赋能,26
集群,26
经济体,26
伤害,26
率先,26
兼顾,26
衡量,26
燃料,26
重心,26
意愿,26
私募,26
押注,26
参观,26
饮料,26
概率,26
延长,26
时隔,26
巧克力,26
公路,26
关节,26
新鲜,26
含有,26
特征,26
象征,26
方言,26
前提,26
下调,26
置评,26
根本,26
涌入,26
处置,26
工作人员,26
普通人,26
表态,26
雅加达,26
拦截,26
总数,26
举措,26
灵活,26
评级,26
仿真,26
山东,26
运动会,26
列入,26
接入,26
机型,26
德士,26
京东,26
李飞飞,26
缓存,26
剃头,26
相互,25
永远,25
感知,25
有点,25
著名,25
回家,25
清洁,25
发酵,25
早餐,25
租金,25
生于,25
亲自,25
合适,25
热门,25
运动员,25
传递,25
繁荣,25
临床,25
排除,25
演员,25
世界杯,25
旅行,25
早已,25
事业,25
诉讼,25
法案,25
指引,25
英特尔,25
大通,25
电视台,25
展现出,25
关心,25
竞赛,25
指责,25
跌幅,25
农历,25
突出,25
两者,25
博物馆,25
改造,25
婴儿,25
心理健康,25
入口,25
沙拉,25
巴黎,25
航线,25
定期,25
走廊,25
理由,25
攀升,25
现代化,25
停火,25
破坏,25
女童,25
经贸,25
变革,25
智能手机,25
毕业,25
议会,25
空袭,25
军队,25
情报,25
吉瓦,25
团伙,25
发放,25
关怀,25
提议,25
盟友,25
李强,25
被判,25
高铁,25
升至,25
战略伙伴,25
信用卡,25
杠杆,25
官媒,25
武力,25
安谋,25
地产,25
权限,25
裁减,25
永平,25
东山,25
填补,24
兴趣,24
价值观,24
库克,24
美好,24
付出,24
仿佛,24
新马,24
开业,24
两地,24
庆祝,24
等于,24
不好,24
全世界,24
分配,24
正面,24
汇聚,24
碰撞,24
相应,24
采取行动,24
高出,24
试验,24
加深,24
走高,24
大增,24
摩根,24
机械,24
席位,24
跨国,24
讲话,24
表面,24
塑造,24
智库,24
击中,24
卫队,24
球员,24
永久,24
话题,24
比奥,24
指南,24
暴露,24
热量,24
膳食,24
丈夫,24
聚集,24
直至,24
双边关系,24
代价,24
重启,24
总经理,24
友好,24
强制,24
出于,24
热闹,24
原来,24
商户,24
建成,24
介入,24
州政府,24
上限,24
干预,24
供给,24
网友,24
协定,24
内蒙古,24
已将,24
链接,24
华埠,24
论文,24
搜狗,24
麦可瑞,24
手册,24
二妹,23
槟城,23
下令,23
开设,23
大自然,23
从中,23
付款,23
类型,23
支援,23
形象,23
坚定,23
导演,23
风波,23
休息,23
崛起,23
玩家,23
配备,23
不应,23
后果,23
场所,23
谈及,23
里程碑,23
权利,23
条款,23
智慧,23
无限,23
指令,23
拨款,23
方便,23
餐饮,23
绿色,23
走势,23
重返,23
巩固,23
充电,23
记得,23
商场,23
岛屿,23
带有,23
跃升,23
饮食,23
榜单,23
集体,23
富含,23
均衡,23
大道,23
事实,23
也许,23
联合国,23
政治局,23
作业,23
征收,23
车道,23
预警,23
可控,23
难度,23
秘书长,23
执照,23
监控,23
半岛,23
封锁,23
内阁,23
依法,23
邻国,23
缩小,23
申根,23
自豪,23
涉事,23
逝世,23
在职,23
国务院,23
采集,23
报警,23
存量,23
分歧,23
达利,23
恒大,23
帝国,23
学术,23
郑丽文,23
连斯基,23
钩织,23
战区,23
代理人,23
珠海,23
杨百业,23
扶持,22
乌节路,22
看着,22
同学,22
人人,22
华社,22
退出,22
许可,22
刺激,22
加密,22
警惕,22
广场,22
频繁,22
转换,22
病例,22
挂牌,22
随时,22
看好,22
效应,22
约束,22
教育部,22
国防部,22
统筹,22
文学,22
生物,22
数码化,22
提振,22
福利,22
娱乐,22
准确,22
缩短,22
节省,22
参与者,22
生效,22
多元化,22
热情,22
动能,22
东京,22
电动汽车,22
高位,22
托管,22
高温,22
职场,22
艺人,22
金管局,22
参赛,22
敦促,22
执法人员,22
小组,22
核实,22
副教授,22
武汉,22
消除,22
保险,22
吴泳铭,22
希盟,22
国防部长,22
执政,22
接连,22
居住,22
抗议,22
拿到,22
很好,22
税务,22
合伙人,22
浙江,22
获悉,22
厨房,22
办法,22
案例,22
辞退,22
买入,22
回扣,22
社区服务,22
稳定性,22
态势,22
缩减,22
存储芯片,22
成都,22
减持,22
适配,22
企鹅,22
纪录片,22
失业率,22
蒸馏,22
制程,22
纳米,22
巡检,22
镇上,22
石野,22
神庙,22
成员国,21
我会,21
空气,21
清理,21
森林,21
氛围,21
降温,21
冒充,21
金钱,21
影片,21
建国,21
团结,21
留言,21
电邮,21
搭乘,21
叠加,21
生产总值,21
引导,21
病疫情,21
适用,21
题为,21
总值,21
脆弱,21
业内人士,21
直言,21
扮演,21
简化,21
困境,21
抛售,21
现任,21
董事会,21
分散,21
信贷,21
红利,21
罕见,21
航行,21
球队,21
海洋,21
胆固醇,21
植物,21
脂肪,21
民族,21
镜头,21
主持人,21
曝光,21
流传,21
放宽,21
涨价,21
讲述,21
育有,21
推行,21
答复,21
诞生,21
出台,21
专项,21
放大,21
反复,21
被迫,21
级别,21
南中国海,21
基辅,21
火灾,21
条例,21
马德里,21
达成协议,21
罗德里,21
安心,21
疫苗,21
监禁,21
座位,21
指挥,21
搜索,21
网页,21
接口,21
对接,21
增量,21
自信,21
民防,21
摊主,21
标签,21
回收,21
希音,21
区间,21
命中,21
模态,21
泰康,21
胡锦涛,21
弹道导弹,21
撤销,21
海湾,21
李占奇,21
野猪,21
信仰,20
报导,20
例子,20
时光,20
教会,20
显得,20
中断,20
回来,20
福州人,20
偶尔,20
充足,20
立刻,20
规律,20
却是,20
历程,20
考试,20
查看,20
病人,20
坚决,20
观看,20
发送,20
品质,20
避开,20
进程,20
从未,20
认定,20
基准,20
总结,20
太阳能,20
失业,20
最为,20
靠近,20
短期内,20
回升,20
必然,20
惊人,20
申报,20
多达,20
亮眼,20
普尔,20
小幅,20
增添,20
累积,20
对应,20
矛盾,20
动荡,20
触及,20
不适,20
亲子,20
嘉年华,20
月饼,20
手工,20
仅仅,20
深层,20
蓝色,20
外籍,20
三星,20
马尼拉,20
摄取,20
照护,20
慢慢,20
舞台,20
摄影,20
用途,20
金融机构,20
公正,20
收取,20
时任,20
首尔,20
得知,20
已于,20
指定,20
活力,20
投资人,20
配售,20
开拓,20
监督,20
柔佛州,20
人体,20
爆炸,20
认证,20
规格,20
巴塞罗那,20
传出,20
遭受,20
心态,20
顶限,20
医学,20
德纳,20
详情,20
流通,20
薪酬,20
创建,20
现金流,20
闭环,20
成分,20
提示,20
胚胎,20
募股,20
分期,20
乘用车,20
护航,20
腕表,20
审核,20
个体,20
篇文章,20
宇航员,20
凉粉,20
正如,19
接任,19
带领,19
跨越,19
赋予,19
亲人,19
邻居,19
房屋,19
商店,19
日子,19
等到,19
弟弟,19
不敢,19
隔天,19
不够,19
讲座,19
风帆,19
明星,19
透过,19
致辞,19
降落,19
老师,19
电信,19
翻阅,19
推荐,19
可行,19
教学,19
人为,19
子公司,19
流失,19
列为,19
展望,19
审慎,19
参议员,19
航空航天,19
有意,19
引入,19
极为,19
云端,19
翻倍,19
奖励,19
私宅,19
固定,19
正值,19
新车,19
主办方,19
公平,19
顶级,19
刚刚,19
兴奋,19
灯笼,19
厨师,19
心血管,19
模糊,19
男性,19
马来,19
包容,19
妻子,19
不满,19
注入,19
举报,19
灾害,19
事项,19
最高法院,19
务实,19
办理,19
陆路,19
家属,19
赔偿,19
路段,19
水资源,19
秩序,19
文旅,19
广州,19
主修,19
上网,19
日报,19
筹集,19
过渡,19
暴力,19
例行,19
从来不,19
汇率,19
缓和,19
外交部长,19
曼市,19
受损,19
亿万富豪,19
受欢迎,19
净资产,19
摧毁,19
振声,19
控状,19
被控,19
歧视,19
李在明,19
互相,19
博主,19
中文系,19
响应,19
金融时报,19
牙齿,19
洗钱,19
购房,19
船舶,19
提取,19
利润率,19
贴息,19
溢价,19
劳动,19
宽体,19
长存,19
收受,19
分裂,19
飞轮,19
核武器,19
语料,19
知乎,19
个别,18
看待,18
成就,18
有着,18
教堂,18
所得,18
分为,18
售卖,18
恶意,18
买家,18
局面,18
示范,18
主打,18
高性能,18
耐心,18
进军,18
理工大学,18
老板,18
演进,18
欧元,18
锁定,18
图像,18
权重,18
疲弱,18
下载,18
预估,18
原有,18
民主,18
容量,18
审视,18
重复,18
课题,18
获准,18
剩余,18
失望,18
总量,18
油轮,18
比特,18
流向,18
网球,18
访客,18
风格,18
水道,18
温度,18
打算,18
添加,18
摄氏度,18
典型,18
水果,18
作家,18
任职,18
点击,18
回购,18
把握,18
博弈,18
审批,18
晚宴,18
上车,18
剧烈,18
本体,18
智驾,18
法治,18
缓慢,18
包装,18
到访,18
人家,18
加码,18
桥梁,18
矿产,18
研判,18
控制权,18
秘书,18
备受,18
全力,18
有利于,18
持续增长,18
越境,18
飞地,18
失控,18
裁决,18
期权,18
商界,18
世界纪录,18
转发,18
选民,18
比率,18
案发时,18
太平洋,18
准证,18
莫斯科,18
召回,18
滥用,18
招股书,18
跻身,18
演示,18
合伙,18
收盘,18
降价,18
车票,18
削减,18
载人,18
富豪,18
中纪委,18
赵显,18
战斗机,18
说起,18
网安,18
伯格,18
小费,18
格力电器,18
显卡,18
文成,18
娘家,18
铁匠铺,18
田丰,18
热爱,17
迈向,17
极具,17
种子,17
完美,17
理性,17
大人,17
妇女,17
艰难,17
玉米,17
适当,17
制成,17
不知,17
就要,17
不久,17
教练,17
骗子,17
影像,17
进度,17
幸福,17
虚拟,17
感情,17
共和党,17
毕竟,17
求助,17
飞往,17
续航,17
更快,17
短剧,17
贸工部,17
气候变化,17
原理,17
严峻,17
仍须,17
指向,17
匿名,17
求索,17
详细,17
蓝图,17
单日,17
障碍,17
时段,17
系统性,17
甲骨文,17
协商,17
火车,17
提及,17
开幕,17
华侨银行,17
经济师,17
旅程,17
复制,17
连锁,17
联手,17
负债,17
道琼斯,17
抵消,17
任命,17
散户,17
区分,17
货币政策,17
收缩,17
组装,17
一体,17
选手,17
不想,17
乌兹别克斯坦,17
下半场,17
秘密,17
停留,17
亮点,17
轻松,17
脚步,17
目的地,17
受邀,17
愿景,17
视野,17
势力,17
招牌,17
不该,17
感染,17
离不开,17
最强,17
凯德,17
姿态,17
借此,17
义工,17
一大,17
双重,17
婴幼儿,17
修改,17
美国联邦,17
柴油,17
补偿,17
离世,17
亲友,17
副总裁,17
养育,17
争夺,17
重构,17
有没有,17
毕业生,17
高阶,17
事物,17
台风,17
跟着,17
牵头,17
大选,17
军舰,17
备案,17
大使,17
峰值,17
强硬,17
届时,17
假设,17
新任,17
对手,17
补助,17
理论,17
细胞,17
新闻报道,17
解决问题,17
伪造,17
环球时报,17
走红,17
实验,17
身为,17
全职,17
工会,17
认购,17
双语,17
波斯湾,17
众议员,17
变动,17
公民权,17
迁移,17
短板,17
首富,17
分拆,17
外卖,17
枪手,17
内坦亚,17
泄露,17
蛋白,17
应用程序,17
互助会,17
浏览器,17
雷达,17
图源,17
研究室,16
购票,16
缺口,16
参考,16
灵感,16
极其,16
卓越,16
狮城,16
眼睛,16
占领,16
想起,16
步骤,16
家乡,16
轻易,16
欣赏,16
所有人,16
刻意,16
伊斯坦布尔,16
频道,16
出货,16
陈诗龙,16
难题,16
足以,16
平等,16
核查,16
刊登,16
掀起,16
命名,16
登上,16
最长,16
加速器,16
泰国政府,16
不仅仅,16
震荡,16
摩根士丹利,16
深耕,16
市场需求,16
商会,16
考察,16
势头,16
能量,16
服务商,16
惠普,16
卖出,16
升高,16
设有,16
较高,16
有利,16
集成电路,16
流入,16
公开赛,16
赛场,16
成人,16
屏幕,16
走出,16
承载,16
更换,16
适量,16
肠道,16
孤立,16
厦门,16
角度看,16
辅导,16
婚礼,16
地面,16
战场,16
否定,16
思想,16
阵营,16
全球化,16
无需,16
财政部,16
澳洲,16
罪名,16
理事,16
相较,16
遵守,16
失踪,16
关爱,16
货物,16
伙伴关系,16
核心技术,16
大疆,16
代表性,16
增持,16
安置,16
领英,16
上任,16
拖累,16
推翻,16
短暂,16
稀土,16
武装部队,16
车队,16
公寓,16
北非,16
入侵,16
合约,16
横跨,16
睡眠,16
廉价,16
粤语,16
储蓄,16
目标价,16
工艺,16
秉持,16
中国政府,16
江苏,16
福祉,16
链条,16
受阻,16
全程,16
批量,16
热议,16
财经,16
终端,16
华人社区,16
援引,16
走上,16
阿拉,16
高昂,16
长沙,16
中华人民共和国,16
服役,16
故障,16
全市,16
关切,16
聪明,16
姓氏,16
申能,16
结算,16
均价,16
紫金,16
高市,16
机芯,16
提案,16
国务卿,16
舰艇,16
意味,16
性价比,16
北约,16
外资,16
联合会,16
兰特,16
小熊猫,16
痛快,16
好处费,16
一次性,15
音频,15
长大,15
长辈,15
珍贵,15
回国,15
常常,15
喜爱,15
店铺,15
冲浪,15
已故,15
播放,15
申请者,15
气氛,15
空姐,15
扩散,15
手动,15
扰乱,15
支持者,15
民主党,15
生产线,15
主义,15
告知,15
症状,15
是从,15
创业者,15
伦理,15
体育,15
便捷,15
敲定,15
唐振辉,15
停滞,15
查询,15
瓶颈,15
守护,15
长达,15
忽略,15
主导地位,15
亿万富翁,15
全美,15
服务业,15
干扰,15
坚守,15
留意,15
可达,15
不安,15
地铁站,15
商业模式,15
运算,15
智能化,15
问及,15
派遣,15
胜利,15
交出,15
品种,15
金属,15
美丽,15
可用,15
接手,15
浪费,15
前者,15
选购,15
尽可能,15
出去,15
保存,15
走访,15
习俗,15
气温,15
登场,15
爱好者,15
漫长,15
民间,15
高水平,15
冷静,15
判处,15
患有,15
留给,15
马上,15
中东地区,15
诉求,15
客机,15
起初,15
友谊,15
垂直,15
飞行器,15
切断,15
微博,15
想到,15
修订,15
汇款,15
营造,15
淘汰,15
伴随,15
直升机,15
事宜,15
时许,15
名称,15
国阵,15
解散,15
罪行,15
受惠,15
桑切斯,15
复兴,15
签证,15
对冲,15
邻里,15
维度,15
持平,15
高点,15
政务,15
导航,15
海关,15
卡辛,15
筹码,15
预购,15
骗局,15
竞技,15
车主,15
跑步,15
马拉松,15
新加坡国立大学,15
通话,15
暗示,15
诺沃亚,15
平价,15
忽视,15
局长,15
来往,15
国际化,15
湖南,15
身分,15
内核,15
使命,15
开车,15
杨朔,15
出资,15
额度,15
占比,15
法律法规,15
营商,15
好处,15
南极,15
朝鲜半岛,15
军演,15
新建,15
新台币,15
反腐,15
武吉查,15
中东战争,15
说成,15
杨家庄,15
铁匠,15
打鼓,15
安克,15
木耳,15
致力,14
候选人,14
全体,14
精华,14
阳光,14
来临,14
热烈,14
粮食,14
渐渐,14
注重,14
鱼丸,14
配方,14
厕所,14
结婚,14
行情,14
浓度,14
族群,14
技巧,14
开销,14
出海,14
阻碍,14
放松,14
诈骗案,14
夺冠,14
呼吸,14
机上,14
单身,14
婚姻,14
播出,14
疯狂,14
工资,14
出事,14
短时间,14
开发商,14
生涯,14
内政部,14
轨迹,14
反思,14
颠覆,14
疑虑,14
暴涨,14
保守,14
神话,14
困扰,14
阶段性,14
电网,14
尴尬,14
亚太区,14
抵触,14
盲目,14
创作者,14
筹备,14
富有,14
退低,14
个人电脑,14
抑制,14
展厅,14
加息,14
国家统计局,14
内需,14
过于,14
原材料,14
下行,14
大跌,14
投产,14
航运,14
路透,14
女单,14
步行,14
自助,14
打卡,14
电视,14
注意力,14
从小,14
地中海,14
有序,14
街道,14
物资,14
皮肤,14
尽量,14
点名,14
偶像,14
到场,14
频频,14
好友,14
道德,14
无人驾驶,14
重建,14
美国财政部,14
悉尼,14
小麦,14
热浪,14
愿同,14
偿还,14
放贷,14
慈善,14
病毒,14
卫生部,14
演唱会,14
恰恰,14
命运,14
毫无,14
招募,14
好事,14
渗透率,14
划分,14
立法,14
行驶,14
表述,14
送货,14
出境,14
预见,14
搜救,14
纽约时报,14
约合,14
武装,14
受询,14
毒品,14
被捕,14
涉案,14
降幅,14
疏散,14
难民,14
走私,14
通讯社,14
托雷斯,14
公共服务,14
男女,14
地狱,14
期望,14
策划,14
募集,14
非营利,14
分成,14
交易日,14
细分,14
施工,14
相似,14
交由,14
译音,14
不算,14
删除,14
外媒,14
一期,14
三明治,14
年长者,14
同理,14
格齐,14
珊瑚礁,14
扫描,14
转售,14
三国,14
市价,14
反制,14
陈丽凤,14
并购,14
高风险,14
疫情,14
发售,14
中华民国,14
空客,14
航空公司,14
低价,14
尺寸,14
观测,14
早苗,14
中国足协,14
精确,14
最低工资,14
捷运,14
行政院,14
民进党,14
追觅,14
印太,14
页面,14
横幅,14
行人,14
切换,14
美团,14
问答,14
界面,14
施瓦布,14
计算能力,14
编码,14
押金,14
真机,14
相好,14
大熊猫,14
地平线,14
英文翻译,14
结核病,14
莴笋,14
莱纳,14
频率,13
幸运,13
荣幸,13
告别,13
拥抱,13
流动,13
穿梭,13
形势,13
姐姐,13
标题,13
陌生,13
算是,13
不停,13
忆述,13
咖啡豆,13
热度,13
花费,13
有趣,13
牺牲,13
还原,13
凝聚,13
校长,13
红色,13
处境,13
标准化,13
血管,13
举例,13
特质,13
认真,13
沉浸,13
直播,13
神经,13
版权,13
真人,13
风险投资,13
达曼,13
分子,13
接收,13
从业者,13
问责,13
专业知识,13
律政,13
开幕式,13
登陆,13
检验,13
泰铢,13
电费,13
性质,13
安徽,13
宏大,13
隐藏,13
邓小平,13
富裕,13
税收,13
设在,13
局限于,13
特点,13
法定,13
应付,13
找出,13
采纳,13
召集,13
涨势,13
震撼,13
成交量,13
俗称,13
电梯,13
演变,13
份额,13
收获,13
主角,13
客房,13
景点,13
身心,13
分布,13
改写,13
特制,13
体重,13
细菌,13
分离,13
番茄,13
营养师,13
吸收,13
矿物质,13
意思,13
追问,13
缺陷,13
契机,13
现身,13
友人,13
建交,13
从根本上,13
阻断,13
开盘,13
建于,13
现货,13
兴起,13
条约,13
放下,13
信托,13
失衡,13
高峰,13
延误,13
等候,13
失联,13
夫妇,13
接到,13
闸门,13
灾难,13
最小,13
中亚,13
尽早,13
改革开放,13
便是,13
发给,13
签约,13
草案,13
打通,13
法规,13
小马,13
智行,13
运维,13
底线,13
实行,13
体制,13
乔治,13
说完,13
新股,13
集资,13
路线图,13
灭火,13
偷渡,13
前线,13
侵犯,13
效益,13
无疑,13
北美,13
连任,13
烦恼,13
仇恨,13
信赖,13
床上,13
遗产,13
成年人,13
莫迪,13
试行,13
研制,13
酷航,13
坐牢,13
犯案,13
案情,13
条文,13
警察部队,13
苏联,13
跳高,13
强度,13
影视,13
种族,13
音乐会,13
兼任,13
标志性,13
客运,13
失火,13
动向,13
不了,13
沙特阿拉伯,13
穿透,13
新生儿,13
时间表,13
迄今,13
领导者,13
声誉,13
针对性,13
消费市场,13
动用,13
时机,13
人民日报,13
扩建,13
历史性,13
华尔街日报,13
企业级,13
验收,13
高盛,13
蛋价,13
消化,13
泛化,13
乘车,13
奢侈品,13
全国政协,13
保安,13
民用,13
职工,13
私召车,13
巴拿马,13
新闻网,13
窃取,13
闭源,13
金门,13
台独,13
金字塔,13
停机坪,13
枪击案,13
酒局,13
播客,13
评测,13
用餐,13
欧米,13
核动力,13
奥特曼,13
明骏,13
董明,13
化肥,13
加航,13
烙饼,13
急性子,13
郝珂,13
登录,12
愈发,12
数据库,12
激发,12
小时候,12
脚踏车,12
道理,12
排队,12
品尝,12
实在,12
二战,12
店里,12
牛油,12
独自,12
改为,12
偶然,12
选用,12
体会,12
身穿,12
也须,12
噪音,12
王影璐,12
天空,12
开心,12
无关,12
高空,12
果断,12
压低,12
小说,12
嘉宾,12
大力,12
个性化,12
导师,12
跟进,12
惠及,12
历来,12
追捧,12
初衷,12
论述,12
偏差,12
经济学,12
击败,12
运营商,12
货运,12
展望未来,12
精力,12
进化,12
大致,12
善用,12
年轻一代,12
剔除,12
活跃股,12
下文,12
剩下,12
持仓,12
幅度,12
券商,12
疲软,12
价格指数,12
平稳,12
布伦特,12
偏好,12
战火,12
崩溃,12
创纪录,12
上演,12
到达,12
兴建,12
出国,12
购物,12
度假村,12
小孩,12
休闲,12
前行,12
杏仁,12
景观,12
蛋糕,12
鸡肉,12
牛奶,12
独家,12
市中心,12
不妨,12
较低,12
生长,12
干燥,12
酱料,12
有益,12
好像,12
目光,12
跨界,12
房间,12
笑话,12
戏剧,12
众人,12
私下,12
太阳,12
歌手,12
衍生,12
不错,12
票价,12
总体,12
西藏,12
延后,12
康福德,12
实习,12
互信,12
五角大楼,12
军事基地,12
报复,12
借款人,12
高价,12
因涉嫌,12
住家,12
宏茂桥,12
商贸,12
转为,12
款项,12
高额,12
人次,12
城镇,12
出门,12
洪水,12
气象,12
烹饪,12
诞辰,12
陌生人,12
通讯,12
交往,12
分化,12
就读,12
吃饭,12
匹配,12
激活,12
上海市,12
洪雪莉,12
暴雨,12
加沙,12
起点,12
筹资,12
西南,12
昂莱,12
女佣,12
低迷,12
防务,12
回教,12
平民,12
口腔,12
物品,12
有力,12
跟踪,12
指挥官,12
发电厂,12
莫哈末,12
火势,12
捍卫,12
国际法,12
蔓延,12
土团,12
内政部长,12
游泳,12
护照,12
体育场,12
抓住,12
丰盛,12
灯光,12
彰显,12
卷入,12
养老,12
类别,12
股息,12
不利,12
快递,12
业态,12
调研,12
谅解,12
下判,12
电眼,12
抽签,12
林先生,12
邦塔,12
不小,12
包裹,12
车厢,12
长征,12
线下,12
餐点,12
保健品,12
诊断,12
信念,12
民行,12
近乎,12
能源供应,12
改装,12
起火,12
填海,12
奖项,12
清华大学,12
重估,12
抵制,12
李明江,12
女士,12
商船,12
转运,12
版图,12
热点,12
融资额,12
后台,12
梳理,12
发行价,12
仅次于,12
有待,12
民生,12
中共中央,12
记忆力,12
中华会馆,12
开枪,12
模范,12
东亚,12
自贸港,12
之日起,12
王兴兴,12
制表,12
欺诈,12
分红,12
标普,12
院士,12
送别,12
中央军委,12
据介绍,12
多罗夫,12
招待,12
发明,12
管辖,12
喊话,12
贵州,12
整治,12
军售,12
密码,12
分发,12
罗厘,12
成瘾,12
市场化,12
优步,12
社会主义,12
古埃及,12
郁廷栋,12
公关,12
赵晓哲,12
阿叔,12
脂肪酸,12
通义,12
碱基,12
模拟器,12
昂贵,12
葫芦娃,12
大车,12
老孔,12
老杜,12
酒席,12
做寿,12
工商,12
汉学,12
沙漠,12
住址,12
弥补,11
壮大,11
伟大,11
波及,11
出色,11
滨海,11
一幅,11
古老,11
纯粹,11
上学,11
舰队,11
利息,11
地段,11
面粉,11
企业家,11
从不,11
赚钱,11
浓郁,11
酒餐,11
据此,11
难得,11
风力,11
相近,11
夺得,11
奖金,11
克服,11
色彩,11
瞩目,11
耗时,11
得分,11
康复,11
转降,11
英超,11
高强度,11
三星电子,11
班机,11
如同,11
感兴趣,11
凝聚力,11
借鉴,11
专访,11
侵权,11
优秀,11
度过,11
预览,11
榜首,11
浮动,11
液化,11
场面,11
不足以,11
装置,11
西安,11
关乎,11
抨击,11
得克萨斯州,11
账单,11
交织,11
供电,11
海事,11
摩擦,11
兼具,11
高科技,11
引进,11
专属,11
为止,11
增长速度,11
和解,11
美国股市,11
股指,11
难免,11
基本面,11
美国市场,11
最低水平,11
交换,11
拉动,11
里程,11
侵蚀,11
解放,11
就此,11
前锋,11
精彩,11
源自,11
最先,11
咖啡馆,11
海滩,11
放慢,11
衔接,11
相处,11
古城,11
人会,11
显现,11
星星,11
稳固,11
艺术家,11
名义,11
撞击,11
酸奶,11
坚果,11
肌肉,11
脉络,11
欺负,11
护理,11
病患,11
筹款,11
心情,11
妹妹,11
素材,11
母语,11
冷战,11
历经,11
业主,11
纽顿,11
安士,11
不止,11
提供商,11
核电站,11
预先,11
上台,11
深厚,11
火化,11
中元,11
普渡,11
享年,11
拉丁美洲,11
复苏,11
预料,11
贸易额,11
科创,11
服装,11
转折,11
强迫,11
延宕,11
猜测,11
纠纷,11
缺少,11
突发,11
获批,11
常态,11
参与度,11
正好,11
热带,11
跳出,11
修正,11
展出,11
创板,11
运送,11
农田,11
感叹,11
摆脱,11
船员,11
监察,11
企图,11
省份,11
垃圾,11
电子产品,11
慰问,11
公认,11
就业机会,11
保持稳定,11
林火,11
雪州,11
梅利利,11
遣返,11
目睹,11
国际足联,11
队员,11
国王,11
陆地,11
一事,11
西甲,11
转会,11
巴塞,11
处罚,11
透明,11
深感,11
一时,11
车祸,11
可疑,11
生育,11
分工,11
循证,11
大家庭,11
遏制,11
肿瘤,11
预定,11
老虎,11
同比增加,11
交易量,11
分阶段,11
赶紧,11
职员,11
控方,11
加重,11
变更,11
履行,11
诱导,11
平息,11
黄先生,11
转账,11
蛋鸡,11
回顾,11
打包,11
物体,11
垄断,11
折叠,11
乘坐,11
送入,11
仓库,11
迪拜,11
强势,11
中华,11
接种,11
腰围,11
早报,11
姓名,11
白色,11
祭拜,11
某种程度,11
调控,11
专业人士,11
卡车,11
银行业,11
接替,11
语文,11
嵌入,11
真实世界,11
发挥作用,11
喝酒,11
自有,11
使用者,11
罪案,11
刷牙,11
操控,11
孝顺,11
可靠性,11
海力士,11
空军,11
按计划,11
市委书记,11
加征,11
增进,11
事务所,11
财产,11
关键在于,11
筛选,11
计算机科学,11
手续,11
引领,11
展台,11
洛杉矶,11
哀悼,11
川普,11
绝望,11
拉美,11
拆解,11
生猪,11
备货,11
股本,11
湖北,11
代工,11
新品,11
不成,11
工业化,11
检票,11
平壤,11
顺畅,11
奉行,11
改用,11
地带,11
通车,11
促请,11
关键技术,11
空域,11
隔离,11
黑客,11
亚太经合组织,11
首脑,11
野生动物,11
史论,11
禁令,11
身家,11
红杉,11
两件事,11
经济体制,11
测评,11
澎程,11
区别,11
标注,11
纪念大会,11
故居,11
暗杀,11
中俄,11
增雨,11
被动,11
料理,11
美国公司,11
潘优芬,11
何小鹏,11
惯性,11
改版,11
陈福阳,11
预览版,11
温纳,11
晶体管,11
牛文海,11
海庭,11
极地,11
悟空,11
尼罗河,11
观赏,10
宇宙,10
魅力,10
走过,10
约翰,10
独有,10
双向,10
契合,10
灵魂,10
温暖,10
阿棠,10
士兵,10
一家人,10
马来亚,10
福建省,10
认得,10
安静,10
护士,10
礼堂,10
好好,10
传奇,10
日趋,10
提起,10
稍微,10
重量,10
分量,10
严肃,10
吸食,10
出版,10
终身,10
先生,10
杜华强,10
前进,10
带给,10
演习,10
网购,10
数额,10
步入,10
结果显示,10
开通,10
广播,10
称赞,10
杨小芳,10
观念,10
有别于,10
无须,10
念头,10
哈里斯,10
足球,10
让步,10
呕吐,10
轻微,10
陈民亮,10
摄像头,10
穿越,10
竟然,10
构思,10
着手,10
激励,10
途径,10
淡马锡,10
盖茨,10
博客,10
攻入,10
危害,10
稀缺,10
壁垒,10
确定性,10
界定,10
全场,10
上班,10
澄清,10
隐身,10
恰好,10
呼应,10
执行长,10
龙头,10
共计,10
买单,10
远远,10
南华早报,10
学术界,10
鹰派,10
不宜,10
恐惧,10
宝贵,10
样本,10
守住,10
海鲜,10
型号,10
利好,10
宏观经济,10
季节性,10
基石,10
兑现,10
丰田,10
动力车,10
推向,10
优于,10
遵循,10
大满贯,10
拿下,10
国家队,10
拍照,10
搬迁,10
升空,10
享用,10
车程,10
环球,10
迎接,10
慢下来,10
沉淀,10
香气,10
骑士,10
新加坡籍,10
乐见,10
推介,10
豆奶,10
特地,10
部位,10
局部,10
陈映蓁,10
洋葱,10
听见,10
局限,10
面貌,10
互补,10
震惊,10
赛车,10
道歉,10
交谈,10
姿势,10
配送,10
泥石流,10
延迟,10
计入,10
宏观,10
促成,10
中央区,10
恶劣,10
列出,10
吉尔吉斯斯坦,10
上空,10
扣除,10
借贷,10
中新社,10
见到,10
短信,10
贸易顺差,10
起飞,10
琳达,10
说道,10
伤者,10
大使馆,10
估算,10
门户,10
倾斜,10
重力,10
原型,10
反过来,10
简历,10
票房,10
驾驶员,10
代替,10
萝卜,10
回避,10
个案,10
送往,10
接壤,10
新德里,10
基层,10
据点,10
现状,10
皇家,10
星洲,10
哈里,10
人权,10
谴责,10
天文,10
建筑物,10
印尼政府,10
加里曼丹,10
凯利,10
揭露,10
同伙,10
首府,10
焚烧,10
厉害,10
布城,10
印尼盾,10
流动性,10
扑灭,10
自治区,10
绕过,10
压制,10
蒂诺,10
不开,10
施加,10
低估,10
误导,10
致电,10
登顶,10
钞票,10
归属感,10
杯子,10
回馈,10
迈进,10
天花板,10
奥巴马,10
宠物,10
亲家庭,10
托儿,10
终点,10
小企业,10
名额,10
位居,10
疗法,10
暴跌,10
总计,10
业务收入,10
基建,10
抓取,10
社服,10
理工学院,10
历时,10
养殖,10
模块,10
公共事务,10
快速增长,10
案发,10
占用,10
上传,10
没收,10
隐形,10
全民,10
南北,10
大巴,10
移除,10
报案,10
饲养,10
力箭,10
广大,10
同台,10
林剑,10
杂志,10
普惠,10
高校,10
鸿沟,10
引来,10
搬运,10
二氧化碳,10
副局长,10
重叠,10
极度,10
客流,10
本地人,10
尊严,10
有权,10
行动党,10
上行,10
养生,10
迁至,10
年化,10
受益者,10
住客,10
火患,10
妥善,10
月入,10
申购,10
饮用,10
牙龈,10
淘宝,10
外人,10
威慑,10
旅游业,10
行使,10
特使,10
瞄准,10
孟凡利,10
发言,10
景区,10
消防,10
时则,10
教训,10
钱包,10
权威,10
分类,10
佣金,10
研讨会,10
温和,10
理财,10
预算案,10
结论,10
致敬,10
苏诺玛,10
阿兹海,10
退化,10
老化,10
老人,10
劳工,10
负面影响,10
国民党,10
临空,10
商用,10
复合,10
断电,10
平板,10
拉面,10
交割,10
金玉,10
增程,10
预售,10
国铁,10
不合理,10
公共交通,10
车门,10
乌兰察布,10
体量,10
重庆市,10
武统,10
外交政策,10
纠正,10
笔者,10
宝玑,10
灰色,10
交通部,10
东南,10
空军基地,10
丁林葳,10
红线,10
唐师曾,10
沈萌,10
驱逐舰,10
切实,10
护栏,10
基本上,10
达斯,10
金饰,10
中韩关系,10
韩中,10
往返,10
漫步,10
穆杰,10
塔巴,10
拘留,10
一再,10
渲染,10
商务部,10
哈普,10
访谈,10
同一天,10
落马,10
滨江区,10
包机,10
防护,10
海水,10
黄豆,10
稀释,10
西拉,10
赫尔,10
脚本,10
核聚变,10
调价,10
消金,10
本益比,10
分词,10
斯琴格勒,10
裴家庄,10
裴他姐,10
牲口,10
掌柜,10
马家庄,10
摊子,10
学位,10
烟台山,10
外婆,10
史密斯,10
尚穆根,10
藏语,10
因应,9
怀念,9
平静,9
痕迹,9
写下,9
推测,9
接棒,9
杰出,9
穿过,9
济南,9
模样,9
乡村,9
珠弟,9
香烛,9
村庄,9
击落,9
衣服,9
女孩,9
小朋友,9
孩童,9
宁静,9
家具,9
忘记,9
光顾,9
米浆,9
下厨,9
收市,9
二楼,9
商人,9
闻名,9
王兆炳,9
严厉,9
头顶,9
明说,9
水分,9
次数,9
咖椰,9
密集,9
见面,9
乐趣,9
水面,9
手法,9
走到,9
约瑟,9
追逐,9
比起,9
魔方,9
扎根,9
和谐,9
比拼,9
心脏,9
孕育,9
树木,9
内耗,9
贩卖,9
逼近,9
陪同,9
外观,9
有效率,9
侦测,9
组件,9
剧本,9
原创,9
脸部,9
渗透,9
作出贡献,9
回流,9
弹性,9
荣誉,9
公共卫生,9
封闭,9
豁免,9
充裕,9
保时捷,9
神秘,9
换取,9
上映,9
持续性,9
辩论,9
低收入,9
比重,9
工作室,9
术语,9
州长,9
免受,9
叫停,9
愤怒,9
投向,9
阻力,9
高附加值,9
会长,9
餐饮业,9
设法,9
诚信,9
时尚,9
到期,9
美光,9
退款,9
报价,9
走低,9
下挫,9
利差,9
财务状况,9
徐天辰,9
基数,9
单月,9
两位数,9
发达,9
同类,9
科维奇,9
梦想,9
终结,9
杰西卡,9
名将,9
辛辛那提,9
不幸,9
缺席,9
沦为,9
进球,9
破门,9
逆转,9
锦标赛,9
职业生涯,9
打出,9
展区,9
甜点,9
角落,9
向来,9
停下,9
忙碌,9
繁忙,9
停下来,9
风景,9
悬挂,9
流行,9
饼干,9
量化,9
店面,9
元素,9
越多,9
强力,9
物质,9
花生,9
油脂,9
查找,9
边缘,9
书写,9
抬头,9
破解,9
索尼,9
另一边,9
舞蹈,9
感动,9
睡觉,9
致歉,9
深陷,9
阿富汗,9
无视,9
地理,9
延期,9
审计,9
期限,9
线路,9
全长,9
铂金,9
临近,9
处在,9
乳制品,9
颜金勇,9
国事访问,9
哈尔,9
相继,9
后勤,9
工业区,9
大楼,9
单元,9
袁瑾,9
潜能,9
公立,9
投资额,9
休假,9
财长,9
事态,9
大士,9
布莱德,9
毁灭性,9
山洪,9
到位,9
忧虑,9
创始,9
河南,9
亚太地区,9
阿嬷,9
情书,9
忠诚,9
内化,9
当作,9
上班族,9
试镜,9
剧组,9
爆红,9
阵容,9
分会,9
审议,9
全国人大常委会,9
专用,9
产假,9
讲究,9
滞留,9
全栈,9
早就,9
家园,9
化名,9
林肯,9
虐待,9
新低,9
予以,9
上周末,9
视察,9
信函,9
居家,9
录得,9
当选,9
空气质量,9
联邦政府,9
素质,9
大门,9
解除,9
撤离,9
烧毁,9
西班牙政府,9
瓦斯,9
住所,9
致函,9
转会费,9
事先,9
志愿者,9
判决,9
传达,9
实质性,9
颁发,9
客观,9
把手,9
广阔,9
轻轻,9
公益,9
税款,9
发烧,9
揭示,9
极限,9
老龄化,9
黑色素瘤,9
低点,9
音视频,9
倡导,9
增值,9
产业化,9
课堂,9
精简,9
途经,9
受害,9
剥夺,9
雇员,9
萎缩,9
救护车,9
反驳,9
检察长,9
加利福尼亚州,9
上周五,9
切勿,9
耗资,9
市场经济,9
演练,9
固体,9
尔特,9
互利,9
传感器,9
担当,9
刷新,9
运转,9
呵叻,9
停车,9
汽车产业,9
美的,9
开局,9
猪肉,9
莱佛士,9
讲解,9
市面上,9
破裂,9
缺失,9
干旱,9
金秀贤,9
购物中心,9
下车,9
当成,9
祭祀,9
意法,9
陈筠,9
大桥,9
缓冲,9
窃案,9
带入,9
蛀牙,9
口腔卫生,9
天工,9
韩沛颖,9
奠定,9
薪资,9
赫格,9
塞斯,9
大西洋,9
具名,9
住户,9
松露,9
归因于,9
卫国,9
全资,9
正当,9
极少,9
复杂性,9
同店,9
交易额,9
走弱,9
公开市场,9
刊发,9
市民,9
默症,9
参展,9
医学院,9
起源,9
投保,9
振兴,9
陈显昀,9
骚扰,9
柯氏,9
游民,9
恐慌,9
机队,9
投运,9
船闸,9
电机,9
产线,9
范式,9
注册资本,9
主力,9
稳步,9
常规,9
上将,9
意在,9
造车,9
轿车,9
物种,9
破产,9
窗口期,9
平头,9
王希季,9
机关,9
吉利,9
奢侈,9
谋取,9
克制,9
评论员,9
租用,9
恐怕,9
攻势,9
支持率,9
戏曲,9
汉语,9
表盘,9
畅通,9
规避,9
替代品,9
联合报,9
斯坦福,9
共情,9
嫦娥,9
兵力,9
潜艇,9
据称,9
主管部门,9
银行卡,9
市政府,9
合法权益,9
百度,9
清真寺,9
信息技术,9
中华民族,9
群组,9
枪支,9
招商,9
海峰,9
城区,9
编列,9
证券时报,9
邮件,9
触发,9
百年诞辰,9
县城,9
容忍,9
就算,9
车资,9
检疫,9
尖端,9
瘫痪,9
知情者,9
椰奶,9
用量,9
辩护,9
罗伟,9
变电站,9
渲染器,9
定律,9
星巴克,9
价格战,9
混元,9
动物园,9
波罗的海,9
寒武纪,9
糖尿病,9
词典,9
猎户座,9
哈立德,9
老曾,9
时辰,9
祝寿,9
胖子,9
窟窿,9
环球网,9
宁德,9
脑机,9
充电站,9
大比拼,9
西贝,9
胸片,9
布鲁姆,9
油菜,9
空天,9
导览,8
汇集,8
犹如,8
信件,8
坚信,8
赤道,8
踏上,8
星空,8
番薯,8
日军,8
回头,8
监视,8
实兆,8
当地人,8
逃避,8
轰炸,8
不远,8
大华,8
停靠,8
大儿子,8
二人,8
霹雳,8
记住,8
接生,8
起家,8
遗憾,8
面线,8
看过,8
荒谬,8
滋味,8
难忘,8
学业,8
市区,8
蒸发,8
乐龄,8
器材,8
这两项,8
爱好,8
学员,8
师生,8
制服,8
口号,8
呈现出,8
机组人员,8
机长,8
肺部,8
怀孕,8
大胆,8
妥协,8
经验丰富,8
束缚,8
不让,8
诚实,8
谢谢,8
发帖,8
强国,8
棘手,8
私有化,8
一代人,8
判断力,8
品格,8
张志贤,8
政坛,8
博士学位,8
首要任务,8
法律责任,8
仔细,8
代号,8
带宽,8
中国网民,8
干脆,8
持久,8
急剧,8
时长,8
预告,8
设计师,8
符号,8
跨文化,8
引用,8
用水,8
论调,8
置于,8
供水,8
不断扩大,8
基因组学,8
看清,8
花钱,8
法则,8
下单,8
温馨,8
席卷,8
金融业,8
桌面,8
盈利率,8
领头羊,8
变数,8
沃什,8
防御性,8
可观,8
信用,8
大举,8
经济学家,8
承压,8
减弱,8
趋于,8
高油价,8
挤压,8
车身,8
保持警惕,8
购买力,8
糟糕,8
化解,8
效力,8
快乐,8
花园,8
收拾,8
连结,8
著称,8
疗愈,8
舒缓,8
限于,8
图景,8
密度,8
鱼汤,8
高原,8
金色,8
转入,8
雄心,8
肠胃,8
贴近,8
装修,8
重开,8
匮乏,8
糕点,8
黑色,8
出炉,8
沙爹,8
自制,8
核桃,8
爬楼梯,8
中风,8
伤势,8
香草,8
黄瓜,8
抗氧化,8
胶原蛋白,8
林弘谕,8
摄入,8
惊喜,8
冒险,8
相反,8
更深,8
追星,8
仅约,8
手持,8
相隔,8
行列,8
改成,8
时会,8
印度洋,8
洪灾,8
新交所,8
年报,8
上诉,8
裁定,8
货币贬值,8
贵金属,8
前沿技术,8
高官,8
死神,8
人员伤亡,8
本金,8
原先,8
归还,8
全额,8
韩联社,8
哥哥,8
讣告,8
情节,8
歌台,8
亲属,8
落入,8
一向,8
行长,8
正试图,8
移交,8
人因,8
拥堵,8
重伤,8
顾虑,8
出院,8
专机,8
送回,8
骤降,8
遇难者,8
海拔,8
世界贸易组织,8
确立,8
领导力,8
苏州,8
全过程,8
孵化,8
低谷,8
整车,8
生命周期,8
售后,8
女生,8
迪士尼,8
入住率,8
对待,8
塔亚,8
哈佛,8
大师,8
哈佛大学,8
渴望,8
港股,8
来得,8
汇编,8
余震,8
逃离,8
留下来,8
人力资源,8
执勤,8
景象,8
马六甲,8
巫统,8
发展部,8
听证会,8
用作,8
扣留,8
三府,8
邮报,8
分局,8
中国籍,8
小学生,8
投诉,8
汇报,8
陆军,8
蓄意,8
德斯特,8
提名,8
职责,8
消防员,8
彭亨州,8
政党,8
围栏,8
必要措施,8
重现,8
争论,8
情形,8
视频会议,8
误解,8
加西亚,8
征程,8
签订,8
单方面,8
日全食,8
美加墨,8
追究,8
加泰罗尼亚,8
人心,8
劣势,8
清除,8
感恩,8
年龄层,8
踊跃,8
马林,8
山区,8
白鹿,8
属性,8
突变,8
净亏损,8
干活,8
投入使用,8
踏入,8
阿斯塔纳,8
卡耶夫,8
阿拉木图,8
兼职,8
右手,8
再也,8
悼念,8
拨打,8
赌场,8
音译,8
岂料,8
求职,8
购屋,8
保护措施,8
光州,8
李光耀,8
电子商务,8
原地,8
全球性,8
精细,8
东北,8
失利,8
经销商,8
毛利,8
出租,8
吐司,8
格外,8
人气,8
米饭,8
马路,8
过量,8
可信,8
绝不,8
永不,8
啤酒,8
长文,8
根源,8
在意,8
巡视,8
空缺,8
黄宝玲,8
演唱,8
故意,8
调节,8
深受,8
合格,8
议程,8
陈彬,8
突击,8
立案,8
一致性,8
浙江省,8
西北,8
经纪,8
消防车,8
工作者,8
卤面,8
发贴,8
评选,8
调高,8
文说,8
勇气,8
想象力,8
奶昔,8
纠结,8
位列,8
牙菌斑,8
放置,8
带回,8
意图,8
筛查,8
平均水平,8
开战,8
重回,8
斡旋,8
广东省,8
税率,8
勒南,8
韩正,8
回暖,8
脖子,8
了近,8
冰箱,8
生活费,8
进驻,8
尤为,8
工作岗位,8
决心,8
总收入,8
贡献者,8
莎士比亚,8
丁俊辉,8
市议员,8
外贸,8
示威,8
摘要,8
排序,8
总金额,8
中华文化,8
总局,8
载体,8
扩容,8
广西,8
前置,8
随机,8
模组,8
基座,8
财险,8
出栏,8
技术人员,8
大额,8
追加,8
洛阳,8
钼业,8
刚果,8
导向,8
鸿蒙,8
事业部,8
西南地区,8
激进,8
美洲,8
精密,8
就座,8
年收入,8
本季度,8
变现,8
四川,8
信息化,8
北斗,8
美国有线电视新闻网,8
抵御,8
宣称,8
警示,8
补助金,8
成功率,8
日语,8
航道,8
爱国者,8
法务,8
卡利,8
误判,8
大白菜,8
白菜,8
中央政府,8
开会,8
军力,8
项飙,8
家事,8
产品线,8
共同体,8
扭曲,8
侵略,8
证券交易,8
过航,8
原始,8
首饰,8
尼克,8
爆款,8
敌对,8
韩美,8
预订,8
机票,8
车款,8
过滤,8
兼容,8
原子弹,8
塔斯马尼亚州,8
脑袋,8
笼子,8
潜规则,8
首付款,8
电吸门,8
舆情,8
检索,8
全国人大,8
将领,8
座谈会,8
北京人民大会堂,8
黄河,8
司令员,8
雇佣,8
受害人,8
管装,8
白领,8
最新进展,8
战备,8
自主性,8
鲍威尔,8
原生,8
首选,8
任天堂,8
煤矿,8
山西,8
长度,8
真武,8
习特会,8
规整,8
句末,8
助词,8
哲家,8
消耗量,8
长银,8
增资,8
兖矿,8
储能,8
上海动物园,8
李某,8
苏健,8
停战,8
承销,8
英寸,8
自由度,8
李志建,8
郭达雅,8
随行,8
王家庄,8
毛驴,8
外甥,8
巩家庄,8
集上,8
苏昊,8
研学,8
秦岭,8
张某,8
王某,8
翔安,8
火力,8
余澎杉,8
中油,8
塑胶袋,8
诗歌,8
崇明,8
大英百科全书,8
通行证,7
处长,7
适时,7
写给,7
深知,7
看不见,7
土壤,7
倾听,7
源头,7
清甜,7
殖民地,7
福州市,7
没了,7
辛苦,7
牧师,7
华侨,7
生计,7
诊所,7
客人,7
样子,7
只好,7
泡沫,7
干净,7
热水,7
武吉知,7
勤奋,7
烈日,7
头手,7
烘焙,7
学到,7
改良,7
开创,7
更早,7
体力,7
帆板,7
孙子,7
明显增加,7
初选,7
动手,7
国旗,7
身影,7
乐团,7
意大利文,7
练习,7
现实主义,7
饰演,7
沮丧,7
总能,7
机舱,7
雷蛇,7
简直,7
推动力,7
部长级,7
天使,7
人性,7
启发,7
交叉,7
不受,7
军人,7
未曾,7
科技产业,7
共创,7
风险管理,7
专利,7
专才,7
沉重,7
拟议,7
上扬,7
浓厚,7
美学,7
色调,7
剧情,7
展品,7
撰文,7
译者,7
素养,7
政府部门,7
意象,7
滋养,7
概括,7
共和党人,7
跟随,7
参议院,7
创新能力,7
金融中心,7
勾勒,7
解雇,7
做人,7
网红,7
审美,7
权衡,7
拐点,7
观望,7
未有,7
卧房,7
购入,7
金融市场,7
债券市场,7
挑选,7
较弱,7
钢铁,7
痛苦,7
新旧,7
北京大学,7
新兴产业,7
主场,7
美网,7
传来,7
联赛,7
僵局,7
出场,7
中场,7
科普,7
并列,7
鞋子,7
邻近,7
波音,7
健身房,7
码头,7
入住,7
莫过于,7
亲近,7
拉尼,7
聆听,7
质朴,7
愿望,7
启用,7
坐落,7
城墙,7
海面,7
缓缓,7
奇迹,7
意志,7
河水,7
小镇,7
光影,7
新丰,7
咖喱,7
芳香,7
留存,7
难点,7
原料,7
面包店,7
奶油,7
熟食,7
吸烟,7
血糖,7
益处,7
外出,7
心脏病,7
跌倒,7
肢体,7
芒果,7
日式,7
马铃薯,7
清爽,7
加热,7
亲民,7
清新,7
碳水化合物,7
炎热,7
李亦筠,7
不饱和,7
写作,7
追溯,7
风向,7
情境,7
另类,7
林楷霖,7
解锁,7
鸟类,7
树叶,7
夫妻,7
地将,7
夫妻俩,7
回去,7
下楼,7
重头戏,7
口罩,7
落幕,7
放映,7
更远,7
舒适,7
走路,7
打压,7
遥远,7
生产能力,7
售出,7
科技领域,7
符合条件,7
践行,7
出访,7
俄方,7
输电,7
司令部,7
韩鹤子,7
检方,7
赞助,7
每逢,7
兄弟,7
反问,7
善款,7
午餐,7
爆料,7
安检,7
插队,7
座椅,7
莎拉,7
梅拉,7
会否,7
代为,7
新加坡政府,7
成效,7
滚动,7
杨莉明,7
分级,7
推断,7
新乌,7
贸易协定,7
主席国,7
轮值,7
散落,7
航空器,7
起降,7
观光,7
队友,7
路演,7
面试,7
诠释,7
调度,7
乐园,7
真相,7
郑木生,7
李思潼,7
限量,7
归属,7
极致,7
口径,7
避险,7
做为,7
商企,7
颜色,7
生动,7
下班,7
致命,7
激起,7
阐明,7
美术馆,7
消费税,7
贫穷,7
初心,7
收报,7
担保,7
瑞穗,7
兵役,7
就任,7
官兵,7
出路,7
纵火,7
描绘,7
残酷,7
特奥,7
多罗,7
扣押,7
发生爆炸,7
煤炭,7
贪腐,7
不明,7
停车场,7
大火,7
领取,7
地图,7
外流,7
管理系统,7
减至,7
反对党,7
善意,7
增派,7
丧生,7
完整性,7
队长,7
商讨,7
对立,7
右翼,7
分担,7
检察官,7
豪门,7
阿克,7
平安,7
离岸,7
防守,7
欲望,7
不起,7
害怕,7
选区,7
外国人,7
争执,7
应有,7
维权,7
安全性,7
长寿,7
临床试验,7
欠佳,7
成绩单,7
派发,7
远东,7
遇难,7
容纳,7
朋友圈,7
放心,7
军团,7
运往,7
运力,7
客家,7
轮流,7
一并,7
手指,7
刑罚,7
法典,7
起到,7
动机,7
杀人,7
谎称,7
隐瞒,7
小额,7
自称,7
定罪,7
精度,7
独占,7
药品,7
海量,7
霸权,7
发射场,7
上看,7
单价,7
饱和,7
天才,7
现役,7
依斯干,7
中餐馆,7
柚子,7
订购,7
馅料,7
早起,7
长约,7
甘榜,7
获益,7
贫血,7
鱼油,7
潮流,7
半程,7
始于,7
生气,7
严苛,7
遇事,7
着重,7
新闻稿,7
榜鹅,7
称呼,7
祝贺,7
场合,7
随意,7
珍视,7
冒犯,7
斗争,7
失效,7
黄金价格,7
月间,7
控股权,7
逐一,7
飙车,7
掌声,7
义顺,7
珊瑚,7
获奖,7
报业,7
修读,7
加紧,7
减缓,7
浓烟,7
带到,7
附加,7
灵活性,7
准确度,7
厘清,7
治愈,7
关注点,7
看不懂,7
口角,7
刀子,7
审理,7
裁判,7
陈凤玲,7
刘浩,7
传言,7
适逢,7
美军基地,7
构想,7
会计准则,7
樟宜,7
辐射,7
燃烧,7
范畴,7
脱离,7
进出口,7
接待,7
竞速,7
净值,7
日益加剧,7
新闻部,7
会计,7
迈入,7
相连,7
帝马,7
经商,7
青睐,7
聘用,7
提高效率,7
组建,7
超微,7
庄园,7
内心,7
知足,7
浮现,7
经济运行,7
原油价格,7
看跌,7
立体,7
开球,7
纽带,7
市府,7
偏低,7
捐赠,7
普通话,7
亲戚,7
政客,7
退伍军人,7
李荣恩,7
专长,7
格斯,7
演变成,7
纵向,7
申请人,7
岛链,7
掮客,7
毒枭,7
买卖,7
命令,7
文化交流,7
语言障碍,7
发动机,7
节约,7
过闸费,7
市场监管,7
平陆,7
运河,7
涌现,7
学历,7
国有企业,7
监管局,7
转让,7
归母,7
硬盘,7
已成,7
受理,7
单独,7
撤换,7
货机,7
净额,7
驱动力,7
新款,7
晋级,7
研究生,7
标配,7
惯例,7
官司,7
结构化,7
产出,7
中国航天,7
温家宝,7
遭袭,7
迪奥,7
着陆,7
宁夏,7
过剩,7
江敦涛,7
顺序,7
民调,7
分数,7
志愿军,7
志愿,7
埃尔,7
光明,7
动画,7
德光岛,7
信约,7
敌人,7
代表团,7
日本首相,7
腐败,7
线索,7
阮玮玲,7
石倚洁,7
声乐,7
横向,7
误差,7
许可证,7
精英,7
伤亡,7
现已,7
达信,7
翻修,7
大战,7
必需,7
超长,7
封装,7
满意,7
议长,7
巴夫,7
李斌,7
官宣,7
和平共处,7
赴美,7
最少,7
拜登,7
引爆,7
升任,7
领空,7
挑衅,7
同伴,7
提质,7
越狱,7
下手,7
皮肤癌,7
亦庄,7
辱骂,7
米勒,7
建设性,7
萨德,7
代理商,7
宴会厅,7
当事人,7
林金顺,7
跑腿,7
海报,7
文职,7
竞逐,7
猥亵,7
阿布扎比,7
网签,7
战力,7
弹药,7
文献,7
张弘远,7
米粉,7
知识库,7
文案,7
打交道,7
林则徐,7
待遇,7
底座,7
猴子,7
转载,7
中国工程院,7
宁夏回族自治区,7
烟弹,7
层级,7
扎克,7
播种,7
欺骗,7
副作用,7
根本性,7
马中,7
在校生,7
称之为,7
谈论,7
调味,7
菜肴,7
追赶,7
富豪榜,7
独角兽,7
推销,7
收为,7
阿莫,7
提价,7
回教徒,7
虾皮,7
安防,7
代码生成,7
内置,7
分层,7
对齐,7
核潜艇,7
小雷,7
巴鲁克,7
最大化,7
埃隆,7
通程,7
图灵,7
净收入,7
张一鸣,7
圣彼得堡,7
幻觉,7
极客,7
大赛,7
游戏机,7
海昌,7
罗福莉,7
习特,7
一键,7
阿尔忒弥,7
河北,7
乳糖,7
黄佩君,7
斑块,7
商量,7
锄头,7
港务局,7
编队,7
横当,7
反导,7
看板,7
弹琴,7
赏花,7
宝华,7
淑麟,7
花海,7
骗取,7
舞弊,7
水厂,7
布丽,7
吉特,7
何天友,7
人大代表,7
黄伟昌,7
蚂蚁,7
南天门,7
证元,7
沈丁立,7
南艺,6
受众,6
感激,6
苹果公司,6
泉水,6
海风,6
拼凑,6
得名,6
棠哥,6
战斗,6
煮熟,6
躲避,6
听说,6
布道,6
来回,6
聚会,6
世界观,6
奋斗,6
鸡饭,6
夸张,6
懂得,6
呈献,6
开市,6
丁善明,6
太太,6
拼命,6
河畔,6
生平,6
全都,6
公所,6
取缔,6
主讲,6
上课,6
好玩,6
开办,6
强风,6
网络平台,6
走来,6
珍惜,6
打乱,6
未知,6
亲手,6
印有,6
歌曲,6
上瘾,6
不易,6
加护,6
按钮,6
致谢,6
小芳,6
清醒,6
正视,6
打趣,6
接纳,6
默契,6
可爱,6
福克斯,6
贴文,6
从来,6
英格兰,6
仲裁,6
牵动,6
转交,6
在场,6
眼镜,6
切入,6
建模,6
女主角,6
亲密,6
资金投入,6
传授,6
学科,6
界限,6
国务,6
得出,6
已对,6
加以,6
听取,6
几秒钟,6
废除,6
持有者,6
拟以,6
自愿,6
排行榜,6
发电量,6
新浪,6
质感,6
筹办,6
策展,6
李燕,6
断裂,6
误读,6
联想,6
低调,6
方针,6
代言人,6
保持良好,6
取舍,6
单凭,6
底气,6
比喻,6
误区,6
传媒,6
单靠,6
抗衡,6
技术开发,6
繁琐,6
核对,6
熟客,6
负债表,6
按序,6
应声,6
杰克逊,6
发展商,6
寿命,6
标的,6
低水平,6
低位,6
纪律,6
个位数,6
工序,6
成型,6
日经,6
反击,6
调解,6
联席,6
身体状况,6
出局,6
球迷,6
服用,6
止步,6
门票,6
休整,6
本场,6
比分,6
殷若宁,6
上赛季,6
玻璃,6
展馆,6
乌龟,6
预留,6
限定,6
步道,6
退役,6
开张,6
探访,6
阳台,6
静静,6
只须,6
找回,6
生活节奏,6
心理学,6
充实,6
口气,6
远离,6
海岸线,6
遮盖,6
南法,6
阿维尼翁,6
雕像,6
壁画,6
切割,6
撑起,6
小店,6
米其林,6
看出,6
香蕉,6
师傅,6
松软,6
失误,6
店主,6
陈列,6
小心,6
年长,6
美乃滋,6
摆在,6
食肆,6
地标,6
牛车水,6
期刊,6
开放性,6
污染,6
伤口,6
损伤,6
裂缝,6
手术,6
种类,6
清水,6
食谱,6
喜好,6
孙慧纹,6
饱腹,6
放入,6
开胃,6
糖分,6
柠檬,6
香料,6
下称,6
分水岭,6
衣物,6
丢弃,6
想想,6
航海,6
惊艳,6
鼓浪屿,6
东风,6
人文,6
形状,6
挖掘,6
并肩,6
相机,6
飞禽,6
渊源,6
察觉,6
搜寻,6
串联,6
车载,6
人潮,6
爆出,6
陈粒,6
王菲,6
擅长,6
越界,6
麒麟,6
巧合,6
重演,6
两国人民,6
对峙,6
理应,6
摆放,6
爱心,6
为先,6
玩具,6
存续,6
折射出,6
肆意,6
倒逼,6
欧亚,6
降水,6
崩塌,6
服饰,6
股东大会,6
总长,6
吉士,6
招标,6
遍布,6
吃紧,6
蔡奇,6
联通,6
原子能,6
工作日,6
定于,6
古纳,6
塞兰,6
恳请,6
孤独,6
战士,6
低头,6
龙岗,6
美人鱼,6
中将,6
投资方,6
研究者,6
启明,6
顺势,6
肚子,6
疑问,6
住院,6
摔倒,6
转机,6
寻人,6
陆交局,6
里尼,6
停用,6
参照,6
时限,6
私信,6
催生,6
加权,6
增长率,6
蛇口,6
创营,6
琢磨,6
空白,6
挨着,6
无意,6
服从,6
差别,6
平凡,6
坚韧,6
居然,6
乘联,6
卖车,6
合法性,6
冗余,6
准入,6
补齐,6
档案,6
宁波,6
每件,6
肖像,6
天文台,6
构筑,6
教室,6
宗乡,6
忍不住,6
基点,6
震源,6
搜查,6
强行,6
明显改善,6
外国游客,6
大学生,6
甲州,6
出面,6
秘书处,6
采矿,6
大气,6
损坏,6
阿育汉,6
电子设备,6
装机容量,6
调动,6
查明,6
索偿,6
起获,6
举动,6
阴影,6
森州,6
新政府,6
行径,6
大臣,6
德拉,6
军事设施,6
坚称,6
佩里,6
砂拉越,6
马拉,6
土团党,6
罗斯,6
屏障,6
领导层,6
欧盟委员会,6
冯德,6
莱恩,6
公主,6
王室,6
一连串,6
水域,6
大海,6
震动,6
进行谈判,6
误导性,6
属地,6
加大力度,6
犯罪团伙,6
出动,6
答应,6
租借,6
西班牙语,6
至约,6
投资银行,6
声浪,6
可谓,6
去除,6
排毒,6
正向,6
心灵,6
随便,6
拉近,6
共建,6
丰厚,6
收听,6
先是,6
取证,6
稍早,6
图书馆,6
造价,6
默认,6
考核,6
提早,6
原文,6
语气,6
阶梯,6
迫切,6
大盘,6
收于,6
追缴,6
补缴,6
折扣,6
生产商,6
浏览,6
侧重,6
农户,6
吉林,6
翻新,6
小红书,6
请来,6
火焰,6
高庭,6
公然,6
短片,6
紧缺,6
罗西尼,6
销毁,6
济州岛,6
受骗,6
警报,6
竣工,6
供需,6
外交官,6
名下,6
全人类,6
刷屏,6
感慨,6
落下,6
装配,6
人口老龄化,6
青岛,6
完工,6
又称,6
排查,6
人流,6
罗马,6
一小,6
年龄组,6
胶着,6
细致,6
一楼,6
殖民,6
药剂师,6
打着,6
从容,6
冲刺,6
缺点,6
社团,6
转至,6
关店,6
风暴,6
下台,6
放到,6
卧室,6
狂飙,6
中位数,6
电价,6
时常,6
安宁,6
驾驶者,6
车长,6
饮用水,6
旋转,6
不动,6
保育,6
大片,6
填海造地,6
经济制裁,6
惊讶,6
总编辑,6
会面时,6
宿舍,6
共用,6
用品,6
冷藏,6
持续时间,6
录像,6
力求,6
牙线,6
剥离,6
抬高,6
促销,6
死者,6
分许,6
适应能力,6
路面,6
徐怀钰,6
高龄,6
烂摊子,6
行贿,6
涉足,6
推升,6
高涨,6
美国国务院,6
金融体系,6
全员,6
贸易往来,6
合作项目,6
硕士学位,6
天津,6
知晓,6
遛狗,6
目击者,6
扭转,6
豪华,6
预判,6
外部环境,6
敢于,6
远高于,6
选出,6
冻结,6
行事,6
国界,6
老字号,6
米尔,6
看重,6
专业化,6
商务,6
降低成本,6
编写,6
抱持,6
火热,6
日元,6
保证金,6
余额,6
贷款额度,6
滋生,6
政要,6
中英文,6
湾区,6
家住,6
市政,6
供图,6
列治,6
文区,6
获救,6
尹氏,6
解说,6
表格,6
规画,6
曼哈顿,6
延缓,6
抵销,6
干部,6
多米尼加,6
市级,6
金山,6
保守派,6
共同利益,6
起诉书,6
确有,6
管道,6
航司,6
在外,6
投资总额,6
控制能力,6
历任,6
副总经理,6
滞后,6
屠宰,6
换来,6
固态,6
中国人民银行,6
发布公告,6
回调,6
预赛,6
走强,6
产蛋率,6
涨到,6
存栏,6
调低,6
高端化,6
车市,6
首发,6
王朝,6
高低,6
刚刚开始,6
抢购,6
制约,6
海湾地区,6
变量,6
物料,6
标杆,6
深圳市,6
出口量,6
领跑,6
等同于,6
场域,6
使用权,6
空闲,6
便于,6
领先地位,6
花圈,6
王岐山,6
党组,6
新规,6
爱马仕,6
泥潭,6
副区长,6
人民法院,6
调侃,6
更改,6
韩蕴光,6
前路,6
手艺,6
本岛,6
拦截导弹,6
竞相,6
佩泽希,6
齐扬,6
乌军,6
响起,6
熟面,6
资质,6
监管部门,6
袖子,6
艺术歌曲,6
相结合,6
问世,6
佩戴,6
精准度,6
实地,6
吉兰丹,6
薪金,6
副署,6
公报,6
测试环境,6
工友,6
射程,6
从严,6
良性,6
机密,6
罚金,6
输送,6
孔子,6
狭窄,6
情势,6
政法委,6
中国共产党,6
贵阳,6
丁树范,6
晋升,6
全会,6
病疫苗,6
恰逢,6
拉萨,6
郭一君,6
日益增长,6
霸王,6
特金,6
韩美军,6
威力,6
成行,6
羚羊,6
换成,6
用电,6
情报机构,6
新疆,6
金银,6
国土,6
不利于,6
投放,6
更迭,6
闯红灯,6
教育局,6
合理化,6
王者,6
身份证,6
封禁,6
直白,6
工业革命,6
国美,6
时称,6
林佳龙,6
三宝颜,6
电子游戏,6
饭局,6
小龙,6
外环,6
颇为,6
贸易谈判,6
犯罪行为,6
物业,6
不行,6
够不够,6
大众汽车,6
网卡,6
菜谱,6
老家,6
病逝,6
下属,6
不乏,6
高调,6
书院,6
政委,6
刘慧,6
现金支付,6
车费,6
摊贩,6
洛奇,6
喀布尔,6
伯纳姆,6
国安,6
民航局,6
塌陷,6
果肉,6
上载,6
成价,6
新科,6
入狱,6
庙宇,6
多国,6
被害人,6
入职,6
调试,6
大厅,6
总营,6
名叫,6
陈新武,6
奥尔特曼,6
迅猛,6
蘑菇,6
汤品,6
豆干,6
清洗,6
数据安全,6
附加费,6
纪事报,6
联社,6
保密,6
同住者,6
辗转,6
骨灰,6
高级别,6
零售业,6
幻方,6
优点,6
生产率,6
汇丰,6
沙尔马,6
重置,6
杂货,6
血液,6
引力,6
支付宝,6
数量级,6
精美,6
航拍,6
受限,6
来电,6
坠入,6
瓶罐,6
笔记,6
国网,6
颗卫星,6
空间站,6
转写,6
整段,6
机身,6
不出,6
脑子,6
倍数,6
微妙,6
词元,6
适航,6
坦诚,6
台北市立,6
南达科他州,6
承销商,6
外包,6
比安,6
山寨,6
接洽,6
毛宁,6
有用,6
答卷,6
通用汽车,6
卢拉,6
耽误,6
短处,6
老蔡,6
河北人,6
不理,6
老孙,6
春生,6
补充剂,6
豆腐乳,6
葡聚糖,6
喝水,6
心窝子,6
嘴笨,6
鼓声,6
牙子,6
随礼,6
底细,6
性子,6
李他娘,6
听戏,6
记仇,6
看不起,6
菜刀,6
斧头,6
镰刀,6
铲头,6
心细,6
应答机,6
辉达,6
调涨,6
护城河,6
黑飞,6
李刚,6
宋忠平,6
灵珠,6
骨痛,6
热症,6
个股,6
西太平洋,6
演训,6
复旦大学,6
鸽子,6
三坊七巷,6
前任,6
洪乐潼,6
翠苑,6
努鲁,6
刘某,6
大气层,6
光碟,6
攻打,6
猛烈,6
定点,6
引渡,6
单伟,6
陵墓,6
阿斯旺,6
沐瞳,6
红外,6
电工,6
哈梅内伊,6
治沙,6
那曲,6
黄汉伟,6
工作坊,5
零散,5
国际局势,5
文社,5
无比,5
艰苦,5
徒步旅行,5
交接,5
归功于,5
通讯员,5
辽阔,5
泉城,5
共鸣,5
轮廓,5
亲切,5
喧闹,5
底色,5
识字,5
文阁,5
忽然,5
棺材,5
出没,5
传到,5
收割,5
丛林,5
双溪,5
新民,5
合成,5
设于,5
反正,5
圣经,5
宋尚节,5
空地,5
耶稣,5
鸡鸭,5
英里,5
做成,5
农村,5
手脚,5
收成,5
戏剧性,5
美食节,5
烹煮,5
小吃,5
炒法,5
冲泡,5
工作量,5
投标,5
放学,5
儿女,5
得罪,5
月薪,5
高薪,5
聘请,5
功夫,5
摸索,5
鸦片,5
确切,5
大会堂,5
水翼,5
体能,5
屏蔽,5
电话线,5
追回,5
联络,5
奥运金牌,5
勇于,5
齐聚,5
加油,5
唤起,5
仪器,5
病情,5
枷锁,5
媒介,5
主演,5
英国广播公司,5
狂热,5
头晕,5
发来,5
格鲁吉亚,5
刻板,5
反观,5
流畅,5
好看,5
劳动者,5
金沙,5
洞察,5
掌管,5
教育领域,5
委为,5
数学家,5
名誉,5
频发,5
势必,5
标语,5
礼物,5
勇敢,5
穿着,5
试用,5
计算资源,5
核能,5
采取措施,5
策略师,5
史诗,5
某种意义,5
社会科学,5
话语权,5
隐喻,5
人机,5
文化背景,5
提炼,5
纽约州,5
佛罗里达州,5
众议院,5
布朗,5
阿博特,5
密集型,5
调往,5
办事处,5
精深,5
灾难性,5
金白银,5
对准,5
痛点,5
坐下,5
经得起,5
号码,5
怀旧,5
替换,5
支柱,5
一至,5
霍尔,5
打印,5
打印机,5
美市,5
窄至,5
昂宝苑,5
竞标,5
缩水,5
可持续性,5
违约,5
略有,5
冶炼,5
单次,5
中质,5
贬值,5
点燃,5
纳沃,5
球场,5
疼痛,5
开赛,5
按摩,5
路易斯,5
得主,5
据统计,5
铃木,5
沙尔克,5
标准杆,5
犯错,5
苛刻,5
太久,5
了长,5
少见,5
喂食,5
触摸,5
入场,5
钓鱼,5
行李,5
住宿,5
取名,5
各异,5
瑜伽,5
限时,5
攻略,5
度假,5
总体规划,5
绿化,5
日出,5
喧嚣,5
小岛,5
感官,5
友善,5
气质,5
鲜明,5
蜿蜒,5
统治,5
树梢,5
自觉,5
往事,5
宛如,5
向上,5
俯瞰,5
周边地区,5
尼姆,5
主厨,5
精致,5
扎实,5
尖头,5
容错,5
湿度,5
萌生,5
店家,5
分店,5
展销,5
心肺,5
泡菜,5
轻食,5
橄榄油,5
亦可,5
饱足,5
肉类,5
甜味,5
若想,5
免疫力,5
辣椒,5
叶酸,5
营养素,5
哲学,5
落脚,5
梅艳芳,5
开玩笑,5
纸张,5
旅途,5
诗人,5
自嘲,5
悄然,5
谈话,5
不见,5
及早,5
感触,5
越过,5
环抱,5
巡演,5
相识,5
喝醉,5
明知,5
借口,5
博热,5
好消息,5
撼动,5
椅子,5
赞同,5
无奈,5
幼儿,5
尺度,5
较量,5
瑕疵,5
合资,5
德阁,5
集售,5
售罄,5
交易员,5
商业区,5
迟迟,5
产区,5
贩毒,5
国家主权,5
发电机,5
哈尔克岛,5
碎片,5
抵押,5
苏雷什,5
背着,5
也常,5
台阶,5
潜水,5
笑容,5
喊标,5
姐妹,5
属下,5
身后事,5
全数,5
果然,5
幽默,5
离境,5
违例,5
通往,5
查处,5
错峰,5
已向,5
基钦,5
尸体,5
克里,5
隧道,5
留意到,5
盲区,5
特意,5
推送,5
定为,5
李显龙,5
傅方剑,5
偏向,5
商学院,5
纲要,5
战略性,5
国产化,5
固定翼,5
实物,5
柔性,5
图案,5
录取,5
新质,5
稳居,5
写字楼,5
男人,5
通俗,5
南枝,5
压抑,5
守候,5
翻转,5
清明,5
外形,5
村头,5
王晓慧,5
王彦桐,5
编剧,5
车险,5
交法,5
国标,5
坚实,5
技术标准,5
国家标准,5
后备,5
集结,5
发掘,5
财政年度,5
挣扎,5
眼光,5
全盘,5
量身,5
做事,5
必定,5
国籍,5
圈子里,5
回报率,5
马云,5
房子,5
个人资料,5
震级,5
海啸,5
托敏,5
政变,5
内战,5
征兵,5
带走,5
倒退,5
物价,5
宣誓,5
靠港,5
海军陆战队,5
阿米,5
鲁丁,5
阵线,5
雪兰莪州,5
降雨,5
地球物理,5
戒备,5
防洪,5
可斯,5
侦察,5
防御能力,5
扩充,5
武吉,5
兰斗班,5
泰南,5
共管,5
落网,5
阿都拉,5
苏门答腊岛,5
内阁会议,5
标示,5
森美兰,5
协调员,5
退还,5
简报,5
拆除,5
划界,5
争端,5
创造条件,5
最差,5
巴亚,5
留出,5
全体会议,5
水源,5
释出,5
靠拢,5
山火,5
动员,5
警力,5
构成威胁,5
毗邻,5
索菲亚,5
礼貌,5
丑闻,5
观赛,5
联名,5
防线,5
词汇,5
宽松,5
现行,5
贩运,5
富勒姆,5
对阵,5
赞扬,5
同属,5
栖息地,5
维尔,5
经济部长,5
诱骗,5
冰岛,5
日食,5
错过,5
欧冠,5
主帅,5
身价,5
掉落,5
球会,5
回合,5
良机,5
外卡,5
嫉妒,5
生理,5
窗户,5
拇指,5
水枪,5
印章,5
奖品,5
期许,5
女星,5
谭松韵,5
奔跑,5
拿来,5
心理卫生,5
骄傲,5
妥当,5
公共政策,5
捐款,5
生育率,5
贯穿,5
生病,5
花红,5
家庭计划,5
请假,5
开口,5
朴素,5
银发,5
生存期,5
适应症,5
默克,5
关键问题,5
总资产,5
特区,5
主板,5
重创,5
收达,5
商誉,5
减值,5
科学研究,5
夺走,5
国资,5
智元,5
石景山,5
写入,5
北京市,5
投用,5
扫码,5
永续,5
攻关,5
农机,5
局局长,5
联运,5
水务,5
诺夫,5
辖区,5
籍贯,5
道士,5
掀开,5
超度,5
法会,5
传统习俗,5
中元会,5
质问,5
判刑,5
公共场所,5
反抗,5
思明,5
开店,5
假钞,5
警署,5
眼球,5
落差,5
形同,5
偏离,5
分校,5
发育,5
出手,5
失踪案,5
提高警惕,5
警觉,5
尚无,5
启程,5
友好关系,5
倒计时,5
评审,5
着力,5
总台,5
攻坚,5
智造,5
速滑,5
造福,5
老牌,5
刊文,5
脱轨,5
交通部长,5
相撞,5
高速铁路,5
铁路局,5
曼呵,5
场馆,5
闲置,5
极高,5
店长,5
汽车行业,5
完全免费,5
预示,5
交锋,5
决定性,5
闯入,5
非凡,5
嘲讽,5
出新,5
草莓,5
浓缩,5
套餐,5
餐食,5
三文鱼,5
牛肉,5
芝麻,5
舒服,5
入选,5
梁靖怡,5
免疫,5
功效,5
感冒,5
腹部,5
陈哲艺,5
过失,5
善于,5
尧帝,5
田地,5
寓言,5
先辈,5
做生意,5
诚意,5
首度,5
音乐厅,5
博取,5
禁忌,5
断层,5
维系,5
纠错,5
厄尔,5
自杀,5
模仿,5
挫败,5
已然,5
费城,5
债市,5
传导,5
进口商品,5
研究成果,5
陈圣辉,5
拆成,5
表达能力,5
语法,5
结识,5
报读,5
跟不上,5
阻挡,5
警区,5
沙德尔,5
防汛,5
巴加埃,5
勒令,5
停业,5
覆盖率,5
总面积,5
深远,5
悉数,5
联办,5
选修,5
全岛,5
保管,5
特聘,5
火点,5
共事,5
大肆,5
利喜恩,5
牙医,5
根本原因,5
不吃,5
患病,5
跨过,5
留住,5
喜悦,5
金融风暴,5
整整,5
烟花,5
举重,5
障碍赛,5
灵犀,5
摇摆,5
老实,5
头脑,5
措辞,5
不符,5
下架,5
段时间,5
民族主义,5
国会议员,5
心思,5
震慑,5
非常明显,5
元老,5
烂尾楼,5
放眼,5
收回,5
普通股,5
买进,5
定下,5
单边,5
中央委员,5
报复性,5
仍未,5
前瞻性,5
访美,5
草坪,5
触犯,5
蒙受,5
人用,5
着眼,5
跨部门,5
省钱,5
巴刹,5
草场,5
沿用,5
统计局,5
金融资产,5
亚历山大,5
行医,5
入驻,5
越发,5
营运商,5
东南亚地区,5
抉择,5
出错,5
陈泳铨,5
报酬,5
议价,5
跑道,5
美国银行,5
巨资,5
纵观,5
仓位,5
管理中心,5
手续费,5
存款,5
举债,5
金融危机,5
转折点,5
更少,5
爆发式,5
谐音,5
悲观,5
机关报,5
产供,5
印发,5
宏观政策,5
贸易商,5
价位,5
展开讨论,5
稳稳,5
手套,5
离场,5
才艺,5
相通,5
长久,5
辛勤,5
入场券,5
撰写,5
真诚,5
诸如,5
铺路,5
毛衣,5
帐号,5
募款,5
政界,5
赵美心,5
致词,5
祖父,5
理监事,5
遇上,5
柔似,5
座谈,5
角逐,5
衰退,5
应届,5
大姓,5
家庭收入,5
张赛,5
黑市,5
缉毒,5
内陆,5
党团,5
动摇,5
驳回,5
纪念日,5
致以,5
职业培训,5
贫困,5
隐忧,5
中转,5
王世全,5
非夕,5
海图,5
复刻,5
自研,5
行星,5
注明,5
造谣,5
片区,5
开学,5
产品价格,5
武汉市,5
暴增,5
闪存,5
大方向,5
个人消费,5
要点,5
青海,5
合一,5
中国民航,5
航点,5
精细化,5
分流,5
脆弱性,5
腰斩,5
测算,5
商品价格,5
履新,5
资源量,5
党委书记,5
市集,5
退潮,5
产蛋鸡,5
全系,5
高压,5
思路,5
长安,5
王宁,5
矩阵,5
普通用户,5
流水线,5
微调,5
灵巧,5
跳远,5
管理处,5
流片,5
大幅度,5
长线,5
中国航天科技集团,5
八宝山,5
丁薛祥,5
军工,5
标识,5
效仿,5
身亡,5
临界点,5
共青团,5
市委,5
人民检察院,5
提起公诉,5
丧失,5
学额,5
学费,5
手腕,5
在野党,5
霸凌,5
买下,5
汪洋,5
继承,5
可行性,5
时间推移,5
跳水,5
达尔,5
周边国家,5
美国会,5
中段,5
字母,5
头条,5
客车,5
金山区,5
吴劲威,5
汇演,5
任廷,5
夏德奇,5
绽放,5
学派,5
单向,5
王国,5
表壳,5
印记,5
警长,5
东方日报,5
的确,5
尽力,5
挂钩,5
以军,5
减排,5
决不,5
行政院长,5
卓荣泰,5
题目,5
职能,5
斯坦福大学,5
淡化,5
谋求,5
杜米瓦,5
战役,5
纪念活动,5
加里,5
探测器,5
香颂,5
中国军方,5
巡航,5
台湾海峡,5
探测,5
赵世勇,5
主席台,5
监委,5
安全漏洞,5
药局,5
返乡,5
满满,5
停牌,5
美术,5
涉台,5
获利,5
卡拉,5
预谋,5
被盗,5
赖添,5
口头,5
交易价格,5
参会,5
飙涨,5
挡住,5
泼水,5
美朝,5
恰当,5
韩方,5
岛礁,5
审阅,5
人工岛,5
安保,5
银行户头,5
彼得,5
尖叫,5
进口额,5
出口额,5
台塑,5
陕西,5
层层,5
标记,5
储存,5
赛夫丁,5
神坛,5
熟练,5
军用,5
呼叫,5
惠誉,5
时区,5
互换,5
伪史,5
抹黑,5
双年展,5
定性,5
开花,5
民宿,5
塔克,5
拉索,5
服务局,5
免职,5
保释,5
加州大学,5
政商,5
杭州市,5
常年,5
铁穹,5
能源安全,5
房票,5
保障性,5
司法部,5
转录,5
宣判,5
巴拿马运河,5
高地,5
关门,5
主观,5
徐洁云,5
金味,5
露面,5
新华网,5
反腐败,5
寇健文,5
合作方,5
信息系统,5
系统工程,5
硕士,5
做饭,5
刹车,5
丧尸,5
前妻,5
介选,5
中智,5
刘纪原,5
山西省,5
飞航,5
直航,5
微风,5
晶体,5
路过,5
倒闭,5
陆兆福,5
武吉查卡,5
抵抗,5
特工,5
准则,5
庙里,5
电诈,5
赵乐际,5
降半旗,5
巡逻,5
邹忌,5
次子,5
本福德,5
伯克,5
堵塞,5
联合公报,5
丁新燕,5
和云,5
领先者,5
嫌疑人,5
看作,5
海温,5
中新网,5
华东,5
华南,5
谷类,5
菜式,5
配料,5
素食者,5
花生酱,5
植物性,5
鱼肉,5
切斯,5
西蒙,5
投机,5
杨植麟,5
喊停,5
呼声,5
计价,5
普及率,5
原价,5
福布斯,5
宣传片,5
食品饮料,5
互联,5
链路,5
补全,5
民主化,5
并发,5
诊疗,5
靶向,5
反超,5
设想,5
逼真,5
佛教,5
印刷,5
马祖,5
收购案,5
昵称,5
退费,5
化学,5
吞吐,5
更稳,5
资金短缺,5
盖尔,5
发射能力,5
磁吸,5
进来,5
爆火,5
博览会,5
降到,5
内测,5
烧钱,5
重写,5
递归,5
稀疏,5
台积电,5
麦金,5
纳尼,5
特科夫,5
暂未,5
网邻,5
马化腾,5
发稿,5
火电,5
装机量,5
提速,5
董明珠,5
并入,5
自营,5
种群,5
销往,5
良率,5
套利,5
电报,5
复读机,5
能耗,5
跳槽,5
氧气,5
全年收入,5
药房,5
顺手,5
飞行员,5
心率,5
核心成员,5
罢免,5
威士,5
太瓦,5
打发,5
谢栋铭,5
身子,5
点儿,5
讲理,5
事儿,5
理儿,5
老褚,5
蒙族,5
饭铺,5
梅朵,5
烩面,5
燕麦片,5
摄取量,5
空腹,5
柑橘类,5
点心,5
豆渣,5
胡辣汤,5
图书,5
神经网络,5
刘翔,5
实名,5
阳萌,5
远海,5
容器,5
远洋,5
自行车,5
奇妙,5
爱奇艺,5
分公司,5
攻读,5
鳄鱼,5
诗作,5
大姨,5
老宅,5
特色小吃,5
永春,5
洪乐,5
样品,5
江梓,5
林俊宏,5
橘猫,5
生变,5
连翘,5
内屏,5
开行,5
钻探,5
淑婷,5
吴泽明,5
强脑,5
闪光,5
陨石,5
同谋,5
全球排名,5
特刊,5
庙方,5
万礼泽,5
光村,5
驾驶舱,5
吕先生,5
卡纳塔克邦,5
王昌伟,5
施文宇,5
观察家,5
王占玺,5
揭仲,5
傲慢,5
栽下,5
花椒,5
蓝瓶,5
拉里,5
贾尼,5
机械化,5
航天员,5
中远,5
中卫市,5
联发,5
决策者,4
有效期,4
区域合作,4
卸下,4
特纳,4
行走,4
头衔,4
游览,4
户外活动,4
安慰,4
温柔,4
俱乐部,4
青春,4
繁华,4
安稳,4
奔赴,4
寒意,4
驻足,4
据说,4
西装,4
稻田,4
守华,4
守煌,4
长袖,4
树林,4
乡亲,4
写信,4
报纸,4
印度人,4
听得懂,4
福州话,4
棋子,4
会友,4
宽敞,4
养猪,4
种菜,4
树胶,4
积蓄,4
鉴定,4
大学毕业,4
老板娘,4
泥土,4
小巧,4
肉馅,4
可惜,4
实惠,4
尝鲜,4
美芝路,4
几代人,4
香醇,4
先用,4
炸弹,4
转动,4
开门,4
气味,4
潮州,4
严格执行,4
榴梿,4
高潮,4
推论,4
被誉为,4
散步,4
仅靠,4
锻炼,4
注销,4
宝可梦,4
卖家,4
回望,4
国歌,4
响彻,4
伴奏,4
游行,4
马尔科,4
考试成绩,4
功课,4
变差,4
输液,4
血栓,4
听诊器,4
病房,4
慎重,4
题材,4
奇怪,4
设限,4
演说,4
地向,4
全国代表大会,4
简短,4
实习医生,4
救人,4
施救,4
医护人员,4
穿戴,4
编程语言,4
情侣,4
高度集中,4
溢出,4
责任感,4
出身,4
环境部,4
阐述,4
教育部长,4
公署,4
沉迷,4
稍后,4
检视,4
持有人,4
虚构,4
摄影师,4
成品,4
推理模型,4
观察者,4
大力发展,4
埃尼,4
反应堆,4
水力,4
交易平台,4
营收则,4
摩尔,4
西游记,4
开辟,4
颇具,4
直指,4
最常,4
书店,4
问卷,4
观展,4
获得者,4
内涵,4
直译,4
批判性,4
偏见,4
语境,4
译文,4
创造性,4
话语,4
党籍,4
赫斯特,4
俄亥俄州,4
阶层,4
美容,4
半导体业,4
生物医药,4
调查报告,4
小步,4
点子,4
企划,4
工作效率,4
耗费,4
根基,4
饮食习惯,4
双赢,4
竞争者,4
履约,4
飙高,4
人事,4
告吹,4
财团,4
反差,4
地契,4
住宅区,4
高回报,4
赚取,4
消退,4
单周,4
驶入,4
美国空军,4
原油期货,4
自律,4
粉碎,4
阿什,4
肩膀,4
挽回,4
破发,4
主动权,4
帽子戏法,4
重挫,4
领衔,4
两球,4
弗赖堡,4
并用,4
阿利,4
巡回赛,4
起伏,4
几经,4
两层楼,4
趣味,4
能带,4
披萨,4
接送,4
连通性,4
新篇章,4
扮演着,4
天堂,4
共同点,4
欢乐,4
石桥,4
葡萄酒,4
点滴,4
性格,4
巷弄,4
宫殿,4
受难,4
塔楼,4
世间,4
体积,4
雕塑,4
高速公路,4
游艇,4
冰川,4
诗意,4
技艺,4
穹顶,4
居多,4
椰子,4
均匀,4
老一辈,4
外层,4
陈汉荣,4
曾多次,4
强项,4
风情,4
精品,4
喝咖啡,4
手作,4
少有,4
惬意,4
交融,4
无糖,4
楼梯,4
发作,4
骨骼,4
韩式,4
鹰嘴豆,4
樱桃,4
冲洗,4
罐装,4
清淡,4
拌入,4
调制,4
水煮蛋,4
酱油,4
芝麻酱,4
生菜,4
代际,4
跳蚤,4
拥挤,4
常识,4
吻合,4
例外,4
侵袭,4
讽刺,4
眼见,4
记忆里,4
照料,4
抓拍,4
体型,4
理查德,4
微笑,4
参赛者,4
赛跑,4
灵动,4
兰芝,4
到处,4
法兹林,4
插曲,4
郑惠玉,4
风雨,4
主宾,4
肾病,4
逗趣,4
直呼,4
尖叫声,4
商业中心,4
风扇,4
音乐节,4
复出,4
配上,4
公映,4
剧团,4
弟妹,4
骤然,4
确保安全,4
站立,4
疲劳,4
疲惫,4
郭德纲,4
歌词,4
河道,4
喜马拉雅山脉,4
价值链,4
本杰明,4
哥本哈根,4
载客,4
仲量,4
联行,4
截止,4
容积率,4
开出,4
局主席,4
梅洛,4
免税,4
期货价格,4
作物,4
出口国,4
月度,4
雇用,4
落户,4
公平正义,4
中吉,4
客户端,4
扎波罗热,4
公司总裁,4
帖文,4
阿拉伯联合酋长国,4
主意,4
重新考虑,4
发放贷款,4
办事,4
统一教,4
公款,4
朝圣,4
身着,4
组别,4
烧腊,4
许可权,4
拨出,4
丧礼,4
长子,4
毫不,4
梅妈,4
风光,4
长跑,4
执导,4
减重,4
双位数,4
准备就绪,4
传闻,4
志豪,4
做得好,4
肚腩,4
镜子,4
晒出,4
高峰期,4
掉头,4
提控,4
见状,4
颠簸,4
索赔,4
定居,4
乌节,4
主因,4
山坡,4
高山,4
写信给,4
预设,4
杨莉,4
新闻部长,4
商机,4
增多,4
保持联系,4
后劲,4
野村,4
合肥,4
跨省,4
显示屏,4
遥控,4
须先,4
增加值,4
看不到,4
结尾,4
论点,4
时间差,4
女人,4
失智,4
潮汕,4
娱乐圈,4
造势,4
演戏,4
猜疑,4
心目,4
侨团,4
购车,4
用车,4
细化,4
公示,4
工况,4
驾乘,4
上路,4
满足感,4
鲜花,4
蕴含,4
祝愿,4
公分,4
建筑师,4
细活,4
仍为,4
滤镜,4
悲剧,4
起草,4
漫画,4
书局,4
前途,4
力图,4
水电,4
灾区,4
连同,4
苏瓦,4
落泪,4
常驻,4
已为,4
气象局,4
离谱,4
掌权,4
民选,4
为名,4
苏汉,4
外来者,4
无力,4
署长,4
亚伯拉罕,4
开采,4
季风,4
钩端,4
螺旋体,4
星报,4
尿液,4
外泄,4
国安法,4
大马,4
警队,4
蒂卡,4
情景,4
探亲,4
军警,4
化石,4
矿产资源,4
动工,4
苏门答腊,4
追查,4
赌注,4
逃跑,4
警察局,4
头目,4
浓重,4
受灾,4
笼罩,4
婆罗洲,4
幼儿园,4
电器,4
天气预报,4
追讨,4
芙蓉,4
依斯,4
路障,4
边境地区,4
首相府,4
招致,4
美元汇率,4
人选,4
表决,4
地形,4
崎岖,4
党中央,4
希尔,4
仅剩,4
防波堤,4
颁奖,4
王储,4
声望,4
煽动,4
马克,4
过境,4
皇马,4
帕拉西奥,4
替补,4
同胞,4
群岛,4
壮观,4
圣日耳曼,4
恩里克,4
执教,4
格拉纳,4
震中,4
外墙,4
安全部门,4
严防,4
契约,4
发债,4
单笔,4
暂缓,4
舍费尔,4
大洲,4
辞职,4
撤回,4
双腿,4
称霸,4
塞雷娜,4
杂草,4
蔬果,4
代谢,4
充斥,4
问道,4
讨厌,4
扁平,4
碰到,4
昏暗,4
头发,4
纯真,4
碰上,4
抽奖,4
包围,4
做客,4
逝者,4
宋雨琦,4
影射,4
怒斥,4
抢救,4
吵架,4
延烧,4
男星,4
起因,4
芝加哥,4
戴维,4
商务部长,4
祖父母,4
成家,4
托婴,4
报销,4
学前,4
关键词,4
为难,4
公共资源,4
咖喱饭,4
雨伞,4
接班,4
共处,4
预防性,4
制定者,4
弥合,4
个体化,4
解答,4
克里斯,4
开端,4
黑龙江,4
财政收入,4
朱凯,4
青部,4
触爱,4
配对,4
个人信息,4
初步阶段,4
并举,4
生态旅游,4
灌溉,4
增效,4
跨学科,4
水稻,4
牢牢,4
射击,4
悠久,4
实弹射击,4
别克,4
勋章,4
战略意义,4
海运,4
指在,4
闻到,4
导游,4
喷向,4
不准,4
桌子,4
斥责,4
杨明,4
可判,4
严正,4
展期,4
串谋,4
拦下,4
奏效,4
流血,4
就医,4
开往,4
疑因,4
透明度,4
务必,4
冲动,4
案子,4
寻获,4
民意,4
充值,4
套现,4
热线,4
惊觉,4
高居,4
骗案,4
高处,4
鸡场,4
建设工程,4
互访,4
惩罚,4
星座,4
组网,4
中科,4
进去,4
短跑,4
攻克,4
旅客列车,4
区段,4
测量,4
实测,4
相向,4
甘博,4
昆明,4
通向,4
文昌,4
业余,4
爆改,4
客户服务,4
主业,4
选址,4
监测数据,4
技术支持,4
下沉,4
没法,4
米拉,4
开打,4
固球,4
男队,4
挑战性,4
纪律性,4
确信,4
收下,4
表现出色,4
斩获,4
冰皮,4
朱古力,4
白莲,4
最贵,4
店员,4
日光,4
汤头,4
咖啡因,4
试过,4
交界处,4
人能,4
字眼,4
明智,4
名人,4
强有力,4
肥胖,4
实际行动,4
新作,4
南妮,4
买票,4
逢迎,4
人际,4
好话,4
闪电,4
下雨,4
概述,4
主轴,4
青年团,4
首站,4
指着,4
阿叻,4
造假,4
演艺,4
露出,4
换上,4
鞠躬,4
分寸,4
供品,4
深思,4
敬畏,4
动态平衡,4
触动,4
突破性,4
汇总,4
贝索斯,4
句子,4
移居,4
树立,4
尤为重要,4
赛夫拉,4
押送,4
调阅,4
万能,4
简拉维,4
海事局,4
巴德尔,4
双边合作,4
江永,4
专用道,4
车牌,4
敲打,4
喝彩,4
楼层,4
安全检查,4
脚踝,4
携带,4
红书,4
莉莉,4
拜堂,4
网传,4
起居,4
折中,4
海星,4
受挫,4
瓦解,4
所幸,4
报备,4
积分,4
教育工作者,4
证书,4
总统府,4
开展业务,4
治安,4
偷窃,4
盗窃,4
中等水平,4
国际事务,4
萨维奥,4
派出,4
打成,4
田径,4
飞速,4
牙周炎,4
侵害,4
牙刷,4
礼包,4
赢家,4
逐字,4
确诊,4
拥车,4
发生冲突,4
拔河,4
硬核,4
机动,4
轮胎,4
散播,4
同场,4
不公,4
姑息,4
发声,4
命脉,4
红海,4
胡塞,4
说辞,4
湖南省,4
搬进,4
试管婴儿,4
首例,4
妊娠,4
建材,4
管理部,4
张量,4
处理单元,4
公司股票,4
广度,4
合乐屋,4
恫言,4
社区设施,4
调任,4
区位,4
四楼,4
对华关系,4
金砖,4
边界问题,4
工作组,4
明德,4
萧锦耀,4
相遇,4
打听,4
用力,4
兽医,4
是非,4
帮扶,4
今年夏天,4
冷气,4
以防,4
酷暑,4
拉蒂甘,4
时能,4
建立联系,4
弱化,4
白米,4
筹委会,4
警戒,4
表演者,4
住房贷款,4
房价,4
拖慢,4
达德,4
年满,4
双胞胎,4
白沙,4
普平,4
何岳峻,4
逐年,4
零工,4
法人,4
免除,4
迁往,4
调配,4
实习生,4
汽油,4
星舰,4
跌破,4
小批量,4
车子,4
收盘价,4
承受能力,4
开户,4
腾出,4
急速,4
所称,4
地域,4
独立性,4
巅峰,4
钟才文,4
财经委员会,4
清扬,4
高技术,4
得克萨斯,4
平仓,4
净流入,4
绿意,4
手臂,4
史料,4
文物,4
触觉,4
百科,4
象征性,4
夹杂,4
交集,4
英双语,4
华工,4
健脑,4
专员,4
陈诗敏,4
列治文,4
大力支持,4
威善,4
司嘉怡,4
热心,4
加州人,4
典范,4
填写,4
远远不够,4
相伴,4
覆盖范围,4
美国华人,4
能见度,4
主办单位,4
委托,4
中式,4
开箱,4
华美,4
侨社,4
首长,4
本报记者,4
典礼,4
祝福,4
司法部门,4
缩影,4
驾照,4
出示,4
尼亚,4
口音,4
倒下,4
包容性,4
约翰逊,4
隐性,4
软弱,4
评分,4
社会学,4
莫伦,4
资源分配,4
自由派,4
产业界,4
蓝海,4
收押,4
庇护,4
绿卡,4
克拉克,4
凌驾于,4
行政命令,4
勉强,4
优美,4
中曾,4
侮辱,4
不良,4
资金流,4
产业基地,4
体机,4
单点,4
吕威,4
中坚,4
展会,4
截图,4
注册地,4
国有资产,4
季度末,4
批复,4
猪价,4
实缴,4
高新,4
中国电信,4
国资委,4
高新区,4
梯队,4
单季,4
报表,4
失性,4
主营业务,4
中信证券,4
不予,4
中国银行,4
真实性,4
大单,4
大于,4
排期,4
服务质量,4
航程,4
矿卡,4
构型,4
泰康人寿,4
旺季,4
天数,4
补栏,4
转弱,4
跟风,4
家用,4
底盘,4
堆砌,4
套件,4
直观,4
试水,4
跌近,4
运气,4
遇冷,4
盲盒,4
掩盖,4
纸盒,4
准确率,4
材质,4
科技日报,4
名片,4
关注度,4
看点,4
完赛,4
改签,4
多于,4
航天事业,4
中国科学院,4
科学技术委员会,4
上周三,4
李岚清,4
吴官正,4
导航系统,4
乌方,4
逃生,4
隐藏式,4
国际贸易,4
青岛市,4
组织部,4
重庆市政府,4
受贿罪,4
最高人民检察院,4
检察机关,4
未婚,4
声势,4
看涨,4
政绩,4
陷阱,4
类比,4
邱雪乐,4
电影节,4
长岛,4
写成,4
赛伊,4
驳斥,4
议会选举,4
美国能源部,4
隐秘,4
航运公司,4
流出,4
回击,4
非盟,4
震度,4
气象厅,4
震感,4
小于,4
轻伤,4
抄袭,4
星岛,4
防长,4
韩红,4
医疗器械,4
空壳,4
预选赛,4
自创,4
汲取,4
徐徐,4
莆仙戏,4
歌唱家,4
维多利亚,4
冲击力,4
珐琅,4
轮系,4
磁力,4
科学技术,4
阿末拉兹,4
分界,4
开档,4
能以,4
滑动,4
侵入,4
充分利用,4
基因组,4
新技能,4
战术,4
供货,4
被装,4
加油机,4
危及,4
海警,4
甲醛,4
保鲜,4
强制措施,4
预防措施,4
活着,4
主导权,4
所长,4
间谍罪,4
军事力量,4
程式,4
男孩,4
经济负担,4
麻烦,4
扫地,4
俞浩,4
工位,4
命题,4
摒弃,4
线性,4
现成,4
两国论,4
炮战,4
台澎金马,4
战地,4
在野,4
中伊,4
阿巴,4
百货,4
查阅,4
盘和林,4
极易,4
冲绳,4
严控,4
隐患,4
关键时期,4
消费品,4
已是,4
张忠,4
肖培,4
部级,4
李希,4
中央纪委,4
过硬,4
圣诞老人,4
陈洁仪,4
联交所,4
谁知,4
浮出,4
基本功,4
努沙登加拉,4
灾民,4
惊吓,4
过火,4
无线网络,4
盘点,4
盗取,4
钥匙,4
贪污,4
联合开发,4
知名度,4
圈子,4
朱锋,4
长继,4
私人关系,4
浓缩铀,4
参谋,4
乙支,4
返新,4
极力,4
激动,4
直飞,4
瀑布,4
赶到,4
行骗,4
收信人,4
理会,4
戒瘾,4
理事长,4
签名,4
花岗岩,4
上用,4
安圭伯,4
全因,4
送医,4
抗议者,4
集会,4
禽流感,4
福特,4
贸易逆差,4
交流会,4
出租车,4
氢氧化钠,4
倾销,4
反倾销税,4
烟台,4
铺满,4
街猫,4
熟练地,4
笑声,4
交通灯,4
巴维,4
阶级,4
率领,4
一举,4
人民党,4
粉红色,4
纸钱,4
腹泻,4
放出,4
圆桌会议,4
林荫道,4
发消息,4
黎巴嫩真主党,4
弱点,4
酝酿,4
青鸟,4
伎俩,4
年份,4
青瓦台,4
铲除,4
头版,4
虚无主义,4
乱象,4
梯度,4
文化部,4
虎兰,4
不法,4
手枪,4
女警,4
穆拉,4
雅典,4
中学部,4
助推,4
顺差,4
均势,4
陪酒,4
前列,4
会同,4
禁运,4
炼油厂,4
缴存,4
茶山,4
南山,4
索取,4
中欧,4
载具,4
实验性,4
纸条,4
仲树,4
跨入,4
涉案人员,4
明报,4
莱德,4
失真,4
低效,4
宏观调控,4
八宝山革命公墓,4
赵姓,4
昆仑,4
油电,4
电瓶,4
网信,4
剪辑,4
诋毁,4
转板,4
能干,4
够用,4
孤岛,4
只用,4
自带,4
瞎编,4
聊着,4
副研究员,4
紧迫,4
天安门,4
导报,4
上海市委,4
王晟宇,4
二十大,4
号称,4
阵痛,4
传开,4
申诉,4
封闭式,4
朝野,4
礼品,4
林镇芳,4
快捷,4
恐吓,4
服务提供商,4
前臂,4
醒来,4
前程,4
器官,4
东道国,4
朱凤莲,4
重犯,4
返台,4
传给,4
正负,4
蓝狮,4
光线,4
深海,4
石英,4
书面,4
泥面膜,4
售于,4
防晒霜,4
香氛,4
送到,4
公务,4
安顺,4
兴趣爱好,4
马来西亚人,4
观感,4
生意人,4
实情,4
赠予,4
计算机系,4
安全局,4
悬念,4
换乘,4
祖基菲,4
长堤,4
北站,4
剥削,4
军购,4
菲尔德,4
刑释,4
向善,4
委员长,4
中拉,4
互鉴,4
志哀,4
所在地,4
水文,4
扫描机,4
牌照,4
服务收入,4
偏偏,4
李瑞环,4
握手,4
空运,4
官场,4
深切,4
郭涛,4
间隔,4
朱雀,4
公号,4
人脑,4
判定,4
黑芝麻,4
汉堡,4
香茅,4
羊肉,4
档口,4
鲜美,4
浸泡,4
果酱,4
氧化,4
果汁,4
美国众议院,4
陈柏霖,4
坦率,4
加盟商,4
门市,4
餐机,4
房车,4
多任务,4
融券,4
研报,4
北卡,4
终将,4
接领,4
卢特,4
技术细节,4
布罗克,4
营利,4
主旨,4
力争,4
甘丽宜,4
攻击性,4
精心,4
科技界,4
海关总署,4
德克,4
欧洲人,4
阿尔特,4
地道,4
劳资政,4
遣散费,4
开发人员,4
同行业,4
路由器,4
攻防,4
关系密切,4
读取,4
架构师,4
矿难,4
严谨,4
等离子体,4
华盛顿州,4
电厂,4
漫游,4
合资企业,4
销售员,4
丢进,4
取回,4
塑料瓶,4
位点,4
编辑器,4
顺便,4
拉丁语,4
延至,4
路由,4
显存,4
并行,4
递交,4
少将,4
路子,4
录音,4
臃肿,4
粤音,4
图标,4
战车,4
推演,4
否决权,4
沙泽尔,4
霸主,4
植入,4
开放平台,4
高效能,4
财讯,4
总务,4
受让,4
周期性,4
年薪,4
难关,4
姚班,4
挖角,4
直面,4
互连,4
品类,4
临平区,4
生殖,4
最优,4
贸易战,4
美中,4
真主党,4
油气,4
温豪姆斯,4
南方电网,4
美东,4
代工厂,4
爱沙尼亚,4
导入,4
交通网络,4
联发科,4
准确性,4
莫法特,4
胰腺癌,4
拉西,4
绑定,4
马杜罗,4
地面部队,4
挣钱,4
公校,4
堪称,4
瑞芯微,4
年销量,4
建厂,4
红白机,4
著作权,4
市场调研,4
警务,4
中国证监会,4
香港联交所,4
卡立诺,4
迟到,4
王炳,4
浩然,4
阶跃,4
星辰,4
连胜,4
县域,4
客商,4
低空飞行,4
投票权,4
俄中,4
中东问题,4
止战,4
朝贡,4
预言,4
配制,4
量级,4
笔记本电脑,4
正文,4
逐句,4
物色,4
图片下载,4
圆满,4
椅背,4
后息,4
税折,4
费尔德,4
电话会议,4
更大,4
田纳西州,4
邪恶,4
奥斯汀,4
准时,4
杨百利,4
皮带,4
摆子,4
丧事,4
延津,4
纹丝,4
哭声,4
杀猪,4
论理,4
挑子,4
老婆,4
捎带,4
铺子,4
骚逼,4
窝心,4
中饭,4
动静,4
腹胀,4
适宜,4
市售,4
异黄酮,4
低密度,4
大卡,4
王丽娟,4
饮品,4
香橼,4
高血压,4
陈医生,4
豆制品,4
实用,4
检察署,4
工夫,4
方圆,4
讨好,4
马车,4
驴肉,4
火烧,4
烟丝,4
摆摊,4
塔台,4
数据量,4
譬如,4
肖弘,4
熊猫,4
吴志中,4
塔斯,4
真格,4
小湾,4
戴尔,4
超级计算机,4
投身,4
新格伦,4
星球大战,4
加奇,4
伊利亚,4
科幻,4
划艇,4
窝点,4
林聪彝,4
领事馆,4
闽江,4
李俊,4
永德,4
寿山石,4
光饼,4
西刀,4
客户群,4
廖凯,4
赤铁矿,4
涂层,4
研磨,4
歇业,4
玩耍,4
生机,4
冰雪,4
红楼梦,4
雪龙,4
客户关系,4
聊天记录,4
不留,4
隐私权,4
游云庭,4
面对现实,4
阿尔托,4
周某,4
战线,4
阿耳忒,4
弥斯,4
邱金凤,4
班加罗尔,4
放假,4
冻涨,4
梁雅真,4
牛顿,4
诗遇,4
董俊义,4
中枢,4
封测,4
亓乐义,4
建军,4
开罗,4
沙丘,4
汇丰银行,4
张云帆,4
传染病,4
公升,4
茂县,4
莫哈末扎,4
里夫,4
补假,4
舒淇,4
孙利顺,4
黄丽娟,4
涉企,4
雀巢,4
藏汉,4
罗布,4
觉罗,4
移栽,4
亚平,4
处以,4
腾格里沙漠,4
锁边,4
树种,4
沙洲,4
树苗,4
居民消费,4
李女士,4
黄益平,4
面子,4
里子,4
春节假期,4
淑芬,3
艺术界,3
部将,3
想像,3
保镳,3
徒步,3
胜过,3
财务报告,3
深爱,3
平淡,3
热衷,3
要素,3
文艺,3
优秀作品,3
故乡,3
亲吻,3
温润,3
云层,3
亲情,3
仰望,3
国度,3
街巷,3
大明,3
柔软,3
流转,3
寻根,3
天黑,3
出殡,3
战乱,3
只得,3
充饥,3
红土,3
时不时,3
南华,3
水准,3
传道,3
传译,3
打瞌睡,3
审判,3
唱歌,3
断然,3
全家,3
胶园,3
割胶,3
垦殖,3
富翁,3
卖出去,3
接生婆,3
猪脚,3
老大,3
黏糊糊,3
长成,3
出品,3
朴实,3
固化,3
会场,3
记载,3
商行,3
空置,3
大都会,3
名牌,3
用心,3
实业公司,3
大王,3
寄居,3
督促,3
喝茶,3
自学,3
动弹,3
海南岛,3
打工,3
属实,3
咖啡粉,3
店屋,3
叔叔,3
保住,3
柴火,3
火光,3
铁桶,3
炒到,3
成熟度,3
加糖,3
色泽,3
鸦片烟,3
不下,3
新式,3
宝兴,3
茶室,3
看中,3
高中毕业,3
传奇人物,3
特别强调,3
香浓,3
存放,3
远超过,3
电信公司,3
别具,3
追梦,3
条路,3
带进,3
肃立,3
敬意,3
上衣,3
爱国,3
应让,3
学童,3
现实生活,3
供氧,3
胸痛,3
四肢,3
变冷,3
血氧,3
血压计,3
临危,3
药水瓶,3
手握着,3
体征,3
结晶,3
回说,3
杀青,3
脑海,3
问到,3
向往,3
从业,3
绳子,3
男友,3
坦承,3
排解,3
出道,3
爱情,3
可塑性,3
记性,3
搭档,3
嘲笑,3
正赛,3
韩国政府,3
暂定,3
用户群,3
青梅,3
文稿,3
男主角,3
僵硬,3
眼神,3
传世,3
立马,3
会展中心,3
使命感,3
挫折,3
革命性,3
转任,3
获奖者,3
探究,3
搜索引擎,3
授予,3
国际航空,3
演化,3
比尔,3
数据挖掘,3
立足,3
征求,3
尽头,3
心意,3
画册,3
新药,3
专业技能,3
附带,3
新书,3
使用量,3
出自,3
景气,3
模块化,3
风能,3
黄金档,3
卫视,3
大赞,3
湖南卫视,3
每集,3
抒翩,3
隔阂,3
原意,3
渐进,3
石头,3
光芒,3
自上,3
民怨,3
民主党人,3
莱维,3
公用事业,3
怀俄明州,3
获胜,3
休斯敦,3
雷闲,3
跨国企业,3
市场动态,3
滨尼,3
资源配置,3
林秀心,3
龙头企业,3
化工,3
踏实,3
喘息,3
成长型,3
需在,3
损耗,3
家族企业,3
并不一定,3
承包商,3
风浪,3
蔡咏,3
客制,3
心得,3
云南,3
马赛克,3
菜品,3
迎合,3
中央处理器,3
最新消息,3
大涨,3
义务,3
耗材,3
巴尔,3
成本增加,3
泳池,3
出价,3
住宅楼,3
成交,3
交错,3
较佳,3
发行人,3
吸纳,3
更趋,3
苏剑,3
深水,3
国民经济,3
扩大内需,3
统计师,3
国际形势,3
刚性,3
部件,3
克岛,3
已知,3
轮动,3
更优,3
阿瑟,3
输给,3
本年度,3
饱受,3
法拉盛,3
古拉,3
机能,3
决胜盘,3
颓势,3
奋力,3
扳平,3
逼入,3
反扑,3
对决,3
挽救,3
仍以,3
阿姆斯特朗,3
退赛,3
亚军,3
新星,3
卫冕冠军,3
德甲,3
客场,3
惨败,3
劲旅,3
首秀,3
进攻,3
诺维奇,3
唯人,3
半场,3
国脚,3
太棒了,3
射门,3
本赛季,3
美籍,3
波士顿,3
走动,3
新馆,3
搬到,3
送完,3
纸巾,3
点亮,3
月光,3
人造,3
尽情,3
套房,3
迷恋,3
海岛,3
暂别,3
渡轮,3
划桨,3
绿洲,3
蝉鸣,3
蓄水池,3
持证,3
抽离,3
离家,3
作息,3
缓步,3
栈道,3
开阔,3
植物园,3
出游,3
驱车,3
山脉,3
浪漫,3
厚重,3
错落,3
冷峻,3
皇宫,3
堡垒,3
巨石,3
苦难,3
金光,3
伸出,3
马赛,3
盐分,3
随性,3
修饰,3
夕阳,3
染成,3
暮色,3
大峡谷,3
河谷,3
传说,3
回响,3
墙面,3
精妙,3
线条,3
穿行,3
壮丽,3
山谷,3
思绪,3
卡尔,3
保有,3
法式,3
西餐,3
名厨,3
领军,3
香脆,3
切片,3
焦香,3
焦黑,3
外壳,3
黑头,3
烘烤,3
西式,3
尝到,3
关掉,3
老店,3
跨国公司,3
更名,3
散发,3
味觉,3
景德镇,3
装饰,3
开心果,3
雪糕,3
辣味,3
意面,3
炸鱼,3
乳酪,3
陶瓷杯,3
架子,3
体验式,3
佛牙,3
龙华,3
首创,3
零售店,3
礼盒,3
血压,3
健身,3
较少,3
常见于,3
交通事故,3
愈合,3
词条,3
下列,3
骨头,3
连续性,3
抗生素,3
冷面,3
柠檬汁,3
橄榄,3
豆子,3
豆类,3
放凉,3
红萝卜,3
好吃,3
玉米粒,3
葡萄干,3
沥干,3
荞麦面,3
小黄瓜,3
酸甜,3
胃口,3
好奇,3
企及,3
教育资源,3
跳蚤市场,3
市井,3
堆叠,3
奥斯曼,3
满目,3
迁徙,3
摆出,3
气流,3
欠缺,3
图文,3
帖子,3
寓意,3
重读,3
排版,3
处处,3
景致,3
鹦鹉,3
宠物鸟,3
着迷,3
老公,3
显眼,3
晃动,3
抱怨,3
抽象,3
快门,3
定格,3
出战,3
沈宏净,3
阿姨,3
肾脏,3
绘画,3
画作,3
尾声,3
卫生部长,3
王乙康,3
患上,3
车手,3
漂亮,3
抢拍,3
一早,3
风采,3
激情,3
女团,3
胸部,3
疯传,3
场次,3
厦语,3
真是,3
特产,3
原音,3
年少时,3
历史教训,3
隔绝,3
反恐,3
盘腿,3
起身,3
清洁工,3
阴谋,3
多元性,3
角力,3
恐怖主义,3
获选,3
要价,3
缴纳,3
地价,3
水雷,3
白银,3
跌势,3
市场供应,3
实业,3
悉尼大学,3
大麦,3
农作物,3
运输成本,3
印度政府,3
锐减,3
飞速发展,3
分布式,3
探路者,3
科技奖,3
夫人,3
国情,3
致远,3
受控,3
可笑,3
伊方,3
以示,3
尹锡悦,3
请托,3
拿出,3
自幼,3
看护,3
称作,3
大宝,3
森节,3
黑风洞,3
言语,3
陵水,3
华丽,3
优雅,3
泉州,3
陈凯欣,3
承办,3
纷呈,3
城市化,3
城市规划,3
通风,3
创投公司,3
赶往,3
拟向,3
扬言,3
作风,3
增肥,3
发热,3
可为,3
身材,3
佩服,3
犹豫,3
上身,3
只见,3
对华贸易,3
人脸识别,3
驾车者,3
交通规则,3
应得,3
回程,3
飞抵,3
加德满都,3
瓦拉,3
提供援助,3
语带,3
肤色,3
车流,3
时速,3
克拉,3
车速,3
减灾,3
穆罕默德,3
划定,3
正同,3
全力支持,3
友好合作,3
受训,3
公共行政,3
南山区,3
李光,3
金融学,3
大湾,3
核心部件,3
中学生,3
方方面面,3
高新技术,3
参观者,3
咀嚼,3
怀揣,3
抗拒,3
恋爱,3
反倒,3
影评,3
解开,3
动人,3
接上,3
制度性,3
年老,3
回乡,3
失落,3
回溯,3
开映,3
贸然,3
碰面,3
蓝鸿春,3
潮语,3
真伪,3
素人,3
道路交通,3
补丁,3
细则,3
买到,3
强制性,3
先行,3
权责,3
提请,3
完备,3
施行,3
智能网,3
缘起,3
冥想,3
设计图,3
折旧,3
摊销,3
气旋,3
悬浮,3
涟漪,3
子孙后代,3
艺术展,3
打量,3
不懈,3
安危,3
尊敬,3
谦虚,3
低下,3
贴切,3
任教,3
吞并,3
欣慰,3
增发,3
幸存者,3
救出,3
拉马,3
再融资,3
孙正义,3
德瓦纳坦,3
蕴藏,3
企业应用,3
借款,3
逃兵,3
筹钱,3
欣欣,3
起码,3
军政府,3
仰光,3
入伍,3
屋顶,3
坏事,3
流离失所,3
参战,3
抢劫,3
议席,3
特拉,3
盛传,3
暴力行为,3
渗透到,3
热带风暴,3
连日,3
网络连接,3
警官,3
保外,3
候审,3
那拉提,3
瓦府,3
年府,3
枪击,3
车龙,3
暴力事件,3
发电站,3
进口国,3
火情,3
笔名,3
域名,3
无辜,3
延扣,3
摩托车,3
破获,3
内省,3
冒出,3
清真,3
征询,3
迈拉,3
撤军,3
流血冲突,3
调停,3
安塞,3
所有权,3
合法化,3
金边,3
军装,3
代行,3
塔拉,3
候选,3
中央银行,3
边佳兰,3
全马,3
西马,3
空污,3
雪兰莪,3
阿末扎希,3
政治局势,3
彭亨,3
握有,3
降息,3
燃起,3
闯关,3
格兰德,3
拉斯卡,3
溺亡,3
欧洲联盟,3
当地政府,3
徘徊,3
翻越,3
宽容,3
颁布,3
无证,3
居留,3
入境者,3
伊比利亚,3
意大利政府,3
捧起,3
费利佩,3
沸腾,3
卡西,3
津津乐道,3
声援,3
小城,3
海路,3
安全部队,3
英国政府,3
责任人,3
自发,3
网络空间,3
上周四,3
选择权,3
签下,3
跨海,3
免签,3
日及,3
马拉加,3
雏鸟,3
库宁,3
难得一见,3
队史,3
法甲,3
费兰,3
战袍,3
建物,3
暂无,3
屋檐,3
进出,3
怀抱,3
官方网站,3
上向,3
卫冕,3
荣获,3
说服,3
个性,3
东家,3
王欣敏,3
深造,3
敏感度,3
步调,3
鲜活,3
总比分,3
边锋,3
上半场,3
传球,3
开场,3
禁区,3
空隙,3
反向,3
维纳斯,3
果报,3
执着,3
有机,3
肝脏,3
废物,3
升起,3
讯息,3
大地,3
安全感,3
敞开,3
香烟,3
细微,3
趴在,3
看望,3
肮脏,3
温情,3
贵宾,3
抽取,3
由衷,3
愉快,3
勾起,3
催促,3
悲痛,3
实境,3
浴缸,3
合照,3
死因,3
非政府,3
实则,3
谋生,3
年迈,3
中学阶段,3
落到,3
疗效,3
讲台,3
家常,3
原味,3
导火索,3
光环,3
调查结果,3
受过,3
免疫系统,3
残留,3
切除,3
测序,3
催化剂,3
耐克,3
持卡人,3
牢固,3
派息,3
北大荒,3
通知书,3
康盛,3
指挥部,3
人失,3
限度,3
训练场,3
百业,3
比达,3
放进,3
餐具,3
通过培训,3
闲聊,3
升学,3
秋粮,3
大头,3
保供,3
丰收,3
渔业,3
关键环节,3
察看,3
防灾,3
科学院,3
夺取,3
新世界,3
增设,3
迁入,3
新哈,3
维文,3
水循环,3
互通,3
货运量,3
偷偷,3
空难,3
很久,3
整场,3
陈重瑛,3
鞭刑,3
松开,3
拉到,3
伸手,3
市政厅,3
查封,3
痛失,3
韩文,3
面值,3
收银员,3
字样,3
兑换,3
识破,3
生儿育女,3
全日制,3
和托婴,3
慷慨,3
全村,3
知悉,3
腰部,3
国家机关,3
结案,3
厅长,3
了结,3
追究责任,3
张美兰,3
渎职,3
转给,3
提现,3
所得税,3
二度,3
动土,3
安安,3
马琼,3
纳扎尔巴耶夫,3
从约,3
宇航,3
新进展,3
液体,3
运载,3
副总,3
纸板,3
药盒,3
朱克力,3
寡头,3
特权,3
工业体系,3
打网球,3
丝带,3
布隆迪,3
科技进步,3
车间,3
惊叹,3
刷新纪录,3
出差,3
科尔多瓦省,3
穆斯,3
开府,3
征地,3
官僚,3
吸取,3
征用,3
汽车品牌,3
拖垮,3
断崖,3
差价,3
商圈,3
关停,3
改建,3
曝出,3
不禁,3
存活,3
买车,3
置换,3
长尾,3
不靠,3
超大,3
小将,3
体育馆,3
错失,3
新加坡队,3
奖牌,3
鼓舞,3
摘得,3
包揽,3
金牌,3
佳节,3
奢华,3
烤肉,3
美式,3
佳肴,3
外带,3
柔和,3
史丹福,3
迷思,3
医疗机构,3
老年人,3
跑者,3
校友会,3
女友,3
责怪,3
发怒,3
难再,3
后悔,3
高墙,3
犯人,3
贤明,3
出外,3
袋子,3
节制,3
屋檐下,3
共绘,3
新章,3
唐城坊,3
筹建,3
波折,3
留言簿,3
营业时间,3
分至,3
递到,3
咖啡师,3
邱涌瑞,3
咖啡机,3
谭咏,3
久违,3
欢呼,3
处分,3
金赛纶,3
祭品,3
凭空,3
回事,3
二者,3
治疗师,3
消极,3
沙巴,3
出席率,3
建制,3
桥水,3
曹宝,3
造船,3
低功耗,3
从头,3
金融服务,3
公私,3
学习态度,3
跳舞,3
得当,3
会花,3
安德逊,3
科目,3
语特,3
小组讨论,3
心理压力,3
罚单,3
罔顾,3
达布蒂里,3
公测,3
防台,3
停航,3
台北市,3
停工,3
雨量,3
台商,3
灭火器,3
将火,3
取得联系,3
登台,3
戏码,3
转身,3
朝向,3
新人,3
已婚,3
王子,3
通告,3
舞狮,3
宣泄,3
举起,3
另一头,3
老妇,3
魔鬼,3
文化遗产,3
组长,3
黄丹威,3
实马,3
关键作用,3
经济命脉,3
汉明,3
赞赏,3
合影留念,3
看错,3
无从,3
小六,3
会考,3
优异,3
新机遇,3
船艇,3
南美,3
职总,3
依序,3
财物,3
偷走,3
便利店,3
伴侣,3
庆幸,3
买房,3
莫汉,3
徐芳达,3
优选,3
脸书贴,3
许智扬,3
年限,3
打入,3
心理学家,3
打法,3
符诗恩,3
金铜,3
杨医生,3
国立大学,3
分解,3
进食,3
重度,3
展位,3
家庭医生,3
赞助商,3
变慢,3
马丁,3
硬化症,3
完好,3
爸妈,3
推上,3
黄瑞成,3
双手,3
逗留,3
警车,3
宕机,3
还好,3
彩排,3
丹绒,3
绝无,3
删减,3
张胜丰,3
好用,3
沉默,3
走入,3
文凭,3
麦加,3
乱局,3
民兵,3
动武,3
病故,3
顶峰,3
赵紫阳,3
苦主,3
世界秩序,3
疗程,3
流产,3
终止,3
新生,3
受惠者,3
混凝土,3
甜头,3
注资,3
胜科,3
吉宝,3
波音公司,3
增创,3
拉特,3
克利夫,3
执掌,3
中情局,3
使领馆,3
马达,3
尼扎,3
无助于,3
窒息,3
军事冲突,3
合力,3
参访,3
持续保持,3
具体措施,3
加拿大政府,3
美国进口,3
客工,3
熏黑,3
水管,3
瓦尔,3
中印关系,3
中山大学,3
驻华,3
商定,3
国家文物局,3
处处长,3
主播,3
让路,3
大喊,3
恶作剧,3
可卡因,3
派出所,3
搬运工,3
市场营销,3
远见,3
投资决策,3
日常用品,3
答谢,3
亲眼,3
梦幻,3
林美莲,3
责任心,3
曼苏尔,3
安踏,3
招股,3
研究局,3
资本密集型,3
未上市,3
经常性,3
遍及,3
安永,3
李德,3
疏忽,3
代理会,3
很高,3
重大损失,3
揭开,3
易于,3
较强,3
李坚辉,3
许志恩,3
注册量,3
屋主,3
房源,3
办公楼,3
奥森伯纳,3
客户经理,3
千禧,3
宁愿,3
鲜明对比,3
抱负,3
抓捕,3
极强,3
恐怖袭击,3
入睡,3
进口关税,3
署名,3
传统产业,3
含金量,3
收敛,3
成色,3
能级,3
政策性,3
中国人民大学,3
十足,3
空头,3
帽子,3
萨特,3
巴尔迪,3
斯马,3
山地,3
征集,3
印族,3
后人,3
陈述,3
致意,3
棒球,3
观众席,3
会议室,3
隆重,3
同欢,3
证件,3
团聚,3
副会长,3
捐献,3
赞美,3
电台,3
医疗保障,3
普世,3
贴心,3
福寿,3
送达,3
互助,3
经费,3
气息,3
开幕典礼,3
阮桂铭,3
停顿,3
诚挚,3
会务,3
聂泽英,3
宣誓就职,3
就职,3
中山,3
正义,3
探员,3
盘查,3
射杀,3
看成,3
纳税人,3
恐将,3
好莱坞,3
解析,3
旧金山湾,3
背书,3
罗伯特,3
伍德,3
理解力,3
敏感性,3
指针,3
学术期刊,3
德威,3
推崇,3
耶鲁大学,3
百人,3
高中生,3
乔治亚州,3
网址,3
新店,3
堵车,3
本市,3
宝座,3
刘醇逸,3
造就,3
跳脱,3
调查员,3
拘捕,3
高考,3
跑车,3
修正案,3
无权,3
六票,3
三票,3
限缩,3
王章华,3
生子,3
过关,3
穆斯林,3
商会会长,3
高度评价,3
警政,3
公共安全,3
保税,3
空港,3
踏出,3
周转,3
航材,3
增值税,3
内销,3
进口成本,3
单台,3
裂变,3
谋划,3
业务范围,3
印制,3
季节,3
广西壮族自治区,3
聚焦点,3
实景,3
郭璁,3
薄弱,3
割裂,3
为准,3
追究其,3
人寿,3
李争浩,3
临港,3
盛亚峰,3
核准,3
减量,3
平均价格,3
好转,3
一流,3
市占率,3
铠侠,3
股东会,3
主航道,3
终端产品,3
晶圆,3
存储器,3
约定,3
国家有关,3
信息安全,3
行业协会,3
爬坡,3
执飞,3
机龄,3
错配,3
汉光,3
精炼,3
盐湖,3
大关,3
现金流量,3
下线,3
出口配额,3
股派,3
金红利,3
含税,3
身高,3
天卓,3
陈东升,3
管理工作,3
运营官,3
商超,3
囤货,3
主产区,3
每斤,3
平缓,3
养殖户,3
淡季,3
单车,3
下放,3
风头,3
奇瑞,3
受雇,3
二手市场,3
聚光灯,3
积淀,3
布拉德,3
高能,3
欧美,3
净增,3
关口,3
历史纪录,3
锚定,3
变形,3
波涛,3
初始,3
回弹,3
打断,3
长程,3
鞋舌,3
受力,3
坐标,3
嵌合,3
综合性,3
李晓东,3
响应速度,3
爆发力,3
规程,3
实名制,3
零食,3
企法,3
焦德贵,3
同行人,3
赶上,3
座票,3
三者,3
总支出,3
变局,3
财政状况,3
改变现状,3
放量,3
充沛,3
大洋彼岸,3
两弹一星,3
所属单位,3
袁家军,3
俞正声,3
医治无效,3
阴和俊,3
派兵,3
星链,3
操作员,3
防控,3
丧命,3
监督管理,3
公路交通,3
经营者,3
古驰,3
投资收益,3
约等于,3
经济合作与发展组织,3
华府,3
弗罗,3
人民大会堂,3
区委书记,3
淄博,3
市委常委,3
乐山市,3
违背,3
不力,3
开除,3
一律,3
优先权,3
虚伪,3
选票,3
口吻,3
民心,3
离去,3
访马,3
琐碎,3
云菲,3
讲师,3
盛名,3
渔民,3
新兵,3
乘船,3
无缝,3
市镇,3
求学,3
小国,3
较往年,3
挪威政府,3
顿涅茨克,3
字形,3
雷扎伊,3
现实情况,3
和平谈判,3
茨城县,3
千叶县,3
体感,3
积水,3
地下水,3
电力公司,3
电路,3
福岛,3
东海,3
跌落,3
减税,3
追悼,3
反省,3
倒塌,3
造型,3
采取相应,3
卢胡特,3
越是,3
兴业,3
急救,3
抑郁,3
花朵,3
京剧,3
宏文,3
订票,3
生硬,3
谱系,3
歌剧,3
西洋,3
调速,3
走时,3
意指,3
发条,3
储量,3
新政,3
吉打,3
潜入,3
尤索夫,3
电线杆,3
优秀人才,3
工资制,3
更替,3
努鲁迪尼,3
限额,3
带薪,3
过渡期,3
煎饼,3
判读,3
曾志远,3
世界大战,3
接轨,3
互不,3
稳住,3
世贸组织,3
匹敌,3
谈起,3
掩饰,3
敲响,3
警钟,3
空对空,3
客座,3
巡航导弹,3
哈马斯,3
难民营,3
北海道,3
排放量,3
斯德哥尔摩,3
军机,3
沉没,3
访台,3
康保县,3
全县,3
凡是,3
莫哈末哈山,3
牛津大学,3
套用,3
陪审团,3
审讯,3
辩称,3
拉拢,3
口试,3
不难,3
考题,3
宣导,3
禁言,3
清华,3
老头,3
用语,3
江苏省,3
财经报道,3
为题,3
留学,3
大同,3
美美,3
美国斯坦福大学,3
哈斯,3
讲席,3
感性,3
中国崛起,3
贫富,3
修辞,3
公信力,3
孙一先,3
国际联盟,3
排放,3
环境治理,3
台军,3
难道,3
屈辱,3
宪政,3
宣示,3
三读通过,3
政治立场,3
大法官,3
淮北,3
综合局,3
苗得雨,3
促谈,3
佩雷斯,3
就读于,3
中国政法大学,3
政治系,3
校友,3
委屈,3
野心,3
撤出,3
拼图,3
栏目,3
联合演习,3
劳务,3
反潜巡逻机,3
美国第七舰队,3
航速,3
反潜,3
新城,3
接续,3
下限,3
发力,3
列明,3
纪检监察,3
廉洁,3
江苏省委,3
辛格,3
轰动,3
比肩,3
冠病,3
服务部,3
极光,3
交战,3
蒸汽,3
铁道,3
寻回,3
崩盘,3
不大,3
偏远地区,3
金手镯,3
宏基,3
急需,3
掏出,3
瘀伤,3
入学,3
管理员,3
盛港,3
万国,3
脱困,3
军事装备,3
复发,3
营收料,3
增长势头,3
找寻,3
南岸区,3
练习生,3
出言,3
高喊,3
行进,3
筹备工作,3
王毅自,3
敌视,3
愿以,3
韩朝,3
核弹头,3
谈判桌,3
尚属,3
中俄关系,3
收录,3
防御机制,3
西沙群岛,3
推搡,3
打人,3
前科,3
单程,3
点对点,3
召车,3
并重,3
假冒,3
氢气,3
燃气轮机,3
耗电,3
计划书,3
求助者,3
跌入,3
服务中心,3
染上,3
石碑,3
综合体,3
总成本,3
建筑群,3
保护伞,3
时分,3
托德,3
对台,3
应询,3
严格遵守,3
原产,3
温差,3
姑娘,3
旅人,3
落日,3
甲板,3
绕开,3
戏称,3
因病,3
老房子,3
商业街,3
耳朵,3
疑惑,3
基督教,3
淡水,3
头像,3
沉睡,3
寻常,3
金黄,3
谕令,3
保释金,3
吊销,3
依斯迈,3
巫裔,3
警示灯,3
警笛,3
旅车,3
县区,3
例称,3
洗牌,3
麦明辉,3
治国,3
报生,3
永光,3
庄泓翔,3
主簿,3
离婚,3
批发,3
客源,3
金纸,3
焚纸,3
较小,3
贵宾犬,3
关在,3
货款,3
求情,3
案发后,3
轻判,3
交代,3
住处,3
改道,3
皮尤,3
矛头,3
会议纪要,3
中国化,3
算盘,3
亚太经济合作组织,3
史观,3
谬论,3
历史观,3
圈层,3
排斥,3
限流,3
炮制,3
间谍活动,3
盛开,3
拉扎,3
栽种,3
和澳洲,3
阿尔巴尼,3
成品油,3
配枪,3
作案,3
持枪,3
洛班市,3
米舒斯,3
韩元,3
升值,3
日渐,3
乱枪,3
黑箱,3
留学生,3
分支,3
酒桌,3
启示,3
滨江,3
破碎,3
全局,3
公安局,3
阿卜杜拉,3
愚蠢,3
政策措施,3
拓宽,3
频次,3
拆迁,3
居民家庭,3
爬山,3
偶遇,3
亚东,3
附件,3
哈普曾,3
后备箱,3
打字,3
大意,3
侵占,3
套取,3
数罪并罚,3
退赔,3
深圳市中级人民法院,3
被告人,3
一审,3
认罪,3
誓言,3
贫富差距,3
市场机制,3
计划经济,3
分税制,3
周年纪念,3
夹手,3
肿胀,3
中文名,3
可变,3
闪购,3
高姓,3
致使,3
内卷,3
余承东,3
海狗,3
炒作,3
发微,3
会用,3
问个问题,3
回老家,3
聊到,3
模板,3
聊聊,3
订阅费,3
折腾,3
初稿,3
狂欢,3
看得懂,3
掩护,3
华诞,3
党和国家,3
诗句,3
撤退,3
亚洲协会,3
鲜明个性,3
王冶坪,3
表白,3
文革,3
裁撤,3
空降,3
李鹏,3
抛出,3
李克强,3
发表文章,3
冷却,3
殴打,3
分管,3
献祭,3
大连,3
工程系,3
菏泽市,3
宁夏回族自治区政府,3
结交,3
短路,3
对面,3
车头,3
损毁,3
礼路,3
汉达,3
英达,3
奎因,3
无现金,3
上车时,3
陈先生,3
骂人,3
伤人,3
病假,3
杀虫剂,3
加尔各答,3
卑鄙,3
停尸房,3
捐赠者,3
马萨诸塞州,3
表示慰问,3
希利,3
拆分,3
英国首相,3
高雄,3
荒诞,3
传统友谊,3
党派,3
加勒比,3
参拜,3
靖国神社,3
列席,3
桃园,3
迷人,3
水流,3
小船,3
清香,3
时而,3
品味,3
闲暇,3
彩色,3
独立思考,3
直觉,3
真空,3
振荡,3
特性,3
夹板,3
补钙,3
美妆品,3
香膏,3
荔枝,3
护肤品,3
活性,3
防晒,3
浇水,3
尾巴,3
彻查,3
红灯,3
冰毒,3
顺应,3
迫于,3
经济基础,3
经济总量,3
营养餐,3
宿务,3
围观,3
降噪,3
吴明辉,3
经营方式,3
人才库,3
修补,3
武吉查卡站,3
总算,3
月台,3
行销,3
出庭,3
助长,3
犯罪分子,3
霞海,3
城隍庙,3
祈求,3
抢票,3
宣言,3
动力源,3
犯罪集团,3
王星,3
恶性,3
试用期,3
迫切性,3
苏达,3
里约诺,3
系统故障,3
边管,3
乏力,3
内波,3
穆塞诺,3
总营收,3
保险公司,3
粗糙,3
阿拉伯,3
最靠,3
钦点,3
反常,3
王沪宁,3
沉痛,3
同志,3
雨棚,3
年度报告,3
衍生品,3
合法政府,3
英文版,3
登岛,3
代表处,3
重庆市委,3
政治学系,3
绕行,3
变为,3
核心区,3
徐全,3
缺位,3
胡锡进,3
晚餐,3
推倒,3
协同工作,3
解法,3
试图用,3
吃力,3
教母,3
伯克利,3
大事,3
增暖,3
流域,3
华中,3
中南部,3
超强,3
腰果,3
南瓜,3
浚德田,3
提味,3
踪迹,3
金隆,3
上门,3
山普,3
禅寺,3
猴头菇,3
云吞面,3
椰浆,3
接班人,3
陈惠特,3
试吃,3
油炸,3
莉娅,3
味蕾,3
纯素,3
谷物,3
不加,3
聚集地,3
送餐,3
金枪鱼,3
牛油果,3
克约,3
微量,3
锁住,3
主食,3
富比,3
成长率,3
周刊,3
点头,3
机系统,3
总价,3
床位,3
麦肯锡,3
入市,3
提倡,3
媲美,3
调取,3
备份,3
部手机,3
一分钱,3
黑名单,3
游说,3
信息量,3
风向标,3
隐蔽,3
攻击者,3
两难,3
逃脱,3
着眼于,3
数据处理,3
直线,3
业务流程,3
不均,3
美英,3
斯特里,3
脱身,3
风险意识,3
提供者,3
专题,3
转嫁给,3
中国日报,3
内生,3
潘梓,3
投前,3
复用,3
外机,3
程亮,3
趁势,3
退去,3
乐观主义,3
诚然,3
热干面,3
罗兰,3
侯赛因,3
忤逆,3
买不到,3
会展,3
业务部门,3
冬海,3
中兴通讯,3
不容,3
图龙锋,3
干案,3
圣何塞,3
数字化,3
非技术,3
数据结构,3
吞掉,3
报错,3
写错,3
写作能力,3
日志,3
神奇,3
切分,3
校准,3
略懂,3
可视化,3
长沙市,3
浏阳市,3
沁源县,3
规范化,3
公共利益,3
编制,3
印本,3
基因突变,3
摸清,3
打磨,3
复杂度,3
原型机,3
全速,3
原子,3
激光,3
磁场,3
萨姆,3
工具集,3
流体,3
复现,3
像素,3
领军人物,3
黄思汉,3
宗教团体,3
李健聪,3
人道主义,3
美台,3
胜出,3
哈德逊,3
批判,3
禁用,3
徽章,3
减速,3
审前,3
列表,3
额外收费,3
第一性,3
刚好,3
加价,3
压到,3
银行业务,3
涨停,3
空警,3
美国国会,3
涉军,3
休战,3
航天技术,3
格沃兹,3
成像,3
调出,3
呼出,3
装作,3
解题,3
过载,3
写出,3
谈谈,3
元宝,3
键盘,3
军备竞赛,3
迟缓,3
脱敏,3
出题,3
可验证,3
讲完,3
多用户,3
加持,3
物理学,3
已较,3
拓扑,3
数理,3
唤醒,3
阿波罗,3
黑石,3
巡查,3
莱夫,3
法学,3
静态,3
矿井,3
交易方式,3
经济性,3
意向,3
手写,3
微弱,3
出下,3
杰克,3
暂时中止,3
抬升,3
募资,3
闻泰,3
司法机关,3
日美,3
股盘,3
产品质量,3
两园,3
双城,3
文静,3
全域,3
杨某,3
执业,3
市场准入,3
分行,3
轮作,3
拖拉机,3
致信,3
安巴,3
运输量,3
越南盾,3
穆勒,3
反垄断,3
减员,3
玛莎,3
家居,3
合理性,3
生产者,3
意向书,3
争相,3
花旗集团,3
互联网服务,3
卖点,3
立陶宛,3
坍塌,3
军备,3
克朗,3
施塔特,3
电子战,3
敌方,3
舷号,3
划算,3
陈子昂,3
流通股,3
边际,3
免责,3
串行,3
脱节,3
用药,3
去过,3
环境因素,3
解决不了,3
高分,3
价格优势,3
北美华人,3
吃亏,3
锁死,3
文曲星,3
银河,3
功耗,3
制造厂,3
联华,3
铺开,3
适应性,3
流程化,3
图像识别,3
蓝鲸,3
稀宇,3
对模型,3
濒海,3
战斗舰,3
反舰导弹,3
将要,3
裁退,3
深约,3
坑洞,3
推至,3
光刻机,3
自救,3
奇峰,3
伯温,3
集聚,3
股票代码,3
在校学生,3
崔洪建,3
美俄都,3
征服,3
执行层,3
移出,3
原研药,3
类药物,3
轻量,3
邮寄,3
减肥药,3
拼音,3
切成,3
英伟,3
加载,3
顺滑,3
印尼语,3
越南语,3
中阿,3
较好,3
离线,3
调头,3
飞掠,3
性别,3
拉瑟,3
特尔,3
思科,3
里根,3
口碑,3
缺钱,3
市销率,3
君微信,3
推动者,3
交替,3
涌动,3
代伊,3
至多,3
孟菲斯,3
奥特,3
何立峰,3
终端设备,3
卡位,3
超算,3
负载,3
多吉,3
黄诗颖,3
低糖,3
华峰,3
放开,3
疙瘩,3
李伯江,3
王家,3
延津县,3
老罗,3
奠客,3
苏家庄,3
老孟,3
打谷场,3
砍刀,3
下流,3
货郎,3
计较,3
阮家庄,3
便秘,3
耐受,3
血脂,3
精选,3
助益,3
脂蛋白,3
排便,3
食欲,3
炒面,3
柠檬水,3
摄入量,3
偏凉,3
胃部,3
类黄酮,3
变质,3
胶囊,3
养护,3
软骨,3
炎症,3
讲题,3
污染物,3
开封,3
豆花,3
豆乳,3
肉菜,3
看不上,3
拭泪,3
故人,3
起床,3
进屋,3
假话,3
不瘫,3
事理,3
却身,3
性急,3
脑浆,3
敲成,3
挂帅,3
出征,3
用得着,3
听烦,3
孔家庄,3
窦家庄,3
刮蔑,3
摆到,3
葱丝,3
荆芥,3
逢集,3
一闻,3
曲儿,3
甘心,3
鼓槌,3
鼓面,3
花样,3
白玉,3
玛瑙,3
连说,3
带唱,3
不喜,3
卖东西,3
再不,3
没理,3
房门口,3
坏话,3
秃子,3
白皮,3
吃酒,3
埋怨,3
白送,3
酒桌上,3
李家,3
挑水,3
调到,3
掏完,3
不上,3
散酒,3
周全,3
换到,3
借人,3
阵势,3
就着,3
借给,3
姓段,3
开了个,3
不定,3
憋着,3
拐棍,3
就别,3
娘治气,3
闷得慌,3
弄口,3
打铁,3
淡饭,3
眼圈,3
记血,3
伤疤,3
记上,3
偷吃,3
枣糕,3
扬起,3
铁勺,3
冒血,3
入夏,3
人本,3
钱财,3
慢工,3
饭勺,3
淬火,3
打制,3
耙齿,3
不记,3
单记,3
保不齐,3
地亚,3
艾伦,3
趋严,3
牵引,3
赵亚,3
税务机关,3
控股公司,3
投下,3
万卡,3
算子,3
依赖于,3
杨立昆,3
摩擦力,3
瓶盖,3
文生,3
商办,3
商品住宅,3
废料,3
算了,3
毛里求斯,3
维茨,3
万斯,3
备降,3
下设,3
公司总部,3
稍晚,3
联合国教科文组织,3
全称,3
曾一度,3
父子,3
辽宁,3
入列,3
生物学,3
圣克拉拉,3
市场前景,3
百事,3
光通信,3
服务公司,3
兴盛,3
北京市人民政府,3
航空局,3
蚊子,3
鱼骨,3
蒲式耳,3
施肥,3
艺术创作,3
琉球群岛,3
宫古,3
宽度,3
语言学,3
圣地亚哥,3
诗韵,3
阿兹兹,3
商贾,3
丹娜丝,3
行李架,3
服务员,3
萧山,3
洪慧芳,3
半舍,3
安民,3
仓山区,3
戏台,3
菜馆,3
李立斋,3
信众,3
尚书,3
三通,3
殉难,3
冰心,3
林觉民,3
冷冻,3
大街,3
达沃斯,3
已趋,3
月销量,3
服务区,3
标准版,3
可可豆,3
拉夫罗夫,3
骆明辉,3
弹劾,3
贝蒂,3
服务型,3
餐员,3
清泉,3
海棠花,3
山间,3
分辨率,3
寻梦,3
山村,3
冰盖,3
考察队,3
中山站,3
实践经验,3
进阶,3
修理,3
归纳,3
人身权,3
肖像权,3
午盘,3
聚合,3
主线,3
朴某,3
季某,3
贿赂,3
越权,3
差点,3
群核,3
隔热,3
初赛,3
拼车,3
堂食,3
卡带,3
影音,3
蓝光碟,3
批发商,3
厦门市,3
鹭岛,3
卡克,3
非洲大陆,3
离散,3
操纵,3
岩壁,3
吴大任,3
经院,3
稳定物价,3
缺货,3
塑胶,3
乙烯,3
增产,3
最高点,3
增收,3
庙会,3
供奉,3
潘嘉琳,3
林芸如,3
斯坦伯格,3
变电,3
霍华德,3
关丹,3
荷兰东印度公司,3
变体,3
平行,3
红米,3
妇女节,3
语音指令,3
智能家居,3
建构,3
防空网,3
明室,3
联军,3
前提条件,3
摇曳,3
华校,3
汉语言,3
授课,3
小卢,3
木乃伊,3
游轮,3
法老,3
卢克索,3
远征,3
古迹,3
胡夫,3
墓穴,3
竣扬,3
黄碧娟,3
尼奥斯,3
分销,3
实战,3
魏东旭,3
攻台,3
共同社,3
半山,3
棒菜,3
花椒树,3
育苗,3
和小鹏,3
调减,3
图利,3
散布,3
瑞幸,3
苏莱曼,3
主谋,3
盗用,3
劳雷尔,3
施泰因,3
贝格尔,3
汤森,3
塔利班,3
栽插,3
天基,3
母舰,3
星球,3
政协委员,3
斩首,3
瑞尔,3
外交活动,3
王鹏,3
长流水,3
风沙,3
种树,3
植树,3
先锋队,3
信实,3
炼油,3
赫尔佐格,3
霍去病,3
客源国,3
中国新闻社,3
苗华,3
翟隽,3
海燕,3
资助金,3
黄景,3
重点项目,2
储值,2
艺术工作者,2
艺术交流,2
所知,2
古尔曼,2
背包,2
降临,2
家家,2
风吹,2
炙热,2
无边,2
一动,2
温婉,2
深情,2
流淌,2
根脉,2
牵绊,2
打闹,2
些许,2
趵突泉,2
不息,2
奔涌,2
轰鸣,2
水花,2
碎裂,2
清凉,2
闽清县,2
状元,2
刘棠,2
墓碑,2
萧条,2
木薯,2
菊花,2
埋葬,2
没得,2
树干,2
左脚,2
劳累,2
种植园,2
没事,2
折磨,2
带上,2
玉蜀黍,2
游击队,2
接济,2
埋藏,2
稻米,2
残忍,2
飞快,2
第二次世界大战,2
陶民,2
停学,2
听从,2
耕田,2
种地,2
媳妇,2
幼稚园,2
嫁人,2
只读,2
福音,2
盼望,2
讲道,2
得救,2
一家子,2
教导,2
基督徒,2
增到,2
胶工,2
轮船,2
认字,2
养鸡,2
小片,2
充作,2
白糖,2
甘蔗,2
致富,2
村里人,2
烧水,2
麻利,2
不爱,2
奇葩,2
名气,2
顿时,2
惊呼,2
少数民族,2
饱满,2
结实,2
干粮,2
小食,2
一碟,2
年糕,2
补货,2
没到,2
抢先,2
聚居地,2
风行,2
水壶,2
咖啡杯,2
食堂,2
茶水,2
没读,2
读懂,2
逃走,2
捡回,2
淹死,2
丁善,2
只身,2
不详,2
名扬,2
合乐,2
好喝,2
东主,2
绰号,2
行内,2
香甜,2
后巷,2
醇香,2
糖衣,2
油亮,2
浓香,2
怨言,2
记号,2
自治,2
驼路,2
有名,2
大坡,2
新世纪,2
民国,2
小本生意,2
木板,2
小车,2
考证,2
惨痛,2
独创,2
前辈,2
伯父,2
影展,2
吹倒,2
借风,2
风翼,2
升离,2
防骗,2
骗走,2
卡牌,2
收藏品,2
林说,2
重播,2
林奖,2
无价,2
移步,2
重温,2
冉冉升起,2
勉励,2
奉献,2
整齐,2
庄严,2
歌声,2
指尖,2
握紧,2
光彩,2
时所,2
祖辈,2
杂乱,2
理顺,2
旋律,2
米兰,2
比可卡,2
主笔,2
分心,2
年龄段,2
脉搏,2
未婚先孕,2
抗争,2
套路,2
预告片,2
努力学习,2
全然,2
幸福感,2
伤感,2
实力派,2
魔力,2
辛云,2
内向,2
平常,2
体贴,2
觉醒,2
迟早会,2
新生代,2
古装,2
奇幻,2
沃尔兹,2
盛宴,2
余味,2
副产品,2
停摆,2
救回,2
背痛,2
危急,2
对接口,2
内送院,2
脉象,2
服员,2
空服,2
会合,2
快得多,2
开挂,2
书法,2
祭侄,2
家国,2
底蕴,2
卡顿,2
毛病,2
追剧,2
大程度,2
学习者,2
德华,2
复述,2
接见,2
妨碍,2
流媒体,2
免于,2
技术性,2
最合适,2
推向市场,2
知识产权局,2
大礼,2
产品设计,2
燕尾服,2
郑重,2
咨询服务,2
跃居,2
揭晓,2
等受,2
下议院,2
阿甲,2
创伤,2
企业倒闭,2
能源部长,2
紧迫性,2
高通,2
远胜,2
收视,2
中剧,2
长剧,2
同质化,2
表情,2
两极,2
花果山,2
天生,2
动画片,2
布置,2
学术研究,2
拉萨尔,2
一新,2
不具,2
问起,2
人林,2
社科,2
精通,2
过河,2
政治经济,2
阴谋论,2
谦逊,2
宾夕法尼亚州,2
输掉,2
中西部,2
尖锐,2
布拉,2
选战,2
欧莱雅,2
鲁什,2
切入点,2
乒乓球,2
马里兰州,2
调和,2
陈凯,2
蔡汉廷,2
洪煜,2
电子邮件,2
风洞,2
应先,2
需求预测,2
建兴,2
于微软,2
对撞,2
选题,2
订货,2
室内设计,2
身兼,2
人马,2
定案,2
曾毓文,2
配色,2
母婴,2
少油,2
掉队,2
回味,2
双通,2
人情味,2
时代感,2
复古,2
瓷砖,2
演绎,2
软化,2
虾饼,2
观察点,2
超威,2
内存价格,2
新创,2
振奋,2
收跌,2
美国商务部,2
产品组合,2
新帅,2
微退,2
进场,2
水疗,2
托儿所,2
低潮,2
连路,2
会因,2
过山车,2
回撤,2
较窄,2
欧洲央行,2
受压,2
揭秘,2
水泥,2
压延,2
加工业,2
电子行业,2
大类,2
再快,2
出厂价格,2
于卫宁,2
供强,2
需弱,2
雷克萨斯,2
实属,2
压铸,2
传统工艺,2
中文网,2
澳新,2
受扰,2
拉腊,2
发射装置,2
正统,2
本币,2
男单,2
不敌,2
单打,2
罗马尼亚,2
抽筋,2
梅德韦,2
杰夫,2
资格赛,2
好手,2
脊椎,2
破掉,2
发球局,2
连赢,2
丢掉,2
首盘,2
爆冷,2
险胜,2
赛制,2
里奇,2
丰塞卡,2
阿尔卡拉,2
德甲联赛,2
法兰克福,2
奥格斯堡,2
客队,2
菲尔,2
传中,2
马塔,2
远射,2
犯规,2
拜仁,2
慕尼黑,2
卡德,2
金孝周,2
收官,2
总成绩,2
高尔夫球,2
顶住,2
上以,2
末段,2
饲料,2
卡迪,2
桌椅,2
进更,2
纪念品,2
天色,2
夜景,2
入夜,2
小憩,2
白沙滩,2
摩纳哥,2
新开幕,2
甜蜜,2
寿司,2
乌冬,2
普拉提,2
趁机,2
海滨,2
教师节,2
民丹岛,2
搬家,2
收藏,2
丹那,2
美拉,2
海景,2
沙滩,2
皮划艇,2
置身,2
都市,2
共存,2
静谧,2
独处,2
游乐场,2
叶子,2
纹理,2
风貌,2
尹丽红,2
向导,2
天地,2
和裕,2
廊坊,2
寻得,2
远行,2
纷扰,2
绿岭,2
高架,2
乌敏岛,2
绿地,2
掠过,2
陡坡,2
古镇,2
薰衣草,2
山石,2
湖水,2
田野,2
沉静,2
火车站,2
黄色,2
巷道,2
不由得,2
哥特式,2
耸立,2
简约,2
雄伟,2
圣母,2
高台,2
巷角,2
塔尖,2
夹杂着,2
河流,2
观景台,2
音符,2
石阶,2
依山,2
磐石,2
人工湖,2
托起,2
奔腾,2
湖面,2
光泽,2
石块,2
尘世,2
居所,2
古罗马,2
张力,2
眉豆,2
香肠,2
咸派,2
偏爱,2
蔚蓝,2
麦香,2
花哨,2
讨喜,2
面团,2
含水量,2
极低,2
酵母,2
边角,2
奶奶,2
接下,2
店名,2
木制家具,2
王运南,2
烤箱,2
疤痕,2
陶瓷器,2
艺术品,2
冷热,2
酸种,2
咸香,2
辣椒油,2
薯条,2
南路,2
手冲,2
意式,2
维也纳,2
瓷器,2
心仪,2
到手,2
陶瓷,2
麦士威,2
沿路,2
云集,2
寺庙,2
标榜,2
送礼,2
蔓越,2
改走,2
活动量,2
层楼,2
死于,2
高能量,2
轻度,2
贴合,2
石膏,2
错位,2
畸形,2
泰式,2
单调,2
蜂蜜,2
更易,2
薄片,2
微波炉,2
酸味,2
火腿,2
含糖量,2
黑胡椒,2
湿软,2
嫩叶,2
可口,2
淋上,2
辣酱,2
爽口,2
少糖,2
鱼露,2
和钠,2
蠕动,2
主料,2
切丝,2
鸡胸肉,2
烧烤,2
减负,2
过敏者,2
窍门,2
智商,2
圣旺,2
古董,2
杂物,2
床垫,2
软垫,2
挤出,2
转手,2
围墙,2
鸟岸,2
信风带,2
驻地,2
喧哗,2
榕树,2
写实,2
书展,2
出版社,2
选取,2
新奇,2
怪诞,2
愉悦,2
长于,2
虚实,2
消亡,2
写诗,2
注释,2
透支,2
枝头,2
禽鸟,2
鸟儿,2
默默,2
入手,2
聊起,2
饲主,2
不解,2
敏锐,2
绘本,2
启蒙,2
羽色,2
观鸟,2
烟火,2
寻鸟,2
捕捉,2
鸟鸣,2
对焦,2
翅膀,2
扛着,2
新郎,2
新娘,2
融进,2
马来语,2
马来人,2
闹出,2
磨合,2
透析,2
剧院,2
句点,2
遗传性,2
谢贵春,2
郭亮,2
健康检查,2
不见得,2
洗澡,2
感染力,2
睡着,2
亲身,2
维斯,2
弗雷德里克,2
曝晒,2
挥手,2
抢占,2
墨镜,2
阿那,2
虾米,2
歌迷,2
熟络,2
挣脱,2
推开,2
配音,2
戏院,2
受限制,2
明慧,2
听众,2
语片,2
粤语片,2
式微,2
台语,2
剧场,2
破冰,2
地区冲突,2
拖入,2
正面交锋,2
蹲下,2
教学活动,2
文员,2
弹起,2
心爱,2
琵琶,2
指是,2
篡改,2
揭发,2
知识分子,2
历史主义,2
思潮,2
价格合理,2
地质,2
山体,2
特大,2
平均海拔,2
次大陆,2
岩石,2
审计师,2
限期,2
车站,2
全天候,2
建筑面积,2
户型,2
占地,2
讯号,2
下探,2
集中度,2
唐人街,2
达令港,2
酒吧,2
停车位,2
俄乌,2
供应国,2
零售价,2
西非,2
种植区,2
堆积,2
农业部,2
黑海地区,2
黑海,2
账本,2
成功经验,2
职能部门,2
霸权主义,2
中央书记处,2
帕罗,2
备用,2
利哈乔夫,2
瓦尔德,2
格岛,2
最多须,2
相加,2
商可,2
商业贷款,2
尽职,2
尹某,2
合谋,2
苏雷,2
双亲,2
便成,2
道别,2
逆境,2
坚强,2
兄弟俩,2
足见,2
鱼尾,2
悬停,2
祈福,2
庆赞,2
标出,2
来宾,2
歌星,2
罗恩琪,2
樱花,2
邓丽君,2
由丽星,2
宝贝,2
连通,2
增值额,2
美国麻省理工学院,2
详述,2
健康长寿,2
美国大学,2
蓬勃,2
老人家,2
丧葬费,2
母子,2
不惜,2
不肯,2
慈善机构,2
罢休,2
增重,2
怀着,2
敬业,2
老爸,2
大方,2
并提,2
吞吐量,2
驾车,2
长达三,2
吁请,2
司法程序,2
事能,2
安特,2
存有,2
身受,2
严重性,2
剧痛,2
送院,2
获知,2
扶手,2
下坠,2
来得及,2
抛飞,2
受创,2
入禀,2
巴克希,2
难安,2
米特,2
朝圣团,2
姐夫,2
哽咽,2
骇人,2
路费,2
弯路,2
降水量,2
水位,2
变暖,2
乌普雷蒂,2
执行员,2
新闻社,2
预警系统,2
当真,2
再有,2
寄出,2
投递,2
来信,2
修法,2
刷到,2
卫部,2
设下,2
少于,2
界线,2
实际效果,2
联访,2
不结盟运动,2
面向世界,2
愈加,2
迥异,2
非传统,2
缔约方,2
中亚国家,2
突破口,2
不甘,2
经济周期,2
上下班,2
平庸,2
孕育出,2
先机,2
评为,2
智慧型,2
思源,2
粤港澳,2
科技人才,2
营员,2
半成品,2
设计方案,2
李泽湘,2
教父,2
实施方案,2
坐满,2
低温,2
辩证,2
赖以,2
屈从,2
纪子,2
改嫁,2
拉锯,2
论者,2
长年,2
搞笑,2
连串,2
剪接,2
母题,2
观影,2
社会化,2
拼接,2
重拾,2
端详,2
消解,2
大水,2
侨批,2
淑柔,2
叶淑,2
戏份,2
自荐,2
上当,2
爸爸,2
发自,2
带你去,2
上发,2
黑马,2
演艺圈,2
泰国人,2
情人,2
顶流,2
崔东树,2
安全法,2
达标,2
归责,2
系统安全,2
装车,2
上位,2
初次,2
管理条例,2
杜绝,2
一针,2
迷失,2
历久,2
新婚,2
全家福,2
生命力,2
汉字,2
直径,2
画画,2
系统化,2
不单,2
暴发,2
慢活,2
完结,2
充分体现,2
度假区,2
星岛日报,2
强台风,2
宾客,2
历年,2
情欲,2
道义,2
拉扯,2
硬伤,2
思念,2
深信,2
好感,2
星云,2
窗台上,2
面市,2
勤劳,2
白吃,2
富贵,2
进德修业,2
有如,2
寒霜,2
莫大,2
巨著,2
英伦,2
划入,2
宗旨,2
片子,2
崇信,2
理发师,2
库尔,2
理发店,2
受困,2
特科,2
西河,2
残骸,2
冲走,2
泥浆,2
涌进,2
吞没,2
放晴,2
青山,2
巨响,2
沿河,2
信贷风险,2
借入,2
支付现金,2
震央,2
加末,2
微震,2
东经,2
收买,2
四至,2
自备,2
世界银行,2
木材,2
内乱,2
暂住,2
逃出,2
心酸,2
征召,2
顶替,2
民地,2
翁山,2
淑枝,2
掌权者,2
和谈,2
曙光,2
刁难,2
修缮,2
无尽,2
全城,2
驶离,2
圣迭戈,2
补给,2
短信内容,2
航空母舰,2
先知,2
阿当,2
结盟,2
显现出,2
心碎,2
悲惨,2
缅甸政府,2
罗兴亚,2
淤泥,2
头痛,2
酸痛,2
发红,2
内能,2
邦板牙,2
社会福利,2
负荷,2
期满,2
办案,2
网媒,2
物证,2
刑事法,2
恐怖组织,2
伊国,2
卡立,2
行踪,2
慢跑,2
订立,2
本周一,2
迪佳,2
马泰,2
西爪哇,2
法比,2
见效,2
资金来源,2
水井,2
水泵,2
督导,2
任相,2
诽谤,2
封堵,2
吉隆,2
搜捕,2
带往,2
宋卡府,2
北干,2
巴鲁,2
多媒体,2
归类,2
公职,2
总司令,2
探望,2
排雷,2
公共关系,2
柏威夏省,2
双边协议,2
柬政府,2
延续性,2
基调,2
基本一致,2
砂拉,2
越西,2
泥炭,2
参选,2
党州,2
基准利率,2
受高,2
最慢,2
优惠政策,2
明火,2
阿维拉,2
内政,2
召见,2
家门,2
自私,2
诺尔,2
大力神杯,2
动容,2
肢体冲突,2
视线,2
胡安,2
卡洛斯,2
民望,2
伉俪,2
夺下,2
灿烂,2
仍对,2
渡海,2
赶来,2
布雷,2
国际广播电台,2
放任,2
成因,2
法律援助,2
研讨,2
攀爬,2
公共秩序,2
涉海,2
驱使,2
阿韦洛亚,2
外部边界,2
伙伴国,2
歧视性,2
意方,2
相称,2
环志,2
自然保护区,2
广泛传播,2
鼓动,2
奇观,2
所处,2
全食,2
自成,2
美景,2
遮挡,2
助攻,2
制胜球,2
原则性,2
转投,2
带队,2
安达卢西亚,2
安东尼奥,2
桑斯,2
上为,2
球衣,2
检查站,2
涌向,2
踢球,2
求购,2
引援,2
后卫,2
弗里克,2
搁置,2
体检,2
麾下,2
拉美地区,2
塞万提斯,2
寄宿,2
探险,2
意涵,2
所持,2
票面,2
可向,2
升幅,2
对因,2
和平奖,2
约特,2
科恩,2
劲射,2
门将,2
龙门,2
一球,2
卡卡,2
踢飞,2
控球,2
命中率,2
当即,2
险些,2
归化,2
亨德,2
里奥,2
献给,2
威廉姆斯,2
温网,2
姐妹花,2
招来,2
修行者,2
业障,2
众恶,2
花果,2
恶事,2
静坐,2
添加物,2
高脂,2
适度,2
血液循环,2
净化,2
正念,2
觉察,2
抽出,2
养分,2
恶行,2
无毒,2
忍住,2
硬骨头,2
麻木,2
抱住,2
只顾,2
抚摸,2
弥漫,2
开来,2
抬起,2
注视,2
请教,2
滑落,2
醒目,2
小妹,2
前台,2
折痕,2
贫瘠,2
打得,2
猎奇,2
掌心,2
涂抹,2
接力赛,2
集齐,2
照相,2
心声,2
写满,2
岭集,2
谢健平,2
经典歌曲,2
颁授,2
刘德华,2
华仔,2
粉圈,2
白鹿曾,2
炮轰,2
牵扯,2
玩梗,2
浴室,2
专线,2
明尼阿波利斯,2
储备金,2
幕僚,2
着想,2
双薪,2
托育,2
发烧时,2
时间轴,2
拉长,2
预先安排,2
替代者,2
缺勤,2
纸面,2
双职工,2
改期,2
估价,2
年假,2
盘子,2
失能,2
失当,2
镇压,2
综合型,2
商业机会,2
肺癌,2
巴克莱,2
癌细胞,2
生物科技,2
起落,2
参半,2
收高,2
持牌,2
借记卡,2
新美,2
坚固,2
小型企业,2
追税,2
下达,2
伤亡人数,2
抓紧,2
砂石,2
大省,2
建设项目,2
占地面积,2
次长,2
乔丹,2
志工,2
首场,2
手语,2
杨祯彦,2
控管,2
关键期,2
农资,2
食品质量,2
餐桌,2
服务体系,2
现代农业,2
黑龙江省,2
水利工程,2
黑土地,2
饭碗,2
长势,2
国务委员,2
吴政隆,2
无国界,2
军种,2
靶场,2
教官,2
防卫,2
做起,2
努尔,2
集装箱,2
阿塞拜疆,2
里海,2
网络媒体,2
烟味,2
薛进兴,2
迷信,2
牌位,2
历代祖先,2
道长,2
跃火,2
诵经,2
打城,2
足足,2
祖先,2
先人,2
外加,2
不顾,2
得逞,2
陈词,2
千金,2
香港艺人,2
厨房设备,2
暂停营业,2
体谅,2
悲伤,2
亲爱,2
触碰,2
杨泽龙,2
还押,2
过堂,2
搜出,2
清点,2
事务局,2
赶抵,2
合理安排,2
最迟,2
财政支出,2
单单,2
书贴,2
石墩,2
扭伤,2
未获,2
土坡,2
侧翻,2
公干,2
天价,2
败诉,2
粘性,2
开关,2
科罗拉多州,2
新泽西州,2
保护法,2
调查权,2
解职,2
复查,2
失踪者,2
泰达,2
女网友,2
借钱,2
转回,2
求证,2
安享,2
诱惑,2
救援队,2
育成,2
雏鸡,2
孵化场,2
林厝港,2
国家博物馆,2
防诈,2
资媒局,2
依次,2
定金,2
犯罪案件,2
出厂,2
性能指标,2
首飞,2
药片,2
说明书,2
装入,2
纸箱,2
本领,2
老路,2
走向世界,2
布鲁金斯,2
仅用,2
特约记者,2
帷幕,2
变革性,2
分拣,2
钟新龙,2
科研机构,2
集成商,2
标尺,2
纠缠,2
科研人员,2
焊接,2
气压,2
列车运行,2
拍摄者,2
长途,2
动车组,2
换气,2
阿达,2
伊尔,2
湄公河,2
工程设计,2
泰中,2
廊曼,2
乌塔堡,2
高速运行,2
合建,2
中星,2
固守,2
复购,2
集合,2
大平,2
弊端,2
盘活,2
获客,2
大面积,2
金融保险,2
国内汽车,2
维修车间,2
遗文,2
中原,2
门面,2
气派,2
厂家,2
粗放,2
保养,2
动辄,2
亚历山德拉,2
痛哭,2
取胜,2
罗西,2
林子,2
焦灼,2
肩负,2
拉齐,2
女队,2
铜牌,2
华厅,2
单丛,2
花香,2
玫瑰,2
夏果,2
绵密,2
饭团,2
旺利,2
江鱼仔,2
不减,2
午餐时间,2
人龙,2
鸡腿,2
现点,2
游人,2
交汇,2
观音堂,2
大蒜,2
肾结石,2
剂量,2
葡萄糖,2
笼统,2
结果表明,2
罗德岛,2
超重,2
长距离,2
肿瘤科,2
施慧,2
煎熬,2
内科,2
母校,2
节省时间,2
吓倒,2
耐力,2
女郎,2
三房,2
诺贝尔文学奖,2
保尔,2
连夜,2
版面,2
毛尖,2
烂片,2
苦恼,2
推诿,2
责备,2
攀附,2
文学家,2
竖立,2
欢喜,2
疏远,2
礼节,2
感应,2
旱灾,2
有罪,2
官差,2
挨饿,2
古希腊,2
颈项,2
常设,2
协力,2
许宏睿,2
历史系,2
历史学者,2
木林,2
华乐,2
聚落,2
配文,2
打气,2
横竖,2
诬告,2
凹陷,2
拍到,2
宴席,2
连连,2
星光,2
总商会,2
谢幕,2
该不该,2
网络时代,2
乏味,2
颇感,2
照见,2
轻慢,2
古人,2
交到,2
再三,2
道具,2
长期保持,2
生命体,2
角色扮演,2
篮球队,2
低落,2
辞去,2
退阁,2
留任,2
东马,2
躲过,2
幸好,2
一面倒,2
资本主义,2
达尼,2
小众,2
盘整,2
黄金市场,2
再次出现,2
紧缩,2
中药,2
分销商,2
掌舵,2
刘燕玲,2
培养人才,2
协会会长,2
拜年,2
词语,2
教课,2
初院,2
才华,2
教学法,2
奖得主,2
阻拦,2
沙里,2
超人,2
燃放烟花,2
摄像,2
代主任,2
全能,2
大风,2
中央气象台,2
在建,2
气象台,2
低压,2
伊朗外交部,2
折返,2
训斥,2
车窗,2
鼓掌,2
冒雨,2
赞叹,2
火警,2
怡阁,2
烟雾,2
叫醒,2
陈笃生,2
桥段,2
铺垫,2
走回,2
红盖头,2
洞房,2
婚服,2
陈杰乐,2
害羞,2
转头,2
山景,2
怒气,2
声响,2
力道,2
生态园,2
之友,2
纳斯里,2
陈精祥,2
海洋生物,2
坦兹,2
圣约翰,2
大得多,2
马六甲海峡,2
渔村,2
环境影响,2
署名文章,2
违抗,2
试探,2
账目,2
付错,2
陈能端,2
重任,2
预祝,2
罗子薇,2
扇门,2
颁奖礼,2
彼岸,2
加拉帕戈斯,2
教职员,2
翻开,2
表扬,2
入门,2
屈臣氏,2
看管,2
贵重物品,2
酒类,2
配饰,2
义安,2
教材,2
优越,2
上有,2
刚满,2
房式,2
紧迫感,2
强降雨,2
颗粒,2
至上,2
萨维尼,2
上热,2
惊险,2
健儿,2
刘志勇,2
较晚,2
王琪惠,2
心理准备,2
水球,2
击球,2
羽毛球,2
洪温欣,2
黄杰伟,2
叶杰,2
生理学家,2
林镇宇,2
备战,2
体能训练,2
负重,2
亚青赛,2
瓶数,2
保龄球,2
酸性,2
牙缝,2
诊疗所,2
杨恩洁,2
磨损,2
出血,2
抗菌,2
漱口水,2
致病,2
甜食,2
出力,2
牙周病,2
难怪,2
脱落,2
菌膜,2
分泌,2
毒素,2
诊治,2
展销会,2
齐聚一堂,2
有奖,2
转盘,2
眼疾,2
邱德拔,2
自主权,2
千帆,2
洪流,2
透出,2
冷感,2
风口浪尖,2
涌进来,2
照亮,2
红山,2
直视,2
短裤,2
扔下,2
伤重,2
不治,2
具体位置,2
箭头,2
抓起,2
杠铃,2
颤抖,2
周报,2
越障,2
宴请,2
几道菜,2
顿饭,2
书籍,2
贬损,2
王晓晨,2
同剧,2
更在,2
张嘉益,2
侵权行为,2
追责,2
听闻,2
探视,2
台面,2
作证,2
全貌,2
说出,2
练舞,2
舍不得,2
马哈迪,2
拱手,2
让给,2
印裔,2
挤占,2
凭证,2
生养,2
大手笔,2
党代表大会,2
威慑力,2
正常化,2
殃及,2
未说明,2
战略防御,2
国家计划委员会,2
国家计委,2
出众,2
考入,2
抚养,2
提拔,2
外交事务,2
何尝,2
胎儿,2
公共部门,2
反遭,2
为首,2
广岛,2
名胜,2
连带,2
仔细分析,2
中标,2
逆流,2
否决,2
美国国防部,2
失地,2
明显增强,2
回租,2
严格控制,2
拉脱维亚,2
科沃,2
克里姆林宫,2
美国哥伦比亚广播公司,2
联合国安理会,2
于本周,2
注定,2
斯基,2
文汇,2
丰硕,2
包头,2
拜访,2
征税,2
浓烈,2
天山,2
学程,2
齐备,2
新机制,2
共舞,2
印方,2
边界谈判,2
换人,2
叶良俊,2
副理事长,2
时事,2
责骂,2
转述,2
吠叫,2
同住,2
较慢,2
粪便,2
狗儿,2
拍下,2
牵引绳,2
咬住,2
宠物狗,2
经济损失,2
所有物,2
登船,2
毒局,2
虎门,2
京报,2
就近,2
并无,2
纵容,2
救治,2
了有,2
高尔夫球场,2
耗电量,2
添置,2
破纪录,2
体育部,2
旅游局,2
引向,2
景色,2
少女,2
复赛,2
牙买加,2
飞人,2
成败,2
锦秀,2
工业园,2
心力,2
越共,2
常务,2
长远利益,2
健全,2
储蓄银行,2
永顺,2
能省,2
欢庆,2
残障,2
谢诏全,2
远大于,2
低利率,2
虔诚,2
停泊,2
生命线,2
俄罗斯国防部,2
俄国防部,2
华友,2
派驻,2
国际商业机器公司,2
接诊,2
连体,2
生死,2
生活空间,2
引荐,2
伊格,2
妮哈,2
上榜,2
云汇,2
蔡秉轩,2
提款机,2
继任,2
换代,2
会计师,2
出具,2
符合要求,2
看不出,2
区区,2
少人,2
大修,2
找上门,2
风潮,2
面纱,2
龙则,2
初步判断,2
李喜盛,2
攸关,2
供餐,2
高技能,2
实体店,2
收复,2
冲破,2
争抢,2
很强,2
闪迪,2
西部数据,2
股票价格,2
价格比,2
数家,2
月租金,2
折价,2
抵押品,2
股神,2
代部长,2
刘洁敏,2
寿险,2
主人,2
高估,2
绑架,2
北极,2
已近,2
博裕,2
需求量,2
仍较,2
回稳,2
财政金融,2
微跌,2
希德,2
影子,2
牛市,2
清算,2
急升,2
称号,2
续程,2
访问期间,2
普罗,2
美感,2
联结,2
曹世明,2
教科书,2
应邀,2
夜空,2
投出,2
声部,2
熔炉,2
韩裔,2
语系,2
共庆,2
观众们,2
边缘化,2
发光,2
台词,2
象征意义,2
甘迺迪,2
喜剧,2
市警,2
警讯,2
罹患,2
专题讲座,2
纽约大学,2
爬虫,2
丁右立,2
李丽,2
西区,2
抽中,2
玩偶,2
温静,2
馆藏,2
州府,2
崔以闻,2
修建,2
遗物,2
辛酸,2
起至,2
韵律,2
取材自,2
用词,2
坚毅,2
美华人,2
参政,2
亚洲小姐,2
晚会,2
筹得,2
殉职,2
单品,2
开馆,2
复工,2
贝斯,2
与会,2
纪钦耀,2
关键时刻,2
梁国,2
张丽卿,2
经文,2
铜像,2
献花,2
监事长,2
罗省,2
加利福尼亚,2
法律界,2
与会者,2
财权,2
调查组,2
人则,2
作法,2
随身带,2
明州,2
冲撞,2
闪灯,2
索马里,2
白人,2
采买,2
严歌苓,2
专栏作家,2
彭一玲,2
取自,2
因子,2
不定期,2
专精于,2
多发性,2
神经内科,2
忧心,2
衰老,2
隐忍,2
核威胁,2
松柏,2
晓露,2
西语,2
隐含,2
评审会,2
奖助金,2
学生会,2
期盼,2
获颁,2
政治学,2
政经,2
东欧,2
犹太裔,2
入籍,2
陈作舟,2
从对,2
迫切需要,2
摘下,2
人口总数,2
总人口,2
打拼,2
企业界,2
政治路线,2
从政,2
台美,2
并进,2
台美都,2
互补性,2
可藉,2
锡那罗亚,2
服刑,2
考上,2
犯法,2
转帐,2
运毒者,2
驱逐,2
孟昭文,2
编入,2
付诸东流,2
马聚,2
亚美,2
亮丽,2
林应章,2
贺函,2
王玉明,2
轮番,2
歌舞,2
弘扬,2
宾州,2
问候,2
小姐,2
领唱,2
小提琴,2
平权,2
地化,2
贫困率,2
领域专家,2
比已,2
承接,2
进境,2
产值,2
机体,2
运费,2
客改货,2
免征,2
优质服务,2
马道,2
企石,2
免收,2
计收,2
高继扬,2
反哺,2
二次开发,2
背靠,2
不信,2
传谣,2
不合,2
太平洋保险,2
财产保险,2
偿付能力,2
充足率,2
龚德雄,2
鲜品,2
走货,2
偏紧,2
价差,2
积极性,2
偏强,2
开工率,2
重为,2
农村部,2
批发市场,2
半导体存储器,2
技术水平,2
产研,2
资额,2
资金额,2
技术升级,2
南翔,2
半年报,2
认缴,2
极小,2
股票交易,2
总公司,2
名册,2
银行贷款,2
中银,2
湖北省,2
光谷,2
国芯,2
曾用名,2
快于,2
非易,2
丢失,2
法定代表,2
中信,2
签订协议,2
青海省,2
兰州,2
南京,2
市场总监,2
国泰,2
时效,2
航空业,2
客货,2
停飞,2
客轻货,2
拉果,2
减产,2
资产负债率,2
吨位,2
智化,2
陈景河,2
邹来昌,2
存货,2
金矿,2
铁矿石,2
矿山,2
毛利润,2
集团股份,2
量价,2
齐升,2
赛程,2
赛项,2
拟人,2
抱歉,2
年轻化,2
刘挺军,2
补库,2
货源,2
经营商,2
陆陆续续,2
供应量,2
菜市场,2
开产,2
应激,2
产蛋,2
行业龙头,2
包馆,2
立足于,2
中端,2
用以,2
高光,2
夯实,2
品牌形象,2
热销,2
内饰,2
拉高,2
方程,2
大汉,2
刀片,2
新车型,2
正盛,2
季财报,2
生产量,2
效能,2
动画电影,2
保罗,2
一经,2
推新,2
难求,2
封神,2
花车,2
巴斯,2
光年,2
巡游,2
皮特,2
拉升,2
耀眼,2
落空,2
已缩水,2
憧憬,2
施陶诺,2
长期性,2
管理者,2
利空,2
白雪,2
均值,2
先算,2
实际操作,2
抖动,2
连贯,2
形变,2
高精度,2
科技股份,2
马辰,2
热舞,2
慧灵,2
詹伟刚,2
跨维,2
赛队,2
系统集成,2
减速器,2
编纂,2
扭矩,2
结构件,2
终极,2
回旋,2
民法典,2
列车员,2
站票,2
郑铎,2
时用,2
身份证件,2
支配,2
退票,2
客观事实,2
地步,2
电话会,2
上架,2
内回本,2
乘以,2
财务指标,2
计提,2
开拓者,2
功勋,2
奖章,2
殡仪馆,2
吊唁,2
国防科技,2
集团公司,2
哀思,2
曾庆红,2
刘鹤,2
陈希,2
陈鸣波,2
朝军,2
服役期,2
侦查,2
情报局,2
增兵,2
维里赫,2
第聂伯罗彼得罗夫斯克,2
乐于,2
保有量,2
比高,2
路威,2
易威登,2
开云,2
世家,2
香奈儿,2
普拉达,2
用电量,2
甘肃,2
庭审,2
疲态,2
楼市,2
冲出,2
小跑,2
仕途,2
崂山区,2
区长,2
潍坊,2
管理学,2
职权,2
人财物,2
四川省,2
受贿案,2
理想信念,2
背弃,2
从严治党,2
插手,2
纪法,2
失守,2
公权力,2
异化,2
不分,2
减半,2
渐进式,2
黄锦荣,2
拉曼,2
恪守,2
批评者,2
正当性,2
遗留,2
回看,2
两全,2
彩绘,2
沃尔,2
北千佳,2
相爱,2
家庭保健,2
辍学,2
恭喜,2
入围,2
独具,2
作曲家,2
中途辍学,2
抢手,2
离岛,2
小德光,2
大德,2
光岛,2
廊岛,2
光景,2
外岛,2
海底隧道,2
善举,2
充分发挥,2
化为,2
结下,2
个例,2
血统,2
系统资源,2
波斯湾地区,2
卸载,2
产油国,2
多哈,2
江东区,2
神奈川,2
小林,2
停电,2
急促,2
警报声,2
惊醒,2
灾情,2
改组,2
自民党,2
日本共同社,2
生还,2
重重,2
商标,2
原版,2
缩写,2
胜诉,2
给付,2
摄制,2
配额,2
资源优势,2
群体性,2
经济委员会,2
繁多,2
指为,2
零配件,2
娱乐场所,2
友谊赛,2
投选者,2
毛线,2
图样,2
图版,2
手绘,2
服装秀,2
订婚,2
点缀,2
蝴蝶,2
织出,2
豫剧,2
潮剧,2
琼剧,2
选段,2
剧种,2
配有,2
控制力,2
元音,2
男高音,2
曲目,2
精湛,2
享誉,2
时空,2
轴线,2
轻歌剧,2
试金石,2
跳跃,2
音韵,2
金钟奖,2
方位,2
法文,2
遗忘,2
天体,2
点点,2
微光,2
繁星,2
蓝宝石,2
锥形,2
力矩,2
恒定,2
表桥,2
计时,2
赫兹,2
高振频,2
小牛皮,2
表带,2
表扣,2
环绕,2
渐变,2
再现,2
生产国,2
倡导者,2
兹曼,2
掠夺,2
区域间,2
总工程师,2
胡申,2
劝请,2
申说,2
合艾,2
卡马,2
巴哈,2
人力资源部,2
拉玛,2
民主联盟,2
刑法,2
八人,2
投报,2
涉案者,2
年轻夫妻,2
年轻夫妇,2
馆内,2
购得,2
经济援助,2
港湾,2
了让,2
放射科,2
造影,2
提效,2
历次,2
切合,2
援手,2
国境,2
胁迫,2
退缩,2
时宜,2
渡过,2
表征,2
认清,2
最深,2
厕纸,2
军官,2
反舰,2
日产量,2
帕克,2
内贾德,2
气田,2
拉赫,2
交通运输业,2
贝里,2
组织者,2
驶往,2
货轮,2
警卫队,2
救生筏,2
倾覆,2
粽子,2
新闻台,2
溶液,2
严惩,2
参选人,2
亚瑟,2
古律,2
基本要素,2
防备,2
天然资源,2
加里曼丹岛,2
人类学,2
研究生院,2
温州,2
小老鼠,2
突围,2
美国司法部,2
保持足够,2
预防犯罪,2
谈资,2
治丧,2
工程项目,2
婚育,2
内视,2
对立面,2
经纬,2
摸排,2
市场占有率,2
被裁,2
停办,2
王斑,2
铁幕,2
透视,2
社会性,2
比较文学,2
北京外国语大学,2
异乡,2
共荣,2
共生,2
相融,2
过分,2
特殊性,2
优劣,2
决策权,2
国际舞台,2
建设者,2
温室,2
气体,2
上能,2
科学系,2
牺牲生命,2
保卫,2
应以,2
賴清德,2
抛开,2
固执,2
鲜血,2
富庶,2
掏空,2
财政收支,2
法及,2
新闻自由,2
检调,2
安徽省,2
副省长,2
办公厅,2
副董事长,2
党委委员,2
柳江,2
副外长,2
作出努力,2
外交途径,2
归来,2
钻进,2
再生,2
加利,2
巴拉克,2
无锡,2
危重病,2
化疗,2
紫檀,2
飞跃,2
陨石坑,2
投降,2
午宴,2
创新性,2
珠宝,2
李健健,2
黄岩岛,2
浅滩,2
湛江,2
一连,2
航迹,2
中线,2
巴士海峡,2
美机,2
勘测,2
低阶,2
对抗性,2
名誉教授,2
黄娟,2
精油,2
声波,2
共振,2
散开,2
疏导,2
更长,2
外需,2
尚可,2
安抚,2
重大项目,2
副部级,2
中国中央电视台,2
常务委员会,2
监察官,2
沙盒,2
极佳,2
班塞尔,2
怀疑论者,2
肯尼迪,2
想得到,2
墨尔本,2
宝藏,2
庄凯勋,2
曾宝仪,2
杨君伟,2
林明伦,2
李国煌,2
翻身,2
电车,2
摄制组,2
小孩子,2
吟唱,2
捕鱼,2
拖到,2
看完,2
相差,2
脱售,2
防疫,2
百态,2
何汉聪,2
强震,2
救灾,2
北苏门答腊,2
滑坡,2
管理机构,2
芒加莱县,2
内斯,2
主震,2
弗洛勒斯,2
阿都,2
独立战争,2
海因,2
希曼,2
充当,2
背离,2
林业部,2
尤多,2
待命,2
典当,2
金店,2
赌博,2
取出,2
掉包,2
值班,2
相匹配,2
制止,2
目击,2
拖鞋,2
陈英泰,2
提供支援,2
兄姐,2
招生,2
割伤,2
小泉,2
双方同意,2
动漫,2
中日关系,2
娱乐界,2
三丽鸥,2
皮克斯,2
收藏者,2
筹拍,2
玛特正,2
老铺,2
挑剔,2
无偿,2
必选,2
参展商,2
挥舞,2
减免,2
维吾尔,2
劳动法,2
甚微,2
礼宾,2
突发状况,2
南京大学,2
国际关系学院,2
朝美,2
根本利益,2
指明,2
急于,2
实战经验,2
仅凭,2
没能,2
核武,2
朝鲜劳动党,2
胞妹,2
金与正,2
巡访,2
守卫,2
军事化,2
持械,2
打斗,2
劝阻,2
宝马,2
黑衣,2
暗藏,2
烟烟弹,2
富国,2
空中客车,2
班次,2
新加坡航空公司,2
省会,2
酒客,2
报称,2
分诊,2
排挤,2
拖延,2
电玩,2
林晖翔,2
形似,2
鹰头,2
大字,2
尾气,2
灼伤,2
圆形,2
铺设,2
吹嘘,2
经受,2
美国最高法院,2
范围广,2
铁轨,2
被困,2
站台,2
长崎,2
无核,2
号角,2
病鸟,2
死鸟,2
送检,2
菲利普岛,2
海鸟,2
膝盖,2
栖息,2
南半球,2
海协会,2
电影局,2
保护主义,2
及全,2
每辆车,2
全自动,2
相声,2
领航,2
改编,2
北疆,2
乌鲁木齐,2
时差,2
冰淇淋,2
领队,2
民歌,2
巴拉特,2
欧亚大陆,2
博斯普鲁斯海峡,2
跨洲,2
贴着,2
灯火,2
旧城区,2
汤彼利,2
遇见,2
老城区,2
坡道,2
招徕,2
祷告,2
回荡,2
神态,2
蜷缩,2
晒太阳,2
异域,2
人间烟火,2
拜占庭,2
斜对面,2
石柱,2
美杜莎,2
封存,2
手工艺品,2
茶馆,2
警局,2
隆市,2
秋杰路,2
载送,2
宝腾赛,2
斯里,2
九县,2
停课,2
询及,2
选情,2
保守势力,2
带头,2
投资规模,2
局说,2
郑慧慧,2
首席法官,2
购买量,2
进货,2
神料,2
杨昌华,2
吴勇志,2
运输费,2
套装,2
扎堆,2
腊肠犬,2
假扮,2
胃肠,2
酬劳,2
达拉,2
寄养,2
格栅,2
地板,2
罗威纳,2
查获,2
工业部长,2
医药,2
印新,2
巴士站,2
站稳脚跟,2
正用,2
委任,2
强硬派,2
沙尔,2
中程,2
弹头,2
载荷,2
保加利亚,2
塞浦路斯,2
重燃,2
克利,2
奇科,2
索洛米,2
亚丁湾,2
社会保障,2
力推,2
首任,2
从属,2
妄图,2
壮胆,2
地理位置,2
大势,2
时钟,2
台湾人,2
站队,2
高度一致,2
歪风,2
解构,2
功绩,2
美化,2
遗址,2
学术会议,2
获释,2
任意,2
参展者,2
公文,2
妥善解决,2
带回家,2
花瓣,2
毒品走私,2
洛班,2
姑姑,2
锁好,2
撤职查办,2
作案动机,2
牙拉,2
棉兰老岛,2
矫正,2
德罗,2
违法者,2
打分,2
较差,2
中间价,2
叛逆,2
外汇市场,2
伯克利分校,2
弱势,2
断定,2
电视剧,2
防御型,2
公职人员,2
极坏,2
愤慨,2
实干,2
生存空间,2
招商局,2
公允,2
民营企业,2
公司员工,2
出入,2
滋事,2
张贴,2
总参谋长,2
国际制裁,2
解封,2
布雷特,2
扼杀,2
列举,2
现房,2
契税,2
车位,2
购置,2
个人住房,2
浦东,2
城中村,2
适用范围,2
所在区,2
交易中心,2
用完,2
即止,2
西湖,2
跑友,2
登山,2
纠正错误,2
影院,2
宣发,2
火爆,2
对称,2
维持费,2
主计,2
仅限,2
奥索夫,2
椭圆形,2
口述,2
转乘,2
心腹,2
美女,2
热门话题,2
雷同,2
诺兰,2
扫盲,2
入世,2
巴尔舍夫斯基,2
买好,2
虚增,2
责令,2
印案,2
开庭,2
巴尔博亚,2
克里斯托,2
瓦尔港,2
违宪,2
续称,2
阿蓬特,2
悖论,2
吴国,2
钉子,2
国有经济,2
摆动,2
共同富裕,2
领导核心,2
吸合,2
堪比,2
夹伤,2
凸显出,2
鹏程,2
一辆车,2
内燃机,2
运动型,2
转岗,2
判决书,2
捏造,2
迷因,2
圈内人,2
指代,2
市场部,2
公关部,2
张口,2
试试,2
网线,2
网费,2
请假条,2
过日子,2
打牌,2
炸裂,2
搞定,2
本职工作,2
能用,2
外语,2
往上走,2
扣子,2
发到,2
信任度,2
用法,2
茧房,2
群里,2
买不起,2
再往,2
查查,2
烤串,2
了用,2
看病,2
祖国,2
闭幕式,2
海峡两岸,2
吉普车,2
地下党员,2
大哥,2
危难,2
主政,2
冥诞,2
天安门广场,2
贝雷帽,2
画风,2
肉眼,2
火药味,2
地雷阵,2
任职期间,2
清华大学电机系,2
后裔,2
反右,2
开除党籍,2
国家经委,2
铁血宰相,2
朱燕,2
下岗,2
清官,2
贪官,2
办实事,2
铁腕,2
陈水扁,2
台湾独立,2
克林顿,2
淡出,2
优秀党员,2
财税,2
建政,2
纪念邮票,2
领导职务,2
寇健,2
朝阳,2
旱情,2
行动计划,2
耗水量,2
李逸洋,2
长崎市,2
新昌县,2
国学,2
训诫,2
卡住,2
疏通,2
视作,2
开发区,2
撤下,2
李微敖,2
搜到,2
时政,2
同桌,2
最严,2
最细,2
定夺,2
除名,2
大连理工大学,2
学部,2
军委,2
教科,2
卫体,2
公诉,2
变通,2
执行公务,2
收钱,2
国家民族事务委员会,2
党组书记,2
中央党校,2
赖添发,2
电线,2
无线,2
疑受,2
灌木,2
撞破,2
冲入,2
深表歉意,2
陈贵珍,2
文礼,2
升级版,2
遭殃,2
打翻,2
折扣价,2
租住,2
收入水平,2
挥拳,2
掐住,2
发生争执,2
施暴,2
客厅,2
丢掷,2
密闭,2
烧伤,2
室友,2
卡尼,2
西孟加拉邦,2
哈佛大学医学院,2
伯纳德,2
医学界,2
援助团,2
美政府,2
选在,2
重新部署,2
侵略者,2
军用飞机,2
尔多,2
阿布杜,2
胡尔,2
外交关系,2
工党,2
公共财政,2
北戴河,2
胜败,2
戳破,2
惯用,2
操弄,2
反中,2
抗中,2
诬称,2
相望,2
藤森,2
庆子,2
科技部,2
驳船,2
控制技术,2
中国国家航天局,2
育种,2
发动战争,2
东方航空公司,2
盆河,2
河灯,2
丝绸,2
装卸,2
驻留,2
商埠,2
错觉,2
椰林,2
竹篮,2
进发,2
会安,2
紧凑,2
驶向,2
潜水表,2
小松郁,2
郁清,2
每枚,2
抛光,2
魔法,2
信州,2
调校,2
细腻,2
严冬,2
显微镜,2
往常,2
钙质,2
美妆,2
新颖,2
唇膏,2
膏状,2
涂覆,2
茉莉,2
水解,2
除皱,2
腺苷,2
香味,2
要数,2
资生堂,2
价码,2
气管,2
平滑,2
明亮,2
飞到,2
飞游,2
大朵,2
吹送,2
空旷,2
祖里,2
宝腾,2
酒精,2
鲁莽,2
转弯,2
乱丢垃圾,2
辛劳,2
清扫,2
液态,2
水桶,2
科尔尼,2
街坊,2
调适,2
不曾,2
出口商,2
却步,2
交易会,2
机组,2
路人,2
以较,2
音量,2
副耳机,2
货车,2
丹娜,2
乐芝,2
杨惠宇,2
黄志明,2
勒索,2
学府,2
上楼,2
公交,2
地铁线,2
生活用品,2
的越,2
堤族,2
国有银行,2
帕特,2
特种部队,2
莫塞里,2
惩处,2
日本籍,2
逮捕令,2
尔斯,2
回防,2
敌国,2
指使,2
斯塔,2
诉说,2
小卡拜,2
姻缘,2
情人节,2
牵线,2
拟定,2
相悖,2
智慧结晶,2
广泛开展,2
盘踞,2
妙瓦底,2
副委员长,2
南美洲,2
首都北京,2
中厄,2
机电产品,2
香港电台,2
新华门,2
直辖市,2
驻外,2
明显降低,2
安德鲁,2
无雨,2
野火,2
碘化银,2
地被,2
肆虐,2
兰北,2
可载,2
联营公司,2
入伙,2
人身,2
越南政府,2
男生,2
行凶,2
扫射,2
寄希望于,2
占到,2
承保,2
健康状况,2
好听,2
没人,2
凯恩,2
军费,2
江绵恒,2
江绵康,2
阅兵,2
罗干,2
中共中央书记处,2
刘云山,2
战书,2
舰长,2
落后地区,2
困局,2
正常值,2
下起,2
病重,2
安卧,2
翠柏丛,2
党旗,2
正厅,2
默哀,2
中共中央纪委,2
墙体,2
院坝,2
长宁县,2
开债,2
金融债,2
好比,2
马方,2
神圣,2
异地,2
携行,2
军武次,2
位面,2
面额,2
现钞,2
野战,2
用意,2
进门,2
工作部,2
往前走,2
东谈,2
西论,2
于泽远,2
韩咏红,2
贴出,2
周劲恒,2
紧邻,2
硝烟,2
领导班子,2
两江,2
新区,2
罗蔺,2
胡衡华,2
直辖,2
转正,2
海归,2
外孙女,2
分在,2
高层领导,2
胜负,2
档位,2
中间层,2
趋同,2
云图,2
蓝箭,2
入轨,2
样板,2
时事评论,2
样貌,2
不景气,2
经查,2
作弊,2
捕捞,2
衰减,2
春夏季,2
长江流域,2
大部地区,2
大部,2
环流,2
萝卜汤,2
薏仁,2
糙米,2
芋头,2
汤底,2
莲藕,2
苦瓜,2
陈浚,2
所售,2
黑豆,2
路巴刹,2
素食店,2
淑音,2
沙葛,2
时令,2
叉烧,2
菇类,2
斋堂,2
罗惹,2
不妨一试,2
豆浆,2
饭类,2
煎炸,2
分明,2
回甘,2
健脾,2
药材,2
舌尖,2
家常菜,2
烹制,2
醇厚,2
不失,2
葱蒜,2
香菇,2
吃素,2
现代人,2
宗教信仰,2
爽脆,2
份量,2
不腻,2
低热量,2
可含,2
葡萄,2
吃腻,2
减脂,2
煎蛋,2
高油,2
抗氧化剂,2
有害,2
鲜嫩,2
奶制品,2
配菜,2
陈俊豪,2
罗勒,2
提供数据,2
被动型,2
投资信托,2
资本运作,2
曲线,2
注脚,2
买菜,2
婚事,2
提告,2
辅助工具,2
浏览量,2
品项,2
太阳报,2
结帐,2
起任,2
空位,2
严格管理,2
创业板,2
投机性,2
规章,2
情绪化,2
概念股,2
同类产品,2
采用率,2
故里,2
善后,2
募得,2
总费用,2
妮可,2
殡葬,2
小红,2
只限,2
放行,2
扩产,2
利益冲突,2
中资,2
超前,2
正以,2
迈过,2
拉齐奥,2
科研成果,2
试错,2
掣肘,2
程序接口,2
杨健,2
时须,2
杨健明,2
天道酬勤,2
游戏币,2
马达加斯加,2
薪水,2
省去,2
枯燥,2
三角洲,2
独奏,2
交响,2
会客厅,2
研修,2
阿盟,2
共体,2
上合,2
妈祖,2
洪马,2
政界人士,2
理智,2
种族主义,2
军民,2
菲律宾人,2
网系,2
外立面,2
法国人,2
制冷剂,2
室外机,2
分贝,2
凉爽,2
制造者,2
中国家电,2
破坏性,2
推移,2
撕裂,2
就餐,2
子法,2
七拉努,2
兄长,2
告上,2
拿走,2
庄凯峰,2
了高,2
李小冬,2
上报,2
保持一致,2
海康,2
威视,2
绕道,2
中国联通,2
传输,2
中国移动,2
关键设备,2
构造,2
仪天阵,2
暴行,2
死伤,2
左轮手枪,2
弹夹,2
子弹,2
黑帮,2
消灭,2
例外情况,2
校验,2
鲁棒性,2
异常情况,2
压进,2
外行,2
每隔,2
会议记录,2
函数,2
数据表,2
工程质量,2
好坏,2
显影,2
复盘,2
改动,2
混合体,2
管理厅,2
官渡,2
大户,2
跨代,2
关联性,2
冠心病,2
使该,2
镰状,2
迈出,2
美国哥伦比亚大学,2
可取,2
遗传病,2
全文,2
北极星,2
恒星,2
山姆,2
工业协会,2
托卡马克,2
雄厚,2
撬动,2
服务平台,2
抓手,2
广告业务,2
货品,2
机械手,2
草图,2
网格,2
计算成本,2
还给,2
控制器,2
动力学,2
序列,2
互为,2
架设,2
玩游戏,2
不对,2
信仰自由,2
国际标准,2
拨给,2
正规,2
医疗保险,2
卡脖子,2
电路板,2
国际货币基金组织,2
负有,2
七国集团,2
限制性,2
阻挠,2
洪爱雯,2
收款人,2
协议书,2
订金,2
私吞,2
开头,2
星号,2
吊牌,2
闪避,2
咪酯,2
变道,2
租车,2
讲故事,2
来讲,2
复核,2
盲测,2
靶点,2
分开,2
回退,2
译作,2
图表,2
求解,2
表里,2
膨胀,2
表象,2
完毕,2
参照物,2
价格体系,2
初筛,2
配版,2
扁平化,2
消费类,2
国务院办公厅,2
盯上,2
预警机,2
药明,2
康德,2
速腾,2
聚创,2
宽带,2
两用,2
天宫,2
口子,2
也别,2
最远,2
选品,2
院子,2
万物,2
卡壳,2
与否,2
操作速度,2
跳转,2
老王,2
英文单词,2
混输,2
格式,2
秒钟,2
配件,2
时效性,2
短文,2
润色,2
口癖,2
占优,2
断句,2
挺大,2
麦克风,2
简体中文,2
录制,2
不爽,2
分辨,2
按住,2
千问,2
参赛选手,2
动嘴,2
吐出来,2
键盘输入,2
工业生产,2
侧算力,2
整出,2
活儿,2
人车家,2
火花,2
人机交互,2
填充,2
葛罗米柯,2
了反,2
安理会,2
监督机制,2
整篇文章,2
读完,2
分是,2
需不需要,2
老朋友,2
执行力,2
合入,2
大白话,2
相干,2
上新,2
源代码,2
应用层,2
数据服务,2
新知,2
减亏,2
联系人,2
松动,2
产品类别,2
美国通用,2
加固,2
投行,2
猎鹰,2
试飞,2
勇武,2
格拉,2
迈克尔,2
卢森堡,2
速度慢,2
商城,2
引流,2
刘炽平,2
卢山,2
地盘,2
火力发电,2
风电,2
报告书,2
过户,2
格臻,2
天眼,2
工业制品,2
仍处,2
按时,2
试产,2
自贡,2
三角形,2
汤道生,2
公开场合,2
玛丽娜,2
瓦罗,2
博文,2
增益,2
继承者,2
蕴含着,2
安世,2
损害赔偿,2
永久性,2
财务数据,2
珍稀,2
城市论坛,2
裴恩乐,2
纠纷案件,2
鄢某,2
春耕,2
播种机,2
主街,2
勒紧,2
拉格,2
豆农,2
协会主席,2
美国农业部,2
中约,2
改种,2
米切尔,2
着约,2
地块,2
穆克,2
股票指数,2
成分股,2
应低,2
纳尔,2
国家补贴,2
封杀,2
增税,2
用工,2
英国工党,2
税负,2
缴款,2
优先股,2
哈撒,2
北亚,2
瓦特,2
萨拉,2
维耶,2
格雷,2
格罗,2
方德,2
卫星网络,2
阿美,2
火星,2
艺术节,2
库基湾,2
维尔纽斯,2
方才,2
克里米亚,2
英法,2
爆炸式,2
罗什,2
叶纳,2
基耶,2
沃镇,2
爆炸声,2
舰船,2
侦获,2
警巡,2
公开信,2
国产化率,2
中国汽车工业协会,2
通讯设备,2
顾文军,2
手机芯片,2
法务部,2
师们,2
套话,2
比人,2
脑子里,2
桌面上,2
连线,2
比对,2
脑力,2
人头,2
查不到,2
全网,2
丧亲,2
麻省理工学院,2
用得,2
反转,2
英雄,2
牛马,2
火山,2
布可,2
亚型,2
胜率,2
期货交易,2
内幕,2
监制,2
反身,2
哈耶克,2
潜伏,2
吊打,2
不住,2
教育体制,2
可选,2
高级教师,2
翻墙,2
锚点,2
私校,2
出头,2
作罢,2
外科医生,2
双拳,2
无敌,2
加菲猫,2
玩出,2
拉磨,2
磨坊,2
奇点,2
魔咒,2
岳母,2
特效,2
资本家,2
拯救,2
掌机,2
感人,2
基督教徒,2
口语,2
年销售额,2
轮式,2
足式,2
技术难度,2
轮足,2
细看,2
购进,2
高耗能,2
康士伯,2
同款,2
试运行,2
班丹,2
环道,2
振林山,2
南区,2
德波,2
主干,2
退税,2
敲开,2
股权结构,2
程恩,2
生出,2
骨干,2
诱于,2
恐于,2
归因,2
映射,2
伊朗核,2
神舟,2
酒泉卫星发射中心,2
缩微,2
业务部,2
趋紧,2
图纸,2
怒火,2
发泄,2
福地,2
山水,2
侨城,2
城乡,2
文成县,2
爆炸性,2
西亚,2
美俄,2
习普会,2
信誉,2
特拉华州,2
诺和诺德,2
和礼,2
处方,2
拖车,2
坐不住,2
初学者,2
读物,2
生词,2
熟词,2
世界日报,2
俄语,2
阿拉伯语,2
千字,2
句块,2
偶发,2
精益求精,2
中文字体,2
高亮,2
字体,2
偏慢,2
壮举,2
溅落,2
支持系统,2
小型化,2
怀斯曼,2
科赫,2
汉森,2
带电粒子,2
失重,2
省力,2
节能,2
粒子,2
高清,2
伊恩,2
冯颂华,2
急诊科,2
内建,2
筹措,2
繁杂,2
陈杰豪,2
双刃剑,2
阿索克,2
交叉口,2
银河证券,2
斥资,2
计算技术,2
认股权证,2
吴心伯,2
绿营,2
王信贤,2
技术壁垒,2
只值,2
资本化,2
财务报表,2
出走,2
太慢,2
创造者,2
挖走,2
织入,2
插嘴,2
卡里,2
回合制,2
想卖,2
达西,2
罗宾斯,2
股王,2
伯恩斯坦,2
氦气,2
新锐,2
明晰,2
郑德源,2
爱犬,2
狗狗,2
烹调,2
炒饭,2
珍珠,2
鸡汤,2
柑汁,2
辣椒酱,2
反响,2
亲密关系,2
出口商品,2
博索纳,2
脱钩,2
平平,2
战局,2
过路费,2
冤枉,2
看家,2
家里人,2
嗓子,2
渡口,2
丧者,2
喊丧,2
迷糊,2
规矩,2
麻子,2
嗓门,2
张班,2
孝子,2
上心,2
白毛,2
罗家庄,2
两缸,2
罗家,2
祖传,2
冷汗,2
蔡宝林,2
左脸生,2
痦子,2
好办,2
吁出,2
短痛,2
怕老婆,2
摸摸,2
周家庄,2
还嘴,2
晦气,2
孟家庄,2
伙计,2
孟家,2
剃着,2
家庄,2
黑锅,2
褡裢,2
鞭子,2
低着头,2
大洋,2
供出,2
放牧,2
实话,2
贩子,2
免不了,2
赶着,2
过头,2
背黑锅,2
绕成,2
犯事,2
嫁给,2
爹娘,2
打架,2
骂骂,2
肚皮,2
想着,2
前出,2
房檐,2
躲雨,2
牛屋,2
村子,2
满头大汗,2
打眼,2
夜路,2
扳着,2
黑影,2
草垛,2
小曲儿,2
响鼻,2
庄稼,2
徐笑,2
搅拌机,2
椰枣,2
喝完,2
前应,2
核桃仁,2
润肺,2
加水,2
燕麦粥,2
体质,2
换算,2
和钙,2
脑细胞,2
慢性病,2
高汤,2
减钠,2
减糖,2
诱人,2
嗅觉,2
减退,2
科主任,2
上桌,2
降血压,2
降血脂,2
柠檬酸,2
柑橘,2
中医药,2
酵素,2
服药者,2
葡萄柚,2
甘酸,2
鲜橙,2
价钱,2
果皮,2
多汁,2
中带,2
铁质,2
鱼腥味,2
发炎,2
动脉,2
患病率,2
细胞膜,2
柔韧性,2
功能性,2
藻油,2
高血脂,2
专科医生,2
温温,2
打麻将,2
智力,2
餐桌上,2
凝固,2
炖煮,2
痛风,2
面糊,2
氨基酸,2
调味品,2
一定量,2
乳制,2
克里希,2
咸味,2
洗车行,2
下回,2
着急,2
摇头,2
拿不住,2
巴结,2
想不起,2
偷笑,2
补锅,2
指头,2
肇事,2
纽瓦克,2
拉瓜,2
救援车,2
外移,2
瑞信德,2
钢印,2
迸发出,2
忠实,2
上手,2
标准级,2
降不,2
工程技术,2
加量,2
流形,2
压缩成,2
不多时,2
实录,2
世界级,2
流派,2
利弊,2
康养,2
用房,2
绿色通道,2
广州市政府,2
限购,2
受罚,2
文豪,2
烟蒂,2
缴付,2
季逸超,2
恢复原状,2
蝴蝶效应,2
郭嘉昆,2
戴安斯,2
斯威士兰,2
报批,2
坠落,2
井喷式,2
民警,2
擦边球,2
增长点,2
主力军,2
网统,2
管理体系,2
发出信号,2
刘元,2
穷理,2
文明古国,2
出版商,2
巨大贡献,2
奎尔,2
美国白宫,2
输入框,2
元戎启行,2
人士处,2
职级,2
测试阶段,2
筹集资金,2
技术实力,2
存算,2
诺依曼,2
分治,2
电磁,2
弹射,2
交货,2
核舰,2
何剑,2
军迷,2
船坞,2
跑不掉,2
计算中心,2
诺基亚,2
科夫斯基,2
柯蒂斯,2
普里,2
引力波,2
板芯片组,2
世嘉,2
西门子,2
开发新,2
舒尔茨,2
马拉松赛,2
广播电视,2
体将,2
硅基,2
林普,2
美国航空航天局,2
点火,2
愿为,2
困惑,2
剧照,2
利他主义,2
更糟,2
富足,2
攫取,2
有益于,2
竟是,2
通用型,2
统称,2
宏伟,2
达特茅斯,2
麦卡锡,2
镜像,2
乌拉圭,2
话术,2
人生大事,2
亚洲地区,2
近邻,2
弗洛拉,2
排水沟,2
排水,2
花盆,2
孙喜文,2
人称,2
陈小燕,2
熬制,2
鱼片,2
厚实,2
拟将,2
资管,2
公募,2
工业部,2
外销,2
组装厂,2
本土化,2
分包商,2
临场,2
徐承华,2
改进型,2
宋晓军,2
死角,2
航经,2
黄悦仪,2
产品化,2
顾问公司,2
海潮,2
本科毕业,2
北京师范大学,2
觅食,2
激怒,2
毁灭,2
请勿,2
首诗,2
调查部,2
杭特,2
斯维尔,2
艾斯克,2
瑞吉,2
离奇,2
奇特,2
维特,2
联邦调查局,2
江西,2
茶业,2
兰勿刹,2
东网,2
接驳,2
长乐,2
弯曲,2
山路,2
大山,2
外公,2
晋安区,2
寿山,2
颇深,2
郭坤,2
乡亲们,2
倍感,2
难过,2
动手术,2
普宁,2
道光,2
芋泥,2
里坊,2
利肉,2
捞化,2
虾仁,2
海蛎,2
蕃薯粉,2
肉皮,2
观井路,2
美华,2
鸦片战争,2
名流,2
桃源,2
张真君,2
祖殿,2
德化,2
文龙,2
神明,2
安桥,2
杭舍,2
古厝,2
茶叶,2
辉煌,2
烈士,2
纪念馆,2
饱览,2
雕刻,2
粉浆,2
酥脆,2
发源,2
小坡,2
夜市,2
开摊,2
自驾,2
京都,2
必经,2
地名,2
福瑞兴,2
正宗,2
面厂,2
过热,2
幸免,2
逆势,2
略低,2
现居,2
电池组,2
丝网,2
迈为,2
通达,2
谣言,2
军品,2
导弹系统,2
智汇,2
陈品妤,2
全科,2
后继,2
病历,2
公理,2
卫报,2
所罗门,2
银行家,2
监理,2
卡帕,2
米慎区,2
即食,2
高浓度,2
凌宗成,2
百乐,2
嘉利宝,2
揭幕,2
塔蒂,2
帕克曼,2
分得,2
庞氏,2
金良祥,2
安第斯,2
博鲁,2
卡斯蒂,2
熬过,2
人流量,2
现址,2
租约,2
普徕仕,2
市场推广,2
单店,2
价值量,2
电源,2
光纤,2
高楼,2
理睬,2
春风,2
拂面,2
粉白,2
青翠,2
韵味,2
海棠,2
峰峰矿区,2
漫山,2
卫辉市,2
太行山区,2
盛花期,2
山峦,2
邯郸,2
外屏,2
牡丹,2
春游,2
延安,2
幻城,2
频出,2
极寒,2
成人礼,2
归国,2
磷虾,2
光学,2
潜标,2
福海,2
长城站,2
雪鹰,2
尖端技术,2
柯林斯,2
团队精神,2
就绪,2
个人身份,2
远景,2
外化,2
动力电池,2
凉鞋,2
里兹万,2
抽掉,2
大邦,2
名誉权,2
飞书,2
时需,2
问鼎,2
认领,2
黄某,2
林某,2
尤某,2
姚某,2
熊某,2
盛某,2
甘某,2
洪某,2
唐某,2
宫某,2
对外部,2
余某,2
内部人员,2
职务犯罪,2
高压线,2
解聘,2
清退,2
平均分,2
端倪,2
炸场,2
代码执行,2
沙箱,2
体面,2
精细化工,2
诺贝尔奖,2
刷榜,2
松懈,2
加速度,2
头图,2
有钱,2
商报,2
通缉,2
光点,2
凯尔,2
地落,2
友诺,2
路况,2
取货,2
租出,2
落成,2
超高,2
加冕,2
结业,2
岗亭,2
违停,2
融通,2
智治,2
通识,2
骨干力量,2
集约,2
翔高,2
叠合,2
矗立,2
综合楼,2
用户数量,2
拉姆,2
库马尔,2
海德拉巴,2
超级大国,2
意念,2
春光,2
乐享,2
陈昌云,2
调休,2
合肥市,2
补回,2
家校,2
伊斯兰堡,2
假释,2
色情,2
友间,2
厨坊,2
肉夹馍,2
顾客群,2
西雅图,2
包车,2
拖长,2
经理人,2
塑化,2
断货,2
退场,2
递延,2
轻油,2
强制执行,2
乘数,2
国际数据公司,2
顶论,2
经济日报,2
建庙,2
梁瑞,2
白添顺,2
威灵,2
相聚,2
王天助,2
搬走,2
实现目标,2
伯灵格姆,2
桑尼,2
指纹识别,2
多角度,2
大屏幕,2
艾萨克,2
文站,2
蔡可淳,2
邂逅,2
昌明,2
地基,2
选定,2
卢伟冰,2
零售价格,2
贾国龙,2
降薪,2
劝退,2
请客,2
光栅,2
预约,2
第一波,2
排长龙,2
块钱,2
洪玛奈,2
柬埔寨政府,2
机架,2
消耗战,2
清迈,2
湄康,2
蓬村,2
民风,2
湄康蓬,2
僧人,2
德国籍,2
地用,2
学苑,2
文史哲,2
必修课,2
回缓,2
熊市,2
即刻,2
版税,2
哈萨,2
比斯,2
生怕,2
硬生生,2
求职者,2
朱旭峰,2
释放出来,2
老秦,2
馆之宝,2
图坦,2
卡蒙,2
斯二世,2
格达,2
骑骆驼,2
细沙,2
墓室,2
神殿,2
登岸,2
沙土,2
托勒密,2
严禁,2
荷鲁斯,2
外科手术,2
浮雕,2
高坝,2
重达,2
腹地,2
大坝,2
水库,2
植被,2
沧桑,2
大帝,2
刚于,2
卖空,2
佩内塔,2
全球股市,2
拉瓦,2
慎重考虑,2
厄勒,2
康复者,2
读片,2
结核,2
德隆,2
北美洲,2
核电,2
法尔斯,2
勒坤,2
和冬海,2
篮子,2
施罗德,2
柏基,2
飞行高度,2
伏击,2
费为,2
森林公园,2
挑战赛,2
抽调,2
整肃,2
用兵,2
冒进,2
吓阻,2
注水,2
卡普,2
战胜,2
张学峰,2
症结所在,2
不祥,2
内塔尼亚胡,2
绵阳,2
科农局,2
周顺秀,2
收购价,2
全村人,2
老规矩,2
吴小军,2
套种,2
田垄,2
购物券,2
车厂,2
终站,2
公假,2
罗永浩,2
预制,2
评西贝,2
沃土,2
过对,2
五年计划,2
产业群,2
苏炳添,2
电子业,2
功率,2
马利,2
怀恩,2
艾桥智,2
苏炜杰,2
行得通,2
天呐,2
金队,2
源源,2
餐车,2
魏武挥,2
玉石,2
吴卓殷,2
餐饮行业,2
许冉,2
巴斯基,2
海曼,2
井泉,2
加林,2
叶茂,2
要约,2
语料库,2
多语种,2
民族语言,2
西藏自治区,2
诉状,2
盟国,2
稻油,2
高产,2
成活率,2
插秧,2
泾镇,2
侯赛尼,2
王明,2
超声速,2
紫火,2
稀薄,2
航展,2
玄女,2
央求,2
诈骗犯,2
泰军,2
佩德拉,2
现代战争,2
避免出现,2
张帆,2
大人物,2
杜梦然,2
战略要地,2
管辖区,2
李嘉诚,2
种成,2
一棵树,2
造林,2
披绿,2
生春,2
狂风,2
沙屿,2
关关,2
魏骅,2
黄沙,2
方格,2
植苗,2
干到,2
曾毓群,2
郭台铭,2
留痕,2
元芳,2
双引擎,2
装船,2
高级将领,2
李尚福,2
张又侠,2
集团军,2
国际原油,2
每吨,2
推举,2
经济特区,2
梁华,2
再见,2
德尔,2
郭贵生,2
逼迫,2
离间,2
渐次,2
消蚀,2
大体,2
林婧,2
联动机制,2
要紧,2
超音速,2
趋向,2
宋文笛,2
瑞拉,2
活捉,2
序幕,2
布瓦,2
地面战,2
坟墓,2
文晶,2
天平,2
议价空间,2
谦卑,2
车价,2
购置税,2
厚度,2
云台,2
苏惠兰,1
一面镜子,1
坦然,1
乔布斯,1
秘诀,1
着下,1
篇章,1
寄语,1
写封信,1
舵轮,1
户户,1
垂杨,1
羁绊,1
根须,1
摩天大楼,1
吹来,1
车水马龙,1
飘出,1
拨转,1
归途,1
常夏,1
叫做,1
心安,1
晕染,1
写意画,1
一静,1
泉涌,1
奔忙,1
真切,1
融化,1
乡音,1
小名,1
老城,1
表亲,1
嬉笑,1
欢愉,1
湖畔,1
荷花,1
曲水,1
青石板路,1
笑语,1
照耀,1
安适,1
翻腾,1
至亲,1
血脉,1
黑虎泉,1
晶莹,1
诗行,1
甘冽,1
冬暖夏凉,1
读经,1
梅邑,1
别称,1
出过,1
坂东镇,1
古称,1
注云,1
六都洋,1
骸骨,1
移葬,1
坟场,1
显考,1
刘公棠,1
梅邑六,1
遗照,1
白衬衫,1
领带,1
网虾,1
饿死,1
守区,1
信教,1
改天,1
嚎哭,1
风高,1
攻心,1
过桥,1
木桥,1
左撇子,1
菜地,1
树顶,1
一窝蜂,1
村落,1
躲进,1
胶林,1
逃难,1
蚊虫,1
抓走,1
拉拔,1
马来半岛,1
英国皇家海军,1
英政府,1
根据地,1
军港,1
书包,1
衣裤,1
躲到,1
温床,1
丛林中,1
风干,1
得种,1
太熟,1
杀害,1
安定,1
崇汉,1
建华,1
校址,1
原址,1
听话,1
子弟,1
旧书,1
去向,1
收女,1
女孩子,1
封建思想,1
读点,1
读信,1
家书,1
蒙恩,1
过洋,1
译厦,1
失散,1
渴慕,1
秋千,1
滑梯,1
图书室,1
看书,1
打鱼,1
福建人,1
莆田人,1
领会,1
传扬,1
博士文凭,1
撕掉,1
扔进,1
宣教,1
做礼拜,1
上帝,1
十字架,1
主耶稣,1
天父,1
主日学,1
听听,1
聪慧,1
看为,1
胶价,1
不跌,1
入息,1
细心地,1
教珠弟,1
刻苦,1
希达,1
耳窿,1
胶地,1
报上,1
力乔路,1
熬成,1
甘蔗渣,1
蔗渣,1
箱头,1
糖王,1
红包,1
大包,1
大红包,1
胆子,1
帮佣,1
洗换,1
产妇,1
床单,1
产房,1
消毒,1
用具,1
拮据,1
割草,1
种田,1
幼小,1
教养,1
煮饭,1
全家人,1
嫌弃,1
不惯,1
酒味,1
颜值,1
色相,1
上镜,1
红艳艳,1
惊悚,1
发芽,1
红糟菜,1
起疑心,1
血色,1
红曲米,1
色素,1
铲入,1
汤里,1
备有,1
常吃,1
面片,1
边片,1
燕皮,1
程文,1
春卷,1
扁燕汤,1
排骨,1
白果,1
汶莱,1
拌面,1
廉宜,1
马蹄,1
卖断,1
精粹,1
旅馆,1
租到,1
奶花,1
乡愁,1
中学老师,1
天宝,1
陈雅香,1
编辑部,1
丁善辉,1
机房,1
茶袋,1
如洗,1
发酸,1
变味,1
烫过,1
马七,1
森那美,1
宁可,1
满身,1
赶快,1
侥幸,1
日治,1
何故,1
水罐,1
滑掉,1
水漏,1
军刀,1
砍死,1
丁善英,1
惊慌,1
跳进,1
大水沟,1
妻儿,1
琼海县,1
博鳌,1
小传,1
炭烧,1
所卖,1
付丁,1
积耀,1
王二人,1
劳工部,1
王之,1
陈永,1
黑痣,1
闽南语,1
原名,1
所炒,1
楠榜,1
炒起来,1
偏酸,1
炒完,1
烈火,1
微冷,1
炒好,1
上炒,1
白烟,1
说来,1
得靠,1
同炒,1
方程式,1
苦味,1
炒前,1
入味,1
听惯,1
泡制,1
烟客,1
嘴巴,1
风气,1
之盛,1
福兴,1
五脚,1
烟枪,1
根绝,1
秘方,1
于小坡,1
递减,1
大牌,1
芳园,1
领有,1
营业执照,1
稍迟,1
改会,1
陈依朋,1
清宣统,1
改营,1
解渴,1
痛恨,1
记叙,1
叔父,1
所开,1
庞琳兄,1
详谈,1
延用,1
口福,1
庞琳,1
代名词,1
厚厚,1
驰名,1
却用,1
人压,1
后会,1
乘风,1
已年,1
驾驭,1
科林,1
斯库林,1
夺金,1
林和,1
泳联,1
日里约,1
蝶泳,1
林为,1
体育界,1
感悟,1
曾立仁,1
升旗,1
郑明杰,1
全校师生,1
牢记,1
全体师生,1
进行曲,1
归于,1
色块,1
建国初期,1
翻飞,1
社媒会,1
补习,1
较早,1
社媒者,1
数学考试,1
只能靠,1
血块,1
堵住,1
医护,1
邮说,1
大大方方,1
开花结果,1
影视作品,1
想演,1
揣测,1
苦情,1
撂出,1
征婚,1
不像,1
战斗力,1
共通点,1
支线,1
欣喜,1
强求,1
终极目标,1
婚恋,1
杨家,1
林永健,1
范明,1
王姬,1
吴彦姝,1
老戏骨,1
自认,1
性格内向,1
韩琰,1
祁小伟,1
小辛,1
戏路,1
宴遇,1
永安,1
封信,1
仙侠,1
强加,1
乐酷,1
每封,1
走上台,1
踢进,1
强队,1
球星,1
文化产业,1
总罢工,1
欧森哲,1
雷蛇曾,1
电子展,1
测试人员,1
附送,1
工具包,1
看腻,1
暴君,1
妖妃,1
重生,1
硬道理,1
掺入,1
先花,1
配乐,1
数位,1
改编自,1
小记,1
颜三郎,1
太帅,1
呆滞,1
对视,1
影视剧,1
行书,1
书法家,1
颜真卿,1
名作,1
磁铁,1
规模较,1
康威,1
不安全感,1
万迪,1
辨别力,1
既定目标,1
教学方式,1
从军,1
要职,1
综合大学,1
符合事实,1
感言,1
应教,1
南大,1
颁赠,1
安全事件,1
臭氧层,1
相关者,1
发明人,1
实务,1
约束性,1
问责性,1
豁免权,1
平衡点,1
专利制度,1
远未,1
报章,1
画师,1
操刀,1
出点子,1
册子,1
假新闻,1
怪癖,1
掌门人,1
逗得,1
塔塔,1
经过训练,1
内存容量,1
高带宽,1
互联网络,1
使用期,1
提为,1
政治波动,1
阿科纳,1
约瑟夫,1
闯出,1
杀入,1
收视率,1
娱理,1
桃花,1
单集,1
播映,1
巨龙,1
群集,1
齐天大圣,1
石胎,1
孙小圣,1
挺身,1
串流,1
百胜,1
辟出,1
腾空,1
书架,1
小群,1
信服,1
中林,1
硕士论文,1
搞懂,1
设地,1
设计奖,1
创意设计,1
解码,1
典故,1
误植,1
把关,1
库兰德,1
若译,1
舍弃,1
改译,1
产生分歧,1
爆发性,1
败选,1
副州长,1
墨西哥湾,1
佐里亚,1
伯内特,1
民粹主义,1
电视广告,1
试验场,1
以匹克球,1
船用,1
油品,1
化工企业,1
洁净室,1
雷闲闲,1
非人类,1
匹克球,1
美国商会,1
出更,1
个人成长,1
太多本,1
需先,1
输得,1
机翼,1
承受力,1
莫将,1
荣升,1
食品工业,1
行为习惯,1
战略决策,1
品牌战略,1
食光,1
王倍诗,1
手把手,1
主创人员,1
五金,1
逐项,1
费时,1
代劳,1
拍板,1
资源库,1
海格,1
扬名,1
江霖,1
港式,1
嘻记,1
红皮,1
脆皮,1
烧鸡,1
受潮,1
薯片,1
略胜,1
票据,1
触底,1
克瑞斯,1
微升,1
领涨,1
换机,1
弗朗西斯,1
贝托,1
要到,1
劲爆,1
大都,1
纽约证券交易所,1
阿尔柏,1
王园,1
森联置地,1
森联,1
价高,1
鬼节,1
郭新,1
自住,1
湖区,1
琉森嘉园,1
和诺维,1
翠乐苑,1
礁湖,1
路德,1
成交价,1
尺价,1
算起,1
乌节阁,1
净营,1
减仓,1
分庭抗礼,1
富达,1
新格局,1
精挑细选,1
服务供应商,1
新债,1
获得理想,1
第一桶金,1
基建投资,1
黑色金属,1
有色,1
微薄,1
普锐斯,1
燃料电池,1
大发,1
铝制,1
年产量,1
运输船,1
抛射,1
西得州,1
拉拉,1
阻力位,1
科莫,1
方则,1
财政赤字,1
顺和,1
财政管理,1
彭博总,1
吴美燕,1
景顺,1
范登,1
胡克,1
久期,1
饮恨,1
德斯坦,1
塞尔维亚,1
天王,1
惨烈,1
苦战,1
不败,1
揭幕战,1
赛会,1
轻取,1
琳娜,1
加布里,1
埃拉,1
鲁斯,1
抱憾,1
直落,1
加斯,1
蒙特利尔,1
大师赛,1
阴霾,1
赢下,1
缴械投降,1
重夺,1
赛点,1
卡米拉,1
拉希,1
莫娃,1
贾斯明,1
保利,1
斯洛文尼亚,1
维罗妮,1
艾尔哈,1
维克,1
泰利,1
鲁德,1
辛纳,1
伤病,1
博拉,1
克雷吉茨科娃,1
高原直泰,1
美因茨,1
武藤嘉纪,1
噩梦,1
红卡,1
罚下,1
克鲁格,1
锋线,1
斯塔尔,1
马赫,1
颜面,1
舍尔,1
汉特,1
巧射,1
易边,1
再战,1
连入,1
再下,1
角球,1
头槌,1
布隆,1
格雷戈里,1
伦贝格,1
柏林,1
大胜,1
里贝罗,1
折射,1
入网,1
季军,1
归比,1
赢球,1
斯洋,1
五洞,1
三洞,1
末轮,1
猪鼻,1
飞龟,1
星龟,1
箱龟,1
弄脏,1
原馆,1
陆龟,1
水龟,1
裕华,1
闭馆,1
灯谜,1
参加者,1
贴纸,1
投篮,1
霸位,1
未暗,1
日景,1
挂满,1
化身,1
坐镇,1
进同,1
游乐区,1
玩水,1
新鲜感,1
主楼,1
订房,1
环球旅行,1
喷泉,1
掌勺,1
串烧,1
躺椅,1
放空,1
出去玩,1
逛商场,1
和三丽鸥,1
赏灯,1
最累,1
丹岛,1
船程,1
露台,1
水滑梯,1
娱乐区,1
桌球,1
午睡,1
田桂英,1
新景点,1
林荫,1
飘落,1
鸟叫,1
一剂,1
心神,1
良方,1
叶片,1
留待,1
静修,1
恢复元气,1
负离子,1
丰城,1
遮阴,1
飞鸟,1
类疗,1
减压,1
荷尔蒙,1
水滨,1
滨水,1
山脊,1
树冠,1
拉布拉多,1
游乐,1
标志牌,1
时节,1
戈尔德,1
吕贝隆,1
蔚蓝海岸,1
越深,1
柔美,1
石屋,1
古城墙,1
突现,1
石壁,1
窄道,1
嵌进,1
教皇,1
皇城,1
肃穆,1
立于,1
闪耀,1
慈爱,1
凡尘,1
神界,1
仰合,1
悠远,1
回声,1
断桥,1
繁花,1
梧桐,1
串起,1
壁缝,1
超车,1
驶回,1
慢车道,1
拖斗,1
显出,1
雕琢,1
粗粝,1
涂鸦,1
反叛,1
古德港,1
橘红色,1
波光,1
闪动,1
红日,1
沉入,1
丘陵,1
咸咸的,1
海浪声,1
融水,1
普罗旺斯,1
石灰岩,1
深达,1
凡尔登,1
省道,1
崖顶,1
五线谱,1
谱写成,1
悬崖,1
隘口,1
蒙斯,1
圣玛丽,1
庄重,1
峭壁,1
高耸,1
中世纪,1
许愿,1
深涧,1
十字,1
尾部,1
成澄蓝,1
山势,1
石垒,1
山巅,1
罗马式,1
村镇,1
微微,1
灵气,1
惊扰,1
加尔,1
阿尔勒,1
斗兽场,1
散发出,1
凌厉,1
气势,1
向西行,1
图卢兹,1
雅各,1
修道院,1
棕榈树,1
柱廊,1
澄明,1
卡松,1
炖肉,1
浓稠,1
豆酱,1
诚恳,1
慰藉,1
的慢,1
炖牛肉,1
雄阔,1
粗犷,1
紫色,1
低声,1
壮美,1
吉伦,1
陈正强,1
星徽,1
启智,1
磨刀,1
日本料理,1
面包干,1
美禄,1
红豆,1
如阿,1
鸡蛋糕,1
乌达,1
酵母菌,1
摩登,1
蓬松,1
奶香,1
但胜,1
烤面包,1
烟熏,1
硬皮,1
切掉,1
面包心,1
纯手工,1
覆上,1
奶茶,1
不规则,1
弧度,1
削掉,1
硬壳,1
想念,1
仅存,1
黎氏,1
地砖,1
牌匾,1
黄埔,1
椰丝,1
长方形,1
时光倒流,1
烫伤,1
手会,1
面包师傅,1
烤成,1
张紫陌,1
瓷都,1
波东,1
摆卖,1
袜子,1
椰糖,1
麻薯,1
华夫饼,1
蟹肉,1
虾肉,1
上加,1
麦片,1
画龙点睛,1
咸蛋,1
炸鸡块,1
装潢,1
陌迹,1
巴斯克,1
手工艺,1
李长亮,1
姚岚,1
姚继亮,1
苏志,1
器物,1
盛装,1
器皿,1
街景,1
兴都,1
安曼,1
兴都庙,1
办公大楼,1
大马路,1
班兰戚,1
小号,1
纯班兰汁,1
以班兰,1
买块,1
小点,1
鸡尾酒,1
司令,1
巧口,1
仙儿,1
豆香,1
久坐,1
运动量,1
东安,1
利亚,1
诺福克,1
史者,1
中位,1
外伤,1
自愈,1
跌伤,1
破口,1
轻重,1
骨髓炎,1
骨裂,1
青枝,1
断端,1
外固,1
支具,1
移位,1
断骨,1
成角,1
清创,1
第戎,1
芥末,1
可自,1
苹果醋,1
再加,1
芝士,1
开罐,1
成分表,1
豆腥味,1
制做,1
太多美,1
油水,1
沸水,1
捣碎,1
胡椒粉,1
宜多吃,1
植化素,1
红素,1
比单,1
鸡丝,1
乳酸菌,1
荞麦,1
捞起,1
冷水,1
芝麻油,1
调成,1
酱汁,1
拌匀,1
白芝麻,1
纤维素,1
酚类,1
槲皮素,1
胡萝卜素,1
较熟,1
爱食,1
加点,1
清脆,1
沙威玛,1
切丁,1
芫荽,1
红椒,1
姜黄,1
再配,1
烤饼,1
炎炎夏日,1
应少,1
太多,1
胀气,1
教育者,1
通古博今,1
情商,1
双商,1
大学教授,1
普通家庭,1
心智,1
动脑,1
最懒,1
法语,1
不相称,1
荒地,1
露天集市,1
旧家具,1
从旧,1
淘来,1
男爵,1
宽阔,1
小摊贩,1
旧衣,1
物件,1
金银器,1
油画,1
雕花,1
木家具,1
水晶,1
吊灯,1
琳琅,1
金碧辉煌,1
汗颜,1
天文地理,1
暗自,1
名词,1
汤佑,1
信风,1
差一点,1
凉风,1
粤曲,1
客途,1
胭脂扣,1
马华,1
淑芳,1
龚万辉,1
鹭潮,1
美院,1
任由,1
切舍,1
原力,1
地利,1
正名,1
素来,1
何来,1
三地,1
活在,1
外汇券,1
答道,1
过瘾,1
歪斜,1
遮蔽,1
男凝,1
无涉,1
走近,1
点拨,1
偏食,1
非主流,1
探求,1
文类,1
原初,1
动念,1
纸本,1
封面,1
轶事,1
耳闻,1
纸堆,1
演化成,1
童稚,1
冷眼,1
书房,1
初版,1
宝瓶,1
繁体版,1
上海文艺出版社,1
简体版,1
皆然,1
上写,1
小说集,1
林间,1
飞羽,1
挂果,1
寻觅,1
鸟舍,1
全副武装,1
最喜,1
表情丰富,1
灰缝,1
叶莺,1
图鉴,1
敏捷,1
不语,1
没钱买,1
护鸟,1
暴躁,1
溺爱,1
交配,1
遗弃,1
离园,1
顺带,1
鲜艳,1
树丛,1
听声辨位,1
果树,1
斗嘴,1
小家伙,1
朱背,1
花鸟,1
飞影,1
新手,1
眼力,1
姿影,1
布洛,1
保护区,1
全泡,1
角角落落,1
藏身,1
速干,1
大炮,1
望远镜,1
活像,1
探险家,1
歪头,1
眉眼,1
弯弯,1
果子吃,1
乐天,1
随和,1
姥姥,1
姥爷,1
哈尔滨,1
土生土长,1
没少,1
肾命,1
董姿彦,1
肾长,1
宝玉,1
许文忠,1
多囊肾,1
抗病,1
萧锦洪,1
陈澍城,1
朱厚,1
王禄江,1
色粉,1
阿姐,1
渐长,1
节目主持,1
叙述者,1
洗完,1
洗肾,1
鐘琴,1
启发性,1
艳阳高照,1
无阻,1
活泼,1
搞怪,1
预想,1
大感,1
指由,1
绕场,1
飞驰,1
大奖赛,1
预热,1
赛车迷,1
赞成,1
苦候,1
高举,1
凳子,1
挤满,1
撑伞,1
戴帽,1
抵挡,1
极速,1
开进,1
助阵,1
专心,1
窦靖童,1
李嫣,1
一众,1
认出,1
夯曲,1
小半,1
走马,1
下获,1
死忠,1
失态,1
牵连,1
性向,1
辩解,1
饮酒,1
熟识,1
文字幕,1
穿插,1
倍增,1
看厦,1
红伶锦,1
和筱丽珍,1
土产,1
闽南,1
歌仔戏,1
不夠,1
流利,1
小娟,1
庄雪芳,1
冯宝宝,1
萧芳芳,1
角钱,1
金殿,1
璇宫,1
异数,1
和厦语,1
宝岛,1
资料馆,1
奥登,1
局部战争,1
越南战争,1
泥沼,1
朝鲜战争,1
力量对比,1
重大事件,1
幼教,1
防滑,1
足底,1
膜炎,1
文书工作,1
永远都是,1
忍受着,1
腰痛,1
脚痛,1
勾到,1
泡奶,1
喂奶,1
换洗,1
教案,1
教具,1
保姆,1
陪伴着,1
改正,1
文艺作品,1
略作,1
告密,1
检举,1
遗绪,1
僵化,1
学说,1
见解,1
深究,1
暖湿气流,1
深谷,1
交界,1
喜马拉雅山,1
令人窒息,1
延绵,1
青藏高原,1
隔开,1
巨壁,1
股市信息,1
审计工作,1
推后,1
法国巴黎,1
号线,1
丹麦克朗,1
价定,1
叫价,1
传慎,1
没过,1
费率,1
求售,1
黄伟庆,1
豪宅,1
价为,1
保值,1
希尔斯,1
鸽派,1
拉锯战,1
芝商所,1
萨里山,1
中央公园,1
福朋,1
葵花籽,1
肥料,1
推涨,1
糖价,1
产糖,1
会演,1
冬小麦,1
高校学生,1
互操作性,1
入围者,1
强权政治,1
彭丽媛,1
建好,1
中吉乌,1
大动脉,1
同扎,1
比什凯克,1
无限期,1
半官方,1
忙于,1
国营,1
炸成,1
借取,1
部属,1
放贷人,1
乾津,1
法师,1
全成,1
金建希,1
项链,1
权性,1
检察,1
勾结,1
地方法院,1
一审判决,1
抽空,1
轮到,1
悼文,1
毅然,1
有加,1
灵堂,1
万礼,1
火化场,1
脑性,1
麻痹,1
潜联,1
世界杯赛,1
男子组,1
女子组,1
赛中,1
直立,1
侧身,1
游动,1
舞赛,1
形体,1
妆造,1
突显,1
身姿,1
联合社,1
庆中元,1
保平安,1
满脸,1
挂到,1
元标,1
吴显源,1
善堂,1
纳祥,1
福物,1
供善,1
已约,1
潘俊貌,1
宴开,1
天悦,1
蔡依林,1
林姿逸,1
陈翔,1
陈晓欣,1
黄钜铨,1
黄凯琳,1
杨千,1
宴会,1
王瑞杰,1
脱碳,1
科研工作,1
伦多山,1
心淡,1
仇家,1
安息,1
侄子,1
得悉,1
一程,1
竟要,1
断绝,1
土葬,1
大葬,1
乐坛,1
美金,1
遭拒,1
园艺,1
捐作,1
分文,1
捐给,1
快餐,1
催肥,1
炸物,1
长痘,1
毒贩,1
朱哲宇,1
回得去,1
新片,1
回不去,1
裤子,1
穿不下,1
流汗,1
气喘,1
鼓吹,1
减肥,1
曾诗梅,1
徐彬,1
朱哲伟,1
李腾,1
陈丰,1
文海,1
智荟,1
同片,1
江伟南,1
办到,1
接梗,1
郭慧,1
要来,1
胡佳,1
人帅,1
故作,1
田铭耀,1
李铭顺,1
恭敬,1
刘谦益,1
回喊,1
妈咪,1
演过,1
郑琬龄,1
妙语连珠,1
没偶,1
认不出,1
蜕变,1
腹肌,1
示人,1
十国集团,1
年疫,1
队尾,1
交通警察,1
回堵,1
全面推行,1
人轻,1
英国伦敦,1
对流,1
湍流,1
独立报,1
航空法,1
难忍,1
布里斯托尔,1
移开,1
整架,1
安全带,1
专科,1
坐立,1
库萨尔,1
入藏,1
亲赴,1
下榻,1
蒂穆雷,1
善良,1
误认为,1
死状,1
芙蓉路,1
经禧路,1
末路,1
欧思礼,1
和福,1
康宁,1
堰塞湖,1
尼泊尔政府,1
水文学家,1
失稳,1
气象站,1
会分,1
提笔,1
恳求,1
练笔,1
亚当,1
定期检查,1
岁者,1
利用生物,1
网络游戏,1
执法权,1
塔什干,1
依附,1
贸易壁垒,1
妥善处理,1
乌国,1
困住,1
适境,1
刘铮正,1
云望,1
蔡佳奇,1
无声,1
海蛇,1
玻璃厂,1
厂房,1
先导,1
郑州,1
新叶,1
社会分工,1
天马行空,1
看得见,1
训练营,1
深圳特区,1
参访团,1
工牌,1
坪山,1
实验舱,1
招聘启事,1
夏令营,1
贴满,1
催泪,1
着意,1
剧式,1
塑形,1
父权,1
自梳,1
婚嫁,1
小津安,1
二郎,1
物语,1
守寡,1
过活,1
焉知,1
鱼之乐,1
影话,1
成全,1
女性主义,1
对同,1
讴歌,1
匠气,1
通俗化,1
探案,1
哑谜,1
关键处,1
剪断,1
删剪,1
离乡,1
冷漠,1
放映师,1
情怀,1
爱看,1
部被,1
神父,1
亲热,1
老电影,1
新天堂,1
即现,1
缝合,1
送信,1
写信人,1
初次见面,1
淑柔给两人,1
自拍,1
嬷淑,1
来时路,1
拋弃,1
飞渡,1
重洋,1
阿嬷南,1
视讯,1
篇幅,1
留胡子,1
居功,1
接戏,1
辜负,1
敞开大门,1
插画,1
晓得,1
正着,1
牵挂,1
际遇,1
杂工,1
石沉大海,1
落选,1
秀气,1
硬汉,1
播音,1
立志,1
下拍,1
结缘,1
李现,1
师弟,1
电影票房,1
涨粉,1
郑木,1
生火,1
宣入,1
校园生活,1
真挚,1
打动,1
担纲,1
搭理,1
院线,1
频刷,1
发威,1
重情,1
重义,1
谢南枝,1
镁光灯,1
版则,1
大佬,1
同乡会,1
徐惠深,1
客串,1
制片人,1
萱轩,1
貌似,1
来头,1
潮汕方言,1
章节,1
上位法,1
精算,1
责任险,1
真家伙,1
噱头,1
逃避责任,1
文字游戏,1
行业标准,1
工信,1
全责,1
扫清,1
补位,1
部委,1
专章,1
实施办法,1
混淆,1
静置,1
集卡,1
洋山港,1
舟山,1
长安汽车,1
号牌,1
快速路,1
阿尔法,1
值夜班,1
宝宝,1
缝纫,1
和疗,1
回想,1
褪色,1
凋谢,1
干花,1
园景,1
风景图,1
要花,1
选色,1
裁缝师,1
针线活,1
天分,1
景观设计,1
拿起,1
留念,1
针线,1
绣出,1
税项,1
施保添,1
翻查,1
引致,1
韦帕,1
风球,1
苦行僧,1
刻画,1
阿嬤,1
血泪,1
宿命,1
贾古玛,1
修宪,1
典藏,1
殖民者,1
掌镜,1
辞别,1
学术著作,1
钱锺书,1
研究家,1
归入,1
之列,1
哲学家,1
评论家,1
迈着,1
讲课,1
飞落,1
欢叫,1
出神,1
小鸟,1
失陪,1
约会,1
可到,1
永保青春,1
毛遂自荐,1
何愁,1
富兰克林,1
当益,1
日用,1
一心,1
名声,1
谦冲,1
屈尊,1
降贵,1
益谦,1
贵在,1
求退,1
名望,1
自养,1
节操,1
义气,1
愈处,1
愈要,1
人格,1
清高,1
雪压霜,1
秋尽冬,1
所屈,1
方得,1
易得,1
难守,1
照明灯,1
指路牌,1
变旧,1
变腐,1
剑桥,1
牛津,1
埋首,1
独语,1
势力范围,1
日理万机,1
伯里,1
投入资本,1
两极分化,1
日增,1
布尚,1
泥流,1
伤员,1
方便面,1
冲毁,1
民宅,1
建在,1
路缘,1
灰褐色,1
沙石,1
碎岩,1
没等,1
泥水,1
废墟,1
敦切,1
所踪,1
达瓦,1
往上爬,1
没命,1
新设,1
所举,1
国际金融,1
账簿,1
基兰,1
马尼,1
汇报工作,1
居銮,1
麻坡,1
巴莪,1
花大钱,1
缅元,1
难过地,1
翡翠,1
无方,1
国须,1
艾蒙,1
困难者,1
回国探亲,1
曼德勒,1
对付,1
个民地,1
军阀割据,1
密支那,1
从业员,1
民选总统,1
反对派,1
凑足,1
张小云,1
乞讨,1
污水,1
恶臭,1
霉味,1
想走,1
分布图,1
抽身,1
看得出,1
紧张感,1
指舰,1
母港,1
美泰,1
军事演习,1
中东部,1
党甲州,1
水温,1
伊党,1
哈迪,1
阿旺,1
自问,1
图尔克,1
成倍增加,1
境遇,1
病原体,1
数将,1
鼠尿症,1
啮齿动物,1
细菌性,1
病菌,1
破损,1
鼻腔,1
高烧,1
梅梅,1
布拉干,1
低洼地区,1
贝特,1
阿桑尼,1
低气压,1
盖纳里,1
防洪措施,1
不堪,1
河坝,1
巴丹,1
堤坝,1
日益频繁,1
护卫舰,1
费迪夫,1
湖滨,1
纳吉,1
劝告,1
宵禁,1
驻兰,1
斗班,1
府上,1
巴赫,1
里尔,1
地热,1
国情咨文,1
中爪哇,1
爪哇,1
地热资源,1
农地,1
架飞机,1
各部委,1
宣誓书,1
注册机构,1
组是,1
哈斯布,1
盘问,1
偷渡者,1
合艾县,1
接应,1
清莱府,1
查伦蓬,1
突袭,1
指以,1
蛇头,1
死城,1
扑救,1
咳嗽,1
家庭主妇,1
法丽达,1
吸入,1
刺痛,1
通讯部,1
法米法兹,1
市政局,1
和联昌,1
环境标准,1
庆祝国庆,1
山苏,1
阿兹里阿,1
主持会议,1
国阵希盟,1
名原州,1
期限内,1
名州,1
索款,1
发函,1
泰方,1
驻军,1
扫雷,1
鼓舞士气,1
奈帕,1
铁丝网,1
战壕,1
重返家园,1
勘察,1
地雷,1
截肢,1
激化,1
边界线,1
同泰,1
边界争端,1
声索,1
泰国武装部队,1
国际合作部,1
纷争,1
再起,1
争议地区,1
令泰,1
副行长,1
请辞,1
外汇交易,1
达南,1
先发制人,1
七湾,1
转眼,1
移入,1
拉越,1
和斯,1
蕉赖,1
沙亚,1
雪州佐,1
汉斯,1
迪亚,1
少雨,1
开会讨论,1
火场,1
林添顺,1
火苗,1
土著,1
团结党,1
国盟,1
希沙慕丁,1
党则,1
由国阵,1
党瓜,1
嘉斯利及乐,1
芭区,1
莫哈末亚兹迪,1
阿末,1
法依沙,1
慕尤丁,1
斯迪亚,1
党员,1
巴生,1
无党籍,1
干旱气候,1
冒烟,1
佩德罗,1
火线,1
防火,1
隔离带,1
布伦纳,1
越境者,1
亚尼,1
阿尔瓦雷,1
救生圈,1
伸入,1
紧急措施,1
长官,1
稍趋,1
水瓶,1
传遍,1
新闻媒体,1
充气,1
浮具,1
严厉批评,1
极化效应,1
不能允许,1
阿尔巴,1
雷斯,1
莱昂,1
快步,1
拉离,1
力挫,1
暌违,1
在位,1
幼女,1
共欢,1
盛举,1
利亚斯,1
领地,1
假消息,1
无知,1
汹涌,1
甘愿,1
大堤,1
警备,1
靠岸,1
命丧,1
颠倒,1
欧洲各国,1
观察站,1
埃切维,1
里亚,1
曲解,1
居留权,1
多数党,1
易位,1
检查程序,1
有效性,1
法西,1
宪兵,1
主教练,1
青训,1
重聚,1
八球,1
射脚,1
英超球,1
首战,1
切尔西,1
前场,1
司职,1
攻击型,1
斯曾,1
出赛,1
溺水,1
欧洲共同,1
直布罗陀海峡,1
丰特,1
德彼,1
泻湖,1
编号,1
环保部门,1
横渡,1
洛佩斯,1
巴利阿里,1
日环食,1
雷克雅未克,1
欧洲地区,1
格陵兰岛,1
特鲁埃尔,1
观测站,1
有幸,1
乌什,1
科拉,1
利物浦,1
阿斯顿,1
维拉,1
卡韦略,1
安达鲁西亚,1
救难,1
瓦砾,1
于阿尔,1
亨丁,1
感谢费,1
加时赛,1
冠军杯,1
国王杯,1
曾效力,1
巴伦西亚,1
再续,1
前缘,1
撒哈拉,1
夫尼,1
代格,1
炮车,1
坎塞洛,1
队曼市,1
大将,1
金球奖,1
坎普,1
足总杯,1
续约,1
斗牛士,1
国家足球队,1
绯闻,1
继戈,1
阿德,1
耶米,1
西乌,1
希拉尔,1
世界足球,1
殿堂,1
亚马尔,1
佩德,1
奥尔莫,1
更衣室,1
历练,1
冠军队,1
会签,1
宿敌,1
新东家,1
迪奥拉,1
英国伦敦大学,1
游学,1
信用风险,1
巴洛,1
禁赛,1
张红卡,1
欧洲足联,1
加勒比海,1
足坛,1
讨伐,1
罗马法,1
威尔士,1
足球联赛,1
屈居亚军,1
美亭,1
打响,1
洞穿,1
混血,1
帕特里克,1
黎江,1
罚球,1
翻盘,1
逼抢,1
主裁,1
码点,1
头球,1
边网,1
己方,1
囤积,1
抓住机会,1
立柱,1
弹入,1
球网,1
摆乌龙,1
重获,1
左卫万,1
停球,1
推射,1
破网,1
补时,1
解围,1
告负,1
眼眶,1
雄狮,1
男足,1
东道主,1
乌龙球,1
双打比赛,1
法网,1
双打,1
混双,1
八强,1
温布登,1
网球赛,1
右膝,1
凡夫,1
辨知,1
佛法,1
断除,1
学问,1
俱舍,1
论记,1
障重,1
复能,1
异熟,1
比方,1
多疑,1
怨恨,1
恶念,1
有善,1
功德,1
应做,1
根除,1
心田,1
万般,1
禅修,1
修持,1
潜意识,1
轻安,1
高糖,1
有氧,1
汗腺,1
脑内啡,1
多巴胺,1
抗击,1
高品质,1
淋巴,1
藉此,1
怨怼,1
平生,1
好人,1
山川,1
云雾,1
佛陀,1
击伤,1
罹患重病,1
贪婪,1
行善,1
催产素,1
显着,1
清净,1
得胜,1
粉色,1
霓虹灯,1
鄙夷,1
炽热,1
忘不掉,1
暴晒,1
强忍,1
裹进,1
的脆,1
壳里,1
有高有矮,1
躯体,1
压得,1
低俗,1
皮肉,1
形形色色,1
卑微,1
无能,1
王先生,1
吹进来,1
随风飘,1
薄薄,1
地触,1
子宫,1
伸进,1
温热,1
被子,1
小房间,1
掐灭,1
尼古丁,1
勾人,1
棕色,1
向下,1
细枝,1
都行,1
几时,1
柴米油盐,1
乖顺,1
小猫,1
蹦蹦跳跳,1
读音,1
领悟到,1
某件事,1
把头,1
所经,1
口水,1
寂静,1
店门口,1
小帅哥,1
瞥见,1
床头柜,1
凌乱,1
几本书,1
书页,1
太小,1
遮不住,1
青紫,1
脸蛋,1
出别,1
花猫,1
抚上,1
摩挲,1
挪到,1
踮起,1
干瘪,1
递来,1
黏腻,1
手钳,1
没抹,1
渗入,1
双唇,1
染红,1
枕头,1
穿衣服,1
分区,1
联络网,1
同乐,1
手链,1
击倒,1
运水,1
可兑换,1
金圈,1
绕线,1
相片,1
李沁格,1
心里话,1
全校学生,1
顺利进行,1
后半场,1
四射,1
狮子山,1
文艺表演,1
旅行社,1
下落,1
努瓦果德,1
塔丁,1
已致,1
香港浸会大学,1
电台节目,1
芝订,1
尊称,1
刘博士,1
啤梨,1
早都,1
小芝,1
收工,1
开麦,1
因车祸,1
责权利,1
张宋雨琦,1
专辑,1
新剧,1
包场,1
应援,1
女王,1
儿歌,1
开刀,1
传于,1
陈尸,1
北达科他州,1
楼下住户,1
渗出,1
援人,1
圆缘,1
助线,1
仍曾,1
噩耗,1
毒物,1
验尸,1
赠款,1
预备役,1
思想库,1
瓦莱丽,1
贾勒特,1
普卢夫,1
法律顾问,1
陈远,1
彭妮,1
普里茨,1
全权,1
修炼,1
磨练,1
歉意,1
能线,1
先谈,1
离岗,1
歉疚,1
有假,1
兄弟姐妹,1
就诊,1
却常,1
看诊,1
学龄儿童,1
喂饭,1
换衣,1
所花,1
情绪低落,1
存进,1
张建兵,1
商榷,1
中医理论,1
中医疗法,1
两道菜,1
倒能,1
读出,1
心迹,1
逐条,1
罗列,1
施政报告,1
理想主义,1
修修补补,1
骨架,1
道菜,1
咖喱鸡,1
猪扒,1
卤肉,1
杂菜,1
国家机器,1
异见,1
中下阶层,1
社会阶层,1
入学考试,1
负笈,1
猛增,1
鲜少,1
施舍,1
老龄,1
晚年生活,1
运营者,1
第四版,1
屋率,1
第五版,1
自立,1
谢慧贞,1
郑宝莲,1
膀胱癌,1
肾癌,1
运动鞋,1
纳斯达克交易所,1
消费额,1
天华,1
格里尔,1
菲兰,1
金融界,1
率为,1
所欠,1
应缴,1
宽待,1
滞纳金,1
批示,1
核清,1
抢险,1
日喀则市,1
吉隆县,1
石景山区,1
实训,1
数采,1
单条,1
合格率,1
物流园区,1
独步,1
战略部署,1
个数,1
映致,1
新闻办,1
京师,1
矿泉水瓶,1
餐盘,1
头显,1
民间组织,1
推展,1
百仁,1
吴函燕,1
外派,1
幸得,1
董伟文,1
奥维尔,1
疏离,1
互传,1
障者,1
转介,1
和志工,1
倾吐,1
同辈,1
或初,1
倾诉,1
倾谈,1
田间管理,1
稳价,1
查干湖,1
粮头,1
食尾,1
农头,1
工尾,1
林旭,1
玉米油,1
生产工艺,1
农带,1
松原,1
宁江区,1
德智,1
农事,1
保证质量,1
灌区,1
高产稳产,1
水网,1
农艺,1
高标准,1
良田,1
良法,1
建三江,1
科技园区,1
种业,1
大者,1
佳木斯,1
七星,1
旱作,1
水稻田,1
增产增收,1
夏粮,1
空军部队,1
气步枪,1
军营,1
有赖于,1
灌输,1
交流经验,1
获托,1
吉托夫,1
服务项目,1
便利化,1
标准箱,1
单证,1
中铁,1
上海浦东,1
空服员,1
严禁吸烟,1
乌美,1
破除,1
瓦片,1
客家人,1
之门,1
铁片,1
海陆空,1
生者,1
普渡众生,1
往生,1
无主,1
孤魂,1
邱伟霖,1
科仪,1
写法,1
乌美路,1
旁连,1
法事,1
耗体力,1
热油,1
腾身,1
跃过,1
解救,1
亡灵,1
赦关,1
免罪,1
堆成,1
七彩,1
双龙,1
四门,1
沙雕,1
马哈,1
和性,1
卡辛才,1
性侵犯,1
恶心,1
下体,1
亲在,1
紧紧,1
捉住,1
但卡辛,1
卡辛先,1
抓痒,1
魔掌,1
江玉珠,1
摆设,1
相恋,1
终身大事,1
天国,1
病痛,1
敬重,1
被令,1
带出,1
真钞,1
防伪,1
信封,1
记下,1
墨水,1
裁纸刀,1
证物,1
存入,1
假币,1
全案,1
酒店客房,1
假会,1
愧疚,1
余裕,1
上有政策,1
要替,1
变相,1
无孩,1
跃进,1
素以,1
北欧国家,1
帕娜,1
文下,1
接载,1
改叫,1
来接,1
伤及,1
收费站,1
行经,1
庭外和解,1
马萨诸塞,1
阿默斯,1
出做,1
支票,1
可执行性,1
肯塔基州,1
指挥权,1
滥权,1
凶手,1
奸杀,1
高中女生,1
警察厅,1
俞在成,1
棕榈园,1
侦办,1
亲口,1
刑事案件,1
松散,1
治安案件,1
众怒,1
民愤,1
屡屡,1
误信,1
挖矿,1
网速慢,1
方可,1
取款,1
资金不足,1
索要,1
费和,1
印花税,1
拉黑,1
懊恼,1
原想,1
挖币,1
屡次,1
赔上,1
略降,1
数则,1
旅游部,1
卡纳尔,1
雪崩,1
据估计,1
倾泻,1
人口稠密,1
北方邦,1
比哈尔邦,1
水电站,1
门户网站,1
成春,1
周氏,1
安全措施,1
周龄,1
产下,1
受精,1
登加,1
种鸡,1
出资方,1
何少强,1
局会,1
时值,1
解体,1
答谢辞,1
哈莉玛,1
所在区域,1
后付费,1
主页,1
反诈,1
网上支付,1
全款,1
呈上升,1
箭地,1
发射架,1
李秦峰,1
总装,1
崔霞,1
入库,1
扣盖,1
软纸,1
夹取,1
插入,1
双臂,1
码入,1
考查,1
空间规划,1
国研新,1
了破,1
遥控器,1
身位,1
挥动,1
球拍,1
高速移动,1
转评,1
手眼,1
纳米比亚,1
陈子帅,1
高雷,1
王逸,1
线缆,1
赛迪,1
新生报,1
炫酷,1
羡慕,1
美联社,1
值守,1
必将,1
衡量标准,1
打乒乓球,1
室内空气,1
耳鸣,1
内会,1
入座,1
困倦,1
潇湘晨报,1
犯困,1
数值,1
机车车辆,1
桂东,1
限值,1
吸氧,1
原以为,1
暖气,1
缺氧,1
全气密,1
车体,1
新风量,1
韦尔瓦,1
莫雷诺,1
普恩特,1
蹊跷,1
相邻,1
互免,1
平地,1
巴育,1
万象,1
直达,1
泛亚,1
卖场,1
在用,1
回血,1
台率,1
选择题,1
层高,1
动线,1
试驾,1
高挑,1
临街,1
面强,1
城市交通,1
结合部,1
看上去,1
符合实际,1
返点,1
产业园,1
库房,1
和运维,1
完成率,1
枯线,1
唐晓晨,1
原客,1
张艳权,1
宋体,1
车向,1
直销,1
工业品,1
网点,1
毛细血管,1
二手车,1
社区化,1
后置,1
祛魅,1
两辆车,1
咖啡吧,1
照样,1
能卖车,1
展示厅,1
安德列,1
加冷,1
埃亚,1
印第安,1
韦尔斯,1
阿德莱德,1
赛及,1
林茨,1
双误,1
退步,1
扳成,1
胜局,1
次盘,1
发球,1
胜赛,1
追至,1
连保,1
带破,1
攻击力,1
卡萨尔斯,1
南希,1
本站,1
硬地,1
迈阿密,1
无缘,1
奖杯,1
高芙,1
青年队,1
含义,1
萧文勇,1
全队,1
巧固,1
拼搏精神,1
体育精神,1
自满,1
顽强拼搏,1
三人,1
国家青年队,1
田峻铭,1
里卡尔,1
银牌,1
青赛,1
循环赛,1
失分,1
大酒店,1
中秋月饼,1
幽雅,1
黄梨,1
橙酒,1
华厅臻,1
普洱茶,1
冰皮款,1
香槟,1
酒香,1
黄夏,1
五仁,1
金字招牌,1
可拨,1
炸鸡,1
可乐,1
天妇,1
罗虾,1
采光,1
相得益彰,1
烘制,1
马芬,1
瓶口,1
要够,1
倒入,1
甘苦,1
加奶,1
另加,1
时半,1
菜心,1
班兰,1
局促,1
四巷,1
茶泡饭,1
蛋包饭,1
气泡,1
现做,1
是现,1
不赖,1
蛋卷,1
滑嫩,1
校舍,1
餐饮店,1
梧槽,1
和金隆,1
英国人,1
明古鲁,1
总督,1
最酷,1
安顿,1
明古鲁省,1
紫锥花,1
缺铁性,1
骨质疏松症,1
服药,1
益生菌,1
显著效果,1
草药,1
处方药,1
旗号,1
病程,1
学系,1
布莱恩,1
布利斯,1
轻者,1
肥胖者,1
老年医学,1
死亡率,1
间歇,1
养成,1
抗癌,1
惶恐,1
冷冰冰,1
诊室,1
跑鞋,1
百汇,1
医务,1
毅力,1
不快,1
过奖,1
配速,1
身心状态,1
有空,1
节奏感,1
老式,1
庇荫,1
优渥,1
沈嘉禄,1
杨晓晖,1
评论集,1
欢娱,1
上阵,1
大则,1
小则,1
自伤,1
自害,1
贪财,1
好色,1
权贵,1
拍马,1
风骨,1
韩愈,1
原毁,1
古之,1
君子,1
责己,1
待人,1
轻以,1
人人乐,1
为善,1
责人,1
反责,1
失去理性,1
难堪,1
自绝,1
人情,1
仁厚,1
贡高,1
自大,1
宽厚,1
佛经,1
生有,1
何益,1
必败,1
自恃,1
圣贤,1
乌云密布,1
交加,1
旱象,1
子民,1
不得已,1
押解,1
伊索,1
却说,1
通病,1
难看,1
私欲,1
贪欲,1
开枝,1
散叶,1
侧重点,1
比邻,1
文教,1
何伟山,1
作贡献,1
吴绍,1
梁振伟,1
集思广益,1
用画,1
励志,1
百灵,1
凿开,1
安上,1
木刻,1
店租,1
家庭式,1
学冲,1
没学,1
福禄寿,1
曾志伟,1
陈百祥,1
足球队,1
决裂,1
高唱,1
咏麟,1
红馆,1
创台,1
开金,1
露脸,1
服饰品牌,1
见面会,1
金世毅,1
羁押,1
诱拐,1
消瘦,1
双颊,1
排骨汤,1
跨出,1
木雕,1
鸳鸯,1
尾音,1
弯腰,1
问好,1
韩剧,1
特别节目,1
上工,1
沈颖,1
乐友齐,1
叶聪,1
执棒,1
聚商,1
惠民,1
乐融,1
四海,1
点赞,1
捡起,1
不妥,1
三思,1
诧异,1
敢不敢,1
出格,1
告诫,1
玩笑,1
应留,1
有分寸,1
传下去,1
孝亲,1
亡者,1
源流,1
个人修养,1
戏弄,1
拍成,1
静止,1
体温,1
吐露,1
更未,1
介给,1
进行性,1
爱人,1
中丹,1
妮莉丝,1
格利,1
美国参议院,1
梅根,1
没完,1
大败,1
努鲁依莎,1
署理,1
挽留,1
诱发,1
社媒贴,1
留阁,1
不卖,1
代表大会,1
呈辞,1
盟党,1
大石,1
社会主义者,1
世人,1
展露,1
攻城略地,1
全版,1
阿卜杜勒,1
赛义德,1
密歇根州,1
马姆,1
丹佛,1
派力,1
温和派,1
急涨,1
外汇,1
黄经,1
流入量,1
了上,1
美元兑,1
货币汇率,1
估计值,1
俊杰,1
渣打银行,1
李韦虢,1
许添威,1
分派,1
独资,1
星伟诺,1
永康,1
官卢业,1
冷链,1
楼面,1
曹宝记,1
曹氏,1
船运,1
陈永财,1
工程学院,1
洛朗,1
马利耶,1
晶片组,1
微软公司,1
赞助人,1
房泓沂,1
明光,1
拉丁,1
阿格,1
拉瓦尔,1
黄增毅,1
李储光,1
育人,1
学习成绩,1
需用,1
短句,1
团圆,1
时同,1
剪纸,1
侦探,1
课堂纪律,1
课外活动,1
讲堂,1
课室,1
财经大学,1
良师益友,1
朗诵,1
刊物,1
代代传,1
扶放,1
教学研究,1
长处,1
互相学习,1
从教,1
选读,1
哭泣,1
数学教师,1
车辆通行,1
分隔,1
出片,1
秒长,1
风格化,1
云微信,1
通苏,1
杭州湾,1
工程施工,1
偏东,1
西偏,1
抵近,1
警戒线,1
防范措施,1
抗旱,1
预报,1
投资区,1
张坂镇,1
百帕,1
沿海地区,1
参谋长,1
尼尔,1
鸣笛,1
靠右,1
段长,1
塞蒂,1
果敢,1
专用车,1
交杂,1
分将,1
租户,1
消散,1
房间内,1
睡梦中,1
幼童,1
犀牛,1
红花,1
手帕,1
娇羞,1
捧场,1
乐手,1
高堂,1
乐队,1
逗笑,1
搀扶,1
罗翊,1
李爱玲,1
程刚,1
紫瑶,1
赖星,1
丞和,1
林嘉嘉,1
情景剧,1
满眼,1
爱意,1
献唱,1
店方,1
暂休,1
冬怡,1
封条,1
移走,1
舞龙,1
摆满,1
花牌,1
佘诗曼,1
马国明,1
陈山聪,1
萧正楠,1
蔡思贝,1
杨茜尧,1
罗子溢,1
陈展鹏,1
曹永廉,1
黎诺懿,1
七楼,1
竟将,1
维内钟,1
铁制,1
屋子,1
喊叫,1
大叫,1
撞到,1
床架,1
经济繁荣,1
详尽,1
玳瑁,1
海龟,1
杯状,1
海绵,1
使活,1
看齐,1
认真思考,1
环境压力,1
合情合理,1
幼虫,1
渔获,1
海草,1
草甸,1
红树林,1
毛广,1
苏东,1
填埋,1
汽油价格,1
终局,1
军工厂,1
核计划,1
算计,1
无误,1
付账,1
小数点,1
误付,1
武吉宝,1
美路,1
汇入,1
所付,1
小数目,1
苦等,1
褒奖,1
语特生,1
卡奇,1
颁奖典礼,1
孤单,1
传播者,1
林晓雁,1
莫忠明,1
胡诗薇,1
陈家,1
黄乔敏,1
教研,1
协办,1
金鹰,1
和奖,1
国家元首,1
访新,1
基多,1
旧城,1
实例,1
翱兰,1
港务,1
厄国,1
大城,1
瓜亚基尔,1
索尔,1
引航,1
虾类,1
新厄,1
达尔文,1
安第斯地区,1
国宴,1
守望,1
闭路,1
条码,1
调换,1
防罪,1
盗窃案,1
抢夺案,1
刀具,1
丝芙兰,1
挑战者,1
和慕达,1
谋杀案,1
窃贼,1
合租者,1
保健用品,1
失窃,1
东陵,1
钥匙圈,1
建屋,1
博纳,1
冯景祥,1
存下,1
房款,1
余宛静,1
超标,1
获调,1
宽裕,1
银行职员,1
张瑞秋,1
打消,1
建得,1
出世,1
顶限能,1
住屋,1
暴风雨,1
刮风,1
南风,1
东南风,1
增大,1
测到,1
波强,1
托特纳姆,1
七球,1
对垒,1
英冠,1
查尔顿,1
纽卡斯尔,1
罗纳,1
米内罗,1
特鲁瓦,1
德泽,1
尔比,1
边路,1
本名,1
福德,1
马尔穆,1
保级,1
热刺,1
托纳利,1
马特乌斯,1
费尔南德斯,1
罗伯逊,1
范赫克,1
流质,1
失眠,1
接力比赛,1
交棒,1
落点,1
体操,1
刘舒琦,1
训练场地,1
爱知,1
名古屋,1
风筝,1
世界冠军,1
墨士廉,1
翼板,1
滑行,1
抗压,1
气场,1
球道,1
加油打气,1
斗志,1
队内,1
总瓶,1
睿旂,1
努拉,1
萨比,1
继在,1
食物残渣,1
残渣,1
门诊,1
勤用,1
牙科医生,1
琺瑯质,1
软毛,1
牙龈炎,1
仍旧,1
刷毛,1
淀粉类,1
苏打,1
黏住,1
普及化,1
口腔疾病,1
硬毛,1
汽水,1
啜饮,1
中度,1
黏附,1
牙槽骨,1
牙周,1
囊袋,1
氟素,1
孔洞,1
牙痛,1
掉牙,1
陈慧慧,1
超值,1
赠送,1
按先,1
骨科,1
生蛇,1
眼科医生,1
保护视力,1
新达城,1
机理,1
单行道,1
常人,1
肋骨,1
压迫,1
下颌,1
整骨,1
病危,1
心脏科,1
残疾,1
吞咽,1
运动神经元,1
耳鼻喉科,1
肌萎缩,1
侧索,1
击垮,1
无助,1
时装秀,1
癌患,1
丈量,1
碾过,1
老百姓,1
阿伟,1
交织成,1
不完,1
夹缝,1
衣角,1
脸庞,1
木棍,1
命案,1
刺死,1
押回,1
案发现场,1
双脚,1
束带,1
神情,1
镇定,1
谋杀,1
染血,1
卡鲁纳,1
卡兰,1
中刀,1
押抵,1
已先,1
手势,1
比划,1
数间,1
裁判席,1
连忙,1
担架,1
抬走,1
紫牛,1
试炼,1
全身,1
勇夺,1
斜坡,1
跷跷板,1
梅花桩,1
匍匐,1
湿滑,1
首集,1
拿手,1
菜色,1
草稿,1
徐鸣杰,1
行时,1
加东,1
女校,1
数学老师,1
中女,1
嘉禾,1
欠妥,1
王晓,1
泼菜,1
演技,1
受罪,1
反呛,1
请问,1
履历,1
直播间,1
改口,1
痛诉,1
暧昧,1
深挖,1
弹幕,1
刘浩存,1
台北讯,1
台湾歌手,1
谁错,1
过来人,1
顾家,1
舍得,1
马来族,1
地峡,1
廖内,1
宋卡,1
四府,1
让予,1
将华,1
捞取,1
屡将,1
聊及,1
罗宾,1
自矜,1
未及,1
忧劳,1
倦怠,1
更非,1
深谙,1
婚姻关系,1
官位,1
大秀,1
何在,1
统考,1
反贪,1
阿占,1
巴基,1
黑手党,1
声量,1
大局,1
含泪,1
步步,1
袭扰,1
寄托,1
劝说,1
才干,1
敬业精神,1
赫赫有名,1
电机工程,1
身世,1
坎坷,1
拔尖,1
攀上,1
辞世,1
建树,1
颇丰,1
八任,1
经济腾飞,1
居功至伟,1
计委,1
高级干部,1
交房,1
眼睁睁,1
毕生,1
打水漂,1
只求,1
伦纳德,1
被遗弃,1
搭棚,1
打地铺,1
有救,1
欠债,1
抵债,1
爆破,1
买房者,1
路易丝,1
体外受精,1
追随者,1
精子,1
卵子,1
萌芽,1
孕妇,1
受孕,1
不育症,1
先天性,1
丰隆,1
钢筋,1
李彩莲,1
高苑惠,1
高岛,1
东岛,1
成新,1
辉立,1
捎来,1
资源管理,1
云顶,1
占地约,1
承包,1
高苑,1
大型项目,1
存储设备,1
收低,1
士气,1
了到,1
自掘坟墓,1
加薪,1
反对票,1
绩效奖金,1
晚盘,1
连跌,1
垫底,1
苏尔,1
持守,1
先决条件,1
共居,1
满租,1
兰罗央,1
转到,1
额约,1
美国中央情报局,1
运输机,1
经停,1
伏努,1
上答,1
单边制裁,1
居中,1
重大进展,1
纳克,1
维说,1
宽限期,1
搞垮,1
专制,1
弗里德,1
麦克莱,1
广东省政府,1
做广告,1
海军部,1
写照,1
影石,1
拓竹,1
做好事,1
大钱,1
广东省委,1
省长,1
鹏飞,1
为受,1
重税,1
家用电器,1
海产,1
花路,1
爱花路,1
火海,1
熊熊,1
橙色,1
火舌,1
烧焦,1
消防人员,1
船务,1
印中,1
先控场,1
喀山,1
政治指导,1
向前走,1
偏航,1
龙象,1
加勒,1
拉达克,1
专家组,1
边境贸易,1
公平合理,1
深江,1
中多,1
蒙福,1
蔡深江,1
仪文,1
李冠芳,1
林氏,1
林连豪,1
符诗,1
蔡宜瑛,1
林顿,1
碧云,1
董素华,1
私人机构,1
魁梧,1
示意,1
仍停留,1
老父,1
卡瓦,1
普犬,1
小路,1
狠狠,1
正气,1
养狗,1
小狗,1
抓好,1
挡路,1
飞出,1
凄厉,1
惨叫声,1
已非,1
证词,1
狗主,1
滤网,1
死刑,1
公馆,1
联号,1
曝险,1
羊城晚报,1
衡阳市,1
祁东县,1
老翁,1
李姓,1
肖爱华,1
棋牌,1
和稀泥,1
衡阳,1
好心,1
搭讪,1
下跪,1
酷热,1
建筑工地,1
棒球场,1
小西,1
徒手,1
喷出,1
电源插座,1
电话亭,1
大阪,1
难耐,1
剧集,1
白莲花,1
大饭店,1
取景,1
吉他,1
艺名,1
队小,1
红莓,1
电吉他,1
演奏,1
选秀,1
跑出,1
区域环境,1
权衡利弊,1
外资来源,1
历代,1
划归,1
民情,1
为重,1
名额有限,1
巨人,1
元者,1
工兵团,1
检阅,1
驻守,1
走遍,1
音响效果,1
摄影机,1
孟耀诚,1
金奖,1
视听,1
预演,1
精髓,1
购车和,1
星融,1
房产交易,1
房贷利率,1
宋生文,1
到较,1
汇理,1
社交能力,1
加广,1
副组长,1
盲从,1
道德观,1
可喜,1
外港,1
和达,1
达绍,1
苏英安,1
交易商,1
沙姆哈尼,1
达绍娃,1
达达绍,1
绩效考核,1
外地,1
随口,1
广告语,1
克斯,1
大型机,1
把用,1
颅骨,1
拉丹,1
和拉蕾,1
执行主席,1
将纬,1
免租,1
周文杰,1
门禁,1
二手交易,1
孵化器,1
落脚点,1
息税,1
状况良好,1
兴业银行,1
伞形,1
丹纳,1
德勤,1
中型企业,1
巴易斯,1
防火墙,1
关键字,1
报税,1
服务提供者,1
肯尼,1
狄理德,1
辨识,1
地须,1
报账,1
计量,1
组员,1
美国硅谷,1
一人,1
债权人,1
或须,1
弥偿,1
宗新,1
吊扇,1
心动,1
外劳,1
照看,1
回营,1
高大,1
过渡性,1
带团,1
陈锦源,1
劳动密集,1
抢占市场,1
日用品,1
温度计,1
爱达荷州,1
博伊西,1
希捷,1
能比,1
解剖,1
大众化,1
交易网,1
变缓,1
官哈金,1
百利,1
赵捷明,1
城堡,1
接盘,1
爆仓,1
致歉信,1
服务网络,1
莫川苇,1
前于,1
额远,1
退保,1
保费,1
转职,1
压垮,1
盈余,1
取悦,1
麦当劳,1
人道,1
重整,1
顺境,1
次序,1
重新整理,1
显耀,1
救命,1
服装品牌,1
和泛,1
报收,1
首财,1
香港股市,1
偏弱,1
止跌,1
转换期,1
金融工具,1
专论,1
赵锡军,1
重新安排,1
反噬,1
船东,1
船队,1
回补,1
丁元,1
卖盘,1
创约,1
币报,1
软和,1
轧空,1
获授,1
合影,1
游牧,1
长袍,1
金雕,1
射箭,1
初体验,1
古洛夫,1
伊犁,1
峡谷,1
中琼,1
布拉克,1
陈子宇,1
名华,1
前人,1
可否,1
土生,1
捕手,1
棒球队,1
委利,1
之桥,1
关大拙,1
挥棒,1
连接成,1
辛勤耕耘,1
投手,1
民族服饰,1
菲语,1
乐章,1
向菲裔,1
体育赛事,1
职业联赛,1
焕发,1
三代人,1
三代同堂,1
生根,1
和菲裔,1
联动,1
投掷,1
本垒,1
明快,1
竹竿,1
剧终,1
报以,1
新的篇章,1
美酒,1
机智,1
跨世纪,1
葡萄园,1
压轴戏,1
酒庄,1
盛事,1
事务处,1
警司,1
脑部,1
石蔚静,1
中山堂,1
凭票入场,1
勿街,1
富康,1
可洽,1
黄芮,1
义诊,1
杨佩玲,1
法律文书,1
须知,1
刘晶,1
苏逸英,1
邻居们,1
赏月,1
共度,1
展教,1
转赠,1
张巍,1
周炎,1
机车,1
库及,1
动力设备,1
守护者,1
筑路,1
历史文献,1
艰辛,1
修路,1
运输工具,1
社区活动,1
报刊,1
外展,1
宗亲,1
易懂,1
个人化,1
原汁原味,1
体恤,1
企业主,1
欢聚,1
打工族,1
设身处地,1
靠山,1
白手起家,1
默默耕耘,1
映照,1
务求,1
投保人,1
深表,1
史册,1
颂扬,1
慈善会,1
莅临,1
盼以,1
华策,1
振灾,1
联同,1
总领事馆,1
每一分,1
八方支持,1
伤痛,1
大埔,1
宏福,1
火灾事故,1
全球华人,1
派对,1
青江,1
喜庆,1
红绿,1
著作者,1
连络,1
限量版,1
告罄,1
美华裔,1
收货,1
幸运儿,1
剪彩,1
文化界,1
赞助者,1
汇聚一堂,1
双喜临门,1
场地面积,1
文化区,1
排华,1
辛勤工作,1
剪彩仪式,1
馆长,1
张耀龙,1
旗袍,1
飞虎队,1
军衣,1
古旧,1
升旗典礼,1
方树强,1
中华民国政府,1
致上,1
承先启后,1
朱柏田,1
周本,1
监事,1
龙冈,1
亲义,1
献瑞,1
移师,1
金龙,1
酒家,1
互送,1
圆满结束,1
全体人员,1
国父,1
孙中山,1
施政,1
北州,1
加州红,1
美国移民,1
女主人,1
黄春芳,1
卡维尔,1
招待会,1
帮塔,1
保命,1
意气用事,1
找麻烦,1
核发,1
保护局,1
明尼苏达州,1
波利斯,1
古德,1
讨问,1
方向盘,1
靠边,1
挡到,1
下车时,1
救济金,1
外表,1
不熟,1
撑下去,1
小说家,1
更曾,1
躁郁,1
污名,1
垂死,1
着墨,1
凝视,1
实践者,1
新闻报导,1
刘玉玲,1
崩解,1
言说,1
笔下,1
流离,1
公立学校,1
建中,1
下城,1
牛毓琳,1
前市,1
主计长,1
兰德,1
哈尼夫,1
卡范纳,1
曼哈顿区,1
霍曼,1
党部,1
芝城,1
聚居,1
耆老,1
竹子,1
该词,1
优绩,1
哥伦比亚大学,1
芝加哥大学,1
仍常,1
真好,1
升读,1
李秀兰,1
优秀青年,1
乔治亚,1
需提交,1
优秀学生,1
处及,1
财政拨款,1
唐典伟,1
皇后区,1
缅街,1
民主革命,1
范杜拉,1
追捕,1
独子,1
技校,1
沈阳市,1
监听,1
换手,1
分装,1
圣盖博市,1
玛莎拉蒂,1
货卡,1
后座,1
南加州,1
拉文,1
黑塑,1
文称,1
埃斯,1
亚特,1
判例,1
立国,1
悖逆,1
细究,1
走线,1
绝不能,1
心系,1
热忱,1
历史进程,1
李东,1
献上,1
太极,1
武术,1
典雅,1
美籍华人,1
进取,1
飞扬,1
隆重举行,1
岛民,1
员警,1
全国性,1
秦宴,1
张城彬,1
黄珍梅,1
林欣,1
注目礼,1
星条旗,1
拉开,1
均质,1
警民,1
内极,1
位跨,1
集散,1
增超,1
自贸港临空,1
双循环,1
试单,1
客舱,1
拆下来,1
试航,1
港区,1
喷漆,1
机约,1
天能,1
喷完,1
鼓励类,1
仅免,1
全免,1
制造厂商,1
集成度,1
工时费,1
完税,1
自用,1
自贸,1
封关,1
运输业,1
执收,1
服务性,1
发票,1
核定,1
下浮,1
船型,1
过闸,1
总吨位,1
总吨,1
纵深,1
通用性,1
炫技,1
拣选,1
非夕和,1
铺进,1
内部结构,1
秦盛,1
轮毂,1
精工,1
坚更,1
颇受,1
底牌,1
控制算法,1
垂类,1
配餐,1
礼品包装,1
生态化,1
大晓,1
王晓刚,1
编造,1
甄别,1
保全,1
生肖,1
属相,1
上海浦东发展银行,1
支行,1
经理助理,1
部副,1
财务部,1
园金,1
台州市,1
百联,1
保险业务,1
鲜销率,1
受立,1
标猪,1
标肥,1
跟涨,1
屠企,1
停涨,1
养殖场,1
标价,1
等价,1
重微,1
外三元,1
代次,1
新工艺,1
购建,1
存储量,1
霍宗亮,1
管理人员,1
中网,1
参股,1
占该,1
债权,1
农银,1
建信,1
交银,1
工融,1
东湖,1
紫光,1
国器,1
由芯飞,1
产销率,1
产成品,1
利用率,1
存储技术,1
启航,1
和易,1
嵌入式,1
致态,1
保荐人,1
预借,1
扣减,1
折算,1
补充协议,1
农业银行,1
建设银行,1
交通银行,1
谨防,1
期为,1
品牌化,1
建邺区,1
缺件,1
购机,1
李敏,1
民机,1
出境游,1
机转,1
干线,1
民用飞机,1
群访,1
航油,1
国货,1
腹舱,1
座级,1
矿产品,1
稀贵,1
精矿,1
硫酸,1
马诺诺,1
锂矿,1
增长极,1
当量,1
碳酸锂,1
卡莫,1
铜矿,1
矿茅,1
低约,1
铝系,1
吸附,1
分选,1
抛废,1
技术推广,1
体系化,1
和数,1
矿种,1
宽幅,1
定力,1
林泓富,1
功臣,1
金王,1
普华永道,1
土建,1
达产,1
原矿,1
产金,1
奥丁,1
铜金,1
双极,1
采掘,1
每磅,1
钨酸,1
磷肥,1
栾川,1
相仿,1
赛出,1
轻量化,1
破风,1
慧思,1
开物,1
运控,1
建图,1
立定,1
成绩排名,1
风火,1
队分,1
顾全,1
本硕博,1
武汉大学,1
学士学位,1
企划部,1
康健,1
人身保险,1
聘任,1
加工厂,1
学校食堂,1
回涨,1
瑞达,1
冷库,1
主销,1
食品厂,1
后市,1
蛋类,1
单斤,1
乌中,1
进价,1
天热,1
天凉,1
转凉,1
生蛋,1
徐汇区,1
复中,1
立秋,1
换羽,1
鸡龄,1
鸡苗,1
规律性,1
歇伏,1
采食,1
蛋率,1
新开,1
差值,1
老鸡,1
值为,1
空栏,1
利多,1
由紧,1
下移,1
惜售,1
经营风险,1
销定,1
切忌,1
追高,1
越野,1
堆料,1
金九银,1
激光雷达,1
闪充,1
家用车,1
补能,1
减配,1
普惠则,1
尚界,1
拔高,1
双线,1
电性能,1
超跑,1
光是,1
云辇,1
后轮,1
加长车,1
吴遇利,1
猛士,1
维塔,1
出车,1
企发力,1
尚待,1
司德,1
偶装,1
向外走,1
特邀嘉宾,1
影业,1
帕丁顿,1
注重质量,1
官宣新,1
最火,1
多渠道,1
收破,1
新入,1
王帆,1
马里奥,1
米老鼠,1
哈娜,1
贝克汉姆,1
巨星,1
搪胶,1
毛绒,1
挂件,1
不火,1
陡增,1
归结为,1
净利润率,1
一段距离,1
整数,1
乔瓦尼,1
斯科特,1
施陶,1
诺沃,1
国新,1
欧非,1
罗娜,1
奥康奈,1
莫里森,1
金诚,1
购金,1
克罗夫特,1
黛安,1
加勒特,1
增储,1
净购金,1
时序,1
再动,1
平展,1
现场采访,1
拳击,1
球赛,1
对位,1
鞋服,1
灵宝,1
鞋底,1
模具,1
槽位,1
工件,1
焊接车间,1
涂装,1
延锋,1
围坐,1
喇叭,1
夸父,1
吸盘,1
吸住,1
技术参数,1
大寰,1
王柏棠,1
广播公司,1
盛会,1
黄晓翔,1
足球赛,1
小脑,1
多维度,1
样机,1
加工能力,1
秀场,1
投壶,1
端力,1
过弯,1
整身,1
田径赛,1
了正,1
邵薇,1
搏击,1
体态,1
小组赛,1
同场竞技,1
台数,1
持无,1
座席,1
次列车,1
硬座,1
承运,1
中途站,1
提出异议,1
票款,1
退回,1
处置权,1
陪护,1
躺卧,1
医用,1
器械,1
车次,1
作废,1
补票,1
花钱买,1
有无,1
收涨,1
借债度日,1
降低利率,1
预算赤字,1
预付,1
有大,1
性支出,1
芯片组,1
准备金,1
混用,1
封号,1
程潇,1
李嘉年,1
探空火箭,1
返回式,1
重大贡献,1
中国科技部,1
社会保障部,1
中国科学技术协会,1
中国科学院学部,1
主席团,1
工业局,1
航天部队,1
学术团体,1
唁电,1
石泰峰,1
张庆伟,1
王光谦,1
陈至立,1
赵克志,1
程福波,1
朝晖,1
单忠德,1
冯身洪,1
李仲平,1
莫则尧,1
何颖波,1
杨振斌,1
陈锡明,1
王海波,1
立功,1
陈少洋,1
李峻,1
论证,1
疆域,1
斯基比茨基,1
批援,1
库尔斯克,1
边疆区,1
为数,1
朝方,1
兵员,1
阵地,1
尼古拉耶夫,1
俄朝,1
比茨,1
大军,1
企称,1
加贴,1
国产车,1
拉手,1
蓝谷,1
东风汽车,1
企因,1
罗伊森,1
受抑,1
畅旺,1
蝶家,1
中产阶级,1
正落,1
申论,1
恰似,1
印为,1
腰间,1
金灿灿,1
皮带扣,1
城阳区,1
崂山,1
政绩观,1
蛮干,1
党和人民,1
权钱交易,1
潍坊市,1
人大常委会,1
可低,1
单亲,1
总额近,1
安居,1
顶限则,1
领养,1
想生,1
出马,1
不满者,1
设厂,1
默迪卡,1
干嘛,1
折服,1
撕开,1
口吐,1
搞好,1
钳制,1
大专,1
太迟,1
民心向背,1
娴熟,1
跛脚,1
铸成,1
争议性,1
缓颊,1
应为,1
行党,1
王建民,1
党总,1
达基,1
尤丁,1
收窄,1
事缘,1
再成,1
想藉,1
负面效应,1
用错,1
错话,1
例行工作,1
立下,1
家规,1
崩裂,1
疏失,1
辞掉,1
打理,1
能助,1
审计员,1
国锋报,1
绿源,1
券则,1
补助额,1
真谛,1
预知,1
发挥所长,1
共和,1
斯伯格,1
综合征,1
龙沟,1
废弃物,1
油池,1
争光,1
纳西,1
动画师,1
独力,1
小女孩,1
沧海,1
琴声,1
播下,1
韩蕴,1
安柏,1
圩田,1
了裕,1
浩大,1
解决办法,1
登陆艇,1
使用率,1
捷运系统,1
缆车,1
通路,1
小丽,1
了妆,1
艺大,1
费小丽,1
心扉,1
亚什,1
万特,1
纳加,1
新来者,1
挪威克朗,1
曼巴,1
空防,1
格特,1
极限运动,1
奥斯陆,1
在入,1
高跳台,1
跃入,1
港口城市,1
阿伦,1
石油业,1
应答器,1
阿曼湾,1
贝森,1
特料,1
斯旺森,1
伊斯兰共和国,1
奇异,1
潘多拉,1
魔盒,1
交火,1
基伍,1
米嫩布韦,1
闭门,1
调解人,1
多哥,1
混战,1
流水声,1
水正,1
下水道,1
井盖,1
喷涌,1
东京都,1
台东区,1
智弘,1
货架,1
足立,1
倾倒,1
监视系统,1
目黑区,1
东京大学,1
地震学,1
加藤爱,1
太郎,1
关东地区,1
较广,1
正下方,1
东京湾,1
避难,1
震源地,1
横滨市,1
受惊,1
重外,1
中道,1
立宪民主,1
公明,1
民和,1
公明党,1
起用,1
派系,1
吞噬,1
西斯,1
楼房,1
三段式,1
流线,1
内凹,1
弧线,1
团名,1
打码,1
回函,1
售票,1
男团,1
方程式赛车,1
注册商标,1
加冠,1
应止,1
中国商会,1
占有,1
快熟,1
面以,1
汤料,1
猪骨,1
茶餐厅,1
下午茶,1
餐牌,1
在册,1
挂靠,1
企业信用,1
经营范围,1
机械设备,1
租赁经营,1
整改,1
利益输送,1
地则,1
虹口区,1
重来,1
礼券,1
能到,1
重头,1
受用,1
织错,1
嗜好,1
学钩,1
织就,1
学骑,1
堕入,1
漩涡,1
很重,1
血汗,1
描出来,1
衣领,1
衣身,1
学钩织,1
管用,1
最吸睛,1
蓝天白云,1
青草地,1
寒衣,1
流苏,1
眼泪,1
雨滴,1
钩针,1
画笔,1
颜彩,1
勒出,1
衣着,1
花儿,1
坚勇,1
扑往,1
暗夜,1
路灯,1
罗夏墨,1
测验,1
展翅高飞,1
格子,1
衬衫,1
褶边,1
彩虹,1
纽扣,1
体形,1
投选,1
劈山,1
救母,1
穆柯寨,1
虹桥,1
赠珠,1
花木兰,1
杨八姐,1
莆仙,1
天女散花,1
凤冠,1
戏娃,1
舞韵,1
柔情,1
联唱,1
九楼,1
字幕,1
编导,1
行当,1
歌者,1
声学环境,1
意大利语,1
新文化,1
美声唱法,1
嫁接,1
归韵,1
辅音,1
听出,1
师承,1
歌剧院,1
钢琴家,1
文茗,1
喜歌剧,1
尼采蒂,1
段落,1
唐多令,1
惜别,1
虞美人,1
古诗词,1
古典,1
意境,1
功底,1
声腔,1
双轴,1
勾连,1
威尔第,1
弄臣,1
善变,1
演唱者,1
轻佻,1
音程,1
甜美,1
塞维利亚,1
男中音,1
音节,1
跑动,1
普契尼,1
西米亚,1
咏叹调,1
小手,1
高音区,1
抒情,1
连贯性,1
三愿,1
黄自,1
赵元任,1
技法,1
体裁,1
市场策略,1
接力,1
香港中文大学,1
音乐学院,1
分获,1
赛区,1
阿伯拉,1
路易,1
置入,1
天文学,1
轴心,1
砂金石,1
夜幕,1
仿若,1
融汇,1
莱昂纳多,1
芬奇,1
阐释,1
传动系统,1
缠绕,1
处移,1
钟表,1
微缩,1
等式,1
至宝,1
纵陀,1
研发部门,1
金款,1
配以,1
米色,1
钉纹,1
饰纹,1
怀表,1
腕间,1
享负,1
振频,1
摆轮,1
游丝,1
硅质,1
纵叉,1
抗磁性,1
夜光,1
微绘,1
表背,1
镌刻,1
战舰,1
矿石,1
铬铁矿,1
询问者,1
休眠状态,1
统合,1
裨益,1
采矿业,1
国有化,1
勘探,1
民间团体,1
令中,1
卡桑,1
任且,1
东北地区,1
铁路网,1
施工进度,1
土木,1
挽赐,1
廊曼段,1
铁路线,1
尤索,1
阿兹里,1
阿布沙,1
玻璃市,1
州代,1
海鲁,1
丹州,1
泰南也拉府,1
陶公府,1
府区,1
纵火案,1
南三府,1
汽车轮胎,1
乡镇,1
炸毁,1
照常,1
工资水平,1
大赦,1
泰王,1
黄衫军,1
独裁,1
红衫,1
反英,1
受审,1
君主,1
所涉,1
押往,1
推事庭,1
马鲁丁,1
擅自,1
封路,1
赛车场,1
无望,1
排气管,1
监视器,1
趴伏,1
人肉,1
形塑,1
实事求是,1
对扎,1
中学教师,1
追寻,1
马来群岛,1
榜格,1
止于,1
茁壮,1
吴培铭,1
元配,1
费降,1
婴费,1
养家,1
同僚,1
英兰妮,1
给予帮助,1
数目,1
就越,1
负起,1
通宵,1
要花费,1
漏掉,1
致密,1
乳腺,1
乳房,1
乳腺癌,1
由云菲,1
自卫,1
增高,1
迅速行动,1
退守,1
渐行,1
游戏规则,1
压倒,1
原产地,1
重征,1
供应方,1
争相抢购,1
射程远,1
内华达州,1
雷神,1
格里菲斯,1
莱顿,1
轰炸机,1
格斗,1
伊朗政府,1
甜气,1
含硫,1
出约,1
石油部长,1
法尔斯省,1
恐怖分子,1
塞拉特,1
代尔,1
扎瓦,1
伊达,1
特松,1
汽油税,1
示威游行,1
瑞典政府,1
汽柴油,1
帕拉迪,1
普港,1
起航,1
满载,1
失事,1
散装船,1
贾甘纳坦,1
落水,1
几率,1
弃船,1
救起,1
总局局长,1
贾甘纳,1
货船,1
孟加拉湾,1
搭机,1
抵台,1
大安区,1
包子,1
府城,1
民视,1
河北省,1
张家口市,1
易腐,1
抽检,1
重处,1
公安部门,1
商为,1
宿迁,1
农贸市场,1
渔猎,1
齐哥,1
屯垦,1
挂车,1
食安,1
调查核实,1
江启臣,1
台中,1
路网,1
海线,1
台中港,1
联外,1
狮子会,1
迁都,1
生活圈,1
中兴新村,1
活化,1
中兴大学,1
整修,1
台中市,1
何欣纯,1
启臣,1
马纳斯,1
鲁拉,1
献议,1
仍要,1
部向,1
基亚,1
马文,1
高金洪,1
斯里巴加湾,1
集体行动,1
露天,1
积极行动,1
尼西,1
飘向,1
苏帕,1
商讨对策,1
泰迪,1
救火,1
洒水,1
象牙塔,1
钻牛角尖,1
不决,1
问项,1
社会学家,1
基本权利,1
被动性,1
李棕,1
访问学者,1
学术交流,1
活得,1
马克斯,1
普朗克,1
政体,1
唐从亮,1
国雄,1
威尔,1
明顿,1
证据不足,1
又名,1
布利亚,1
伊朗人,1
安德鲁斯,1
会员国,1
复旦,1
管院,1
混沌,1
甩下,1
泥泞,1
电式,1
充换,1
车企蔚,1
不按牌理,1
备考,1
入户,1
行窃,1
临场发挥,1
犯罪率,1
邻里关系,1
同龄,1
早逝,1
余生,1
过惯,1
盘算,1
惋惜,1
儿孙,1
福分,1
献词,1
媒人,1
快快,1
正题,1
利国利民,1
万众,1
演讲会,1
遨游,1
松绑,1
国事,1
天下事,1
弹丸,1
铺陈,1
中新,1
格隆,1
厨房电器,1
俞浩微,1
盛金龙,1
苏州市,1
办公用品,1
政治形势,1
洗脑,1
至斯,1
死境,1
人文学院,1
陈六使,1
宗派,1
武功,1
秘籍,1
满园,1
仔细检查,1
管理权,1
派来,1
和汉,1
指派,1
基辛格,1
内政外交,1
亨廷顿,1
病态,1
情感生活,1
私密,1
升华,1
文学系,1
威廉,1
中西,1
狭隘,1
跃动,1
共通,1
异邦,1
乌托邦,1
灭绝,1
异托邦,1
共感,1
普遍性,1
误觉,1
张扬,1
强弱,1
党章,1
科学知识,1
澜沧江,1
地理分布,1
古话,1
没给,1
碳达峰,1
申办,1
愿当,1
引领者,1
入主,1
后撤,1
效忠,1
做一套,1
更不,1
推卸,1
党纲,1
制宪,1
真心,1
枪林弹雨,1
偏乡,1
钟声,1
许诺,1
世世代代,1
战史,1
核战,1
均富,1
亡魂,1
愧对,1
英魂,1
箝制,1
藐视,1
空转,1
司法独立,1
统治者,1
爪牙,1
异己,1
自由人,1
寒蝉,1
省公安厅,1
安徽省政府,1
西江,1
南宁市,1
挂职,1
党政,1
县委,1
县长,1
县委书记,1
柳工,1
贵港,1
先锋,1
安徽省委,1
中共安徽省委,1
主持公道,1
迪向,1
伊中,1
胡闹,1
中伊各,1
战地记者,1
巴格达,1
诺曼底,1
障碍性,1
卡扎菲,1
穆巴拉克,1
阿拉法特,1
拉宾,1
沙龙,1
曼德拉,1
北京大学国际政治系,1
北京大学国际关系学院,1
装甲兵,1
中国作家协会,1
中国摄影家协会,1
白血球,1
至极,1
科学仪器,1
择机,1
器箭,1
组合体,1
发射区,1
着陆器,1
沙克,1
尔顿,1
水冰,1
稳妥,1
海南省,1
北部湾,1
打转,1
武山,1
公墓,1
大雨,1
阵亡将士,1
遗族,1
眷属,1
难时,1
缔造,1
光荣,1
税收收入,1
增转,1
荔星,1
卡地亚,1
和古驰,1
贵圈,1
金格,1
天府,1
五省,1
古法,1
消费结构,1
泡沫化,1
玩法,1
称斯卡伯勒,1
禁航区,1
经纬度,1
雷州半岛,1
琼州海峡,1
搅局,1
正告,1
芬恩,1
玛丽,1
西尔斯,1
测量船,1
纵贯,1
紧贴,1
扰台,1
海神,1
打仗,1
珠江,1
嘈杂,1
人声,1
棉麻,1
落地灯,1
扩香,1
弥散,1
音疗师,1
轻叩,1
浑厚,1
绵长,1
松弛下来,1
加班,1
肩颈,1
琐事,1
烦忧,1
精神压力,1
不畏,1
浮云,1
望眼,1
殷实,1
爆雷,1
化险,1
压减,1
二手房,1
新房,1
企稳,1
零售总额,1
加力,1
托底,1
开工,1
巡视组,1
中共中央纪律检查委员会,1
补缺,1
纪委书记,1
新闻联播,1
傅奎,1
并排,1
锻造,1
铁军,1
赵世,1
勇为,1
增补,1
法制,1
座次,1
地排,1
刘学新,1
组织部长,1
周亮,1
领导小组,1
黎晓宏,1
存取,1
重症,1
制药,1
安慰剂,1
重病,1
忐忑,1
得不到,1
如愿,1
欧若拉,1
女神,1
曾沛慈,1
整部,1
地农,1
集数,1
皮革,1
静冈,1
大井川,1
收起,1
濒临破产,1
靠卖,1
节目组,1
唯美,1
交心,1
代入,1
北国,1
泪流,1
桑拿,1
游冰泳,1
芬兰人,1
人生态度,1
赫尔辛基,1
凯米耶尔维,1
罗瓦涅,1
票选,1
阿塔,1
渔夫,1
人生观,1
时心,1
敬佩,1
结冰,1
萧瑟,1
褐色,1
银白,1
旅游节,1
东方快车,1
卡尔斯,1
八集,1
黃路,1
梓茵,1
公共电视,1
堂堂,1
映画,1
撮合,1
退市,1
盘算着,1
天算,1
陈维平,1
审计报告,1
健忘,1
交易市场,1
阿克巴,1
马币,1
马股,1
战绩,1
存管,1
个人账户,1
管理费,1
新鹰,1
不拘,1
漫画作品,1
员所,1
绘制,1
报庆,1
下笔,1
新视角,1
省芒,1
加莱县,1
重灾区,1
白旗,1
亚齐,1
重蹈,1
覆辙,1
尔瓦,1
拨付,1
尤哈,1
防水布,1
帐篷,1
惊恐,1
医疗站,1
鲁滕,1
解决之道,1
不容许,1
党中委,1
仲裁者,1
谢克蒂,1
蒂科,1
帕朗,1
雨林,1
广袤,1
季才,1
得手,1
当铺,1
正品,1
偿还债务,1
金项链,1
陈列品,1
陈列柜,1
耳目,1
称量,1
手镯,1
刻印,1
于潮,1
店务,1
魏珉,1
所指,1
打伤,1
站稳,1
张望,1
玩闹,1
拍打,1
不料,1
疑遭,1
仓促,1
逃开,1
有刚,1
偏袒,1
花菲,1
卫理,1
弥陀,1
和乐赛,1
招收,1
现行制度,1
占优势,1
给与,1
时数,1
救护,1
印日,1
非市场,1
排他性,1
小集团,1
拉吉,1
纳特星,1
次郎,1
制衡,1
亚洲太平洋地区,1
需持,1
药剂,1
复发率,1
主题曲,1
歌曲名称,1
揣度,1
洛丽塔,1
关系恶化,1
御宅族,1
洛特,1
稀缺性,1
巨大成功,1
珠宝商,1
连锁店,1
莫不,1
收盘报,1
五国,1
鹿明,1
喻超,1
中国兵器工业集团,1
联合体,1
等量,1
螺丝,1
嘉豪,1
唱国歌,1
开盒,1
张振熙,1
香港媒体,1
王毅访,1
中鲜,1
美商,1
中国区,1
林汉升,1
亲华,1
对朝,1
友好邻邦,1
演向,1
敌意,1
自卫权,1
唯恐,1
采取任何,1
杰弗里,1
刘易斯,1
据传,1
尽速,1
重振,1
演牌,1
中国船舶重工集团公司,1
海况,1
跨域,1
抗毁,1
非对称,1
博伊德,1
山南,1
阿兹鲁,1
殴斗,1
郑先生,1
僵持,1
踱步,1
劝架,1
作势,1
安全帽,1
卧铺,1
储物柜,1
烟藏,1
马来西亚籍,1
康庄,1
普吉岛,1
航空工业,1
载客量,1
蒂鲁吉,1
拉帕,1
可上,1
廉航,1
贵州省,1
山林,1
宜人,1
青岩,1
黄果树,1
不醒,1
隔间,1
昏倒,1
醉酒,1
停驻,1
醉倒,1
惊动,1
醉酒者,1
常务董事,1
陈丽群,1
黄佐哲,1
名私,1
优惠价格,1
海豹,1
受骗者,1
设防,1
极兔,1
速递,1
遭人,1
登入,1
手机短信,1
发送者,1
潘国强,1
吉宝沙,1
热电,1
杨忠礼,1
西拉雅,1
辅导员,1
羞愧,1
心理因素,1
色情网站,1
陈燕妮,1
谭润,1
娴说,1
林颂雅,1
爱合,1
毒瘾,1
大麻,1
关进,1
戒毒所,1
赌球,1
恶习,1
滥赌,1
酗酒,1
麻醉,1
烟瘾,1
社工,1
援触,1
林肯纪念堂,1
倒影池,1
凯旋门,1
东翼,1
镶嵌,1
美利坚合众国,1
国徽,1
采石场,1
复制品,1
科茨,1
草皮,1
西科斯基,1
沥青,1
绝密,1
破败,1
核政策,1
韩国国防部,1
圭伯,1
差额,1
卫生署,1
新鹿,1
沼站,1
新干线,1
子弹头,1
过因,1
含糊,1
指高,1
日本政府,1
冲绳县,1
好战,1
杀伤性,1
进攻型,1
社会民主党,1
侵略战争,1
摇摇摆摆,1
两剂,1
维多利亚州,1
传染,1
拴绳,1
高致病,1
塔斯马尼亚,1
病毒传播,1
大冠,1
燕鸥,1
病毒检测,1
巢穴,1
上岸时,1
围住,1
神仙,1
水生,1
食糖,1
平均寿命,1
繁殖,1
娇小,1
三井,1
住友银行,1
日兴,1
证券公司,1
海峡两岸关系协会,1
王国光,1
黄金岁月,1
黄文涛,1
合拍,1
活络,1
金马奖,1
产官,1
学界,1
评审委员,1
评语,1
新动力,1
维吾尔族,1
安全部,1
推定,1
政治化,1
采信,1
专为,1
乌姆,1
苏盖姆,1
朱美拉,1
肥皂,1
洗涤剂,1
纺织,1
纸浆,1
造纸,1
通商部,1
台湾地区,1
西安站,1
象限,1
烟台市,1
凤凰,1
胶东,1
德云社,1
于谦,1
专场,1
剧社,1
红歌,1
文旅局,1
喀纳斯,1
秋色,1
发烧友,1
牧场,1
雪山,1
眼眸,1
天山山脉,1
覆顶,1
云絮,1
飘飞,1
霜糖,1
诗画,1
美妙,1
王洛宾,1
脚踪,1
草原,1
小羊,1
人间天堂,1
大都市,1
欧洲区,1
埃米,1
诺努,1
亚洲区,1
于斯,1
驶过,1
海鸥,1
船尾,1
盘旋,1
蔷薇,1
微凉,1
迎面,1
宣礼塔,1
高高,1
铺展开来,1
请愿,1
柯伊,1
区政府,1
立起,1
街角,1
如织,1
主干道,1
一隅,1
闲逛,1
犹太人,1
希腊人,1
亚美尼亚人,1
古董店,1
作坊,1
石板路,1
木门,1
窗台,1
眯着眼,1
斜倚,1
前爪,1
伊兹尼,1
宣礼,1
声会,1
高塔,1
久久,1
红遍,1
土耳其语,1
公交站,1
黏人,1
裤脚,1
绝育,1
仔细观察,1
代代,1
相传,1
袍袖,1
熟睡,1
食盆,1
水碗,1
墙角,1
椅垫,1
打盹,1
铁闸,1
慵懒,1
爱猫,1
已有近,1
来访者,1
正藏,1
几度,1
望去,1
幽暗,1
侧放,1
倒置,1
安放,1
大巴扎,1
琉璃灯,1
铜器,1
地毯,1
蓝眼睛,1
护身符,1
招呼,1
另一番,1
堆满,1
辣椒粉,1
藏红花,1
长杆,1
甜筒,1
接住,1
抽走,1
转角,1
郁金香,1
茶杯,1
脚步声,1
控罪,1
担保人,1
需到,1
驾驶执照,1
审结,1
红绿灯,1
占祖里,1
从秋杰,1
绿灯,1
端姑,1
撞向,1
安全岛,1
转绿,1
宝腾赛佳,1
卡车司机,1
上庭,1
玛丽亚,1
赛莫哈末菲,1
道斯,1
莎兹林,1
西蒂达,1
威莎奥妮,1
诺哈雅蒂,1
泗里街,1
巴达,1
石隆门,1
伦乐,1
西连,1
实文,1
鲁勃安,1
下结论,1
配角,1
押宝,1
终成,1
踩准,1
节拍,1
伊萨,1
泰爱泰,1
旧曲,1
组阁,1
胜选,1
改革派,1
倒台,1
看守,1
党能,1
入党,1
武里南,1
练就,1
分界线,1
专业人才,1
提说,1
优惠条件,1
能源部,1
传有,1
妄下,1
定论,1
后退,1
梅达顺,1
保险法,1
行政法,1
死罪,1
赡养费,1
要用,1
赶去,1
每批,1
天发,1
香纸,1
管账,1
张施宁,1
公历,1
贡品,1
工厂区,1
厂区,1
友志,1
普度,1
拜祭,1
明愿,1
神佛,1
王团,1
大降,1
大包装,1
单件,1
配好,1
三牲,1
五牲,1
发糕,1
很忙,1
买客,1
被查获,1
马尔济,1
排泄,1
马尔泰,1
细小,1
取走,1
实心,1
并以,1
柯基犬,1
巴哥,1
哈士奇,1
毛猫,1
事务部长,1
塔拉曼,1
苏杰生,1
戈雅,1
国务部长,1
财会,1
重铺,1
易塔通,1
初入,1
江原道,1
元山,1
英国皇家,1
远距离,1
倒不如,1
东南欧,1
光缆,1
被毁,1
维塔利,1
扬斯基,1
斯维亚,1
托申斯,1
基区,1
扬卡区,1
尼茨基,1
哀悼日,1
遇险,1
劫持,1
高利率,1
升息,1
展延,1
债台高筑,1
利息支出,1
退休金,1
时评,1
空子,1
台湾岛,1
改不了,1
抹不掉,1
课本,1
小丑,1
把戏,1
拗不过,1
调快,1
节约能源,1
格林威治,1
落日余晖,1
厌世,1
论战,1
韩建交,1
表率作用,1
室长,1
圣洛,1
猜忌,1
原则立场,1
倒车,1
言行,1
军国主义,1
根本途径,1
一贯主张,1
对华政策,1
疑点,1
廓清,1
迷雾,1
正本清源,1
刊于,1
流播,1
指伪,1
迷惑性,1
皇汉,1
崖山,1
明史,1
灭亡,1
清军,1
入关,1
华夏,1
无端,1
潜藏着,1
重评,1
戏谑,1
革命英雄,1
马克思主义,1
圈内,1
抱团,1
历史事实,1
唐史,1
正史,1
古文明,1
汉亡,1
五代十国,1
李白,1
杜甫,1
白居易,1
文人,1
托名,1
大明宫,1
唐三彩,1
敦煌,1
文书,1
粗暴,1
披上,1
历法,1
古籍,1
外衣,1
考据,1
禁锢,1
俘获,1
史学,1
亚里士多德,1
永乐,1
总领馆,1
创作自由,1
机构名称,1
交涉,1
园主,1
割爱,1
望生,1
原住民,1
苦守,1
马新社,1
成熟期,1
极长,1
花期,1
胡姬花,1
黄褐色,1
虎纹,1
贸易部,1
泛滥,1
堪培拉,1
斯则,1
式线,1
莱加达,1
埃斯库,1
司法制度,1
遭霸,1
新光,1
输入输出,1
控制代码,1
王力宏,1
沈南鹏,1
席间,1
狂涨,1
汇市,1
尾市,1
中国外汇交易中心,1
贴地,1
拍同,1
大叔,1
散场,1
经济学界,1
戈皮纳特,1
古兰,1
雷伊,1
塞策,1
外币,1
逆差,1
究其原因,1
分清,1
真假,1
无聊,1
有点像,1
军事实力,1
剿灭,1
难明,1
黑箱操作,1
当政,1
美中关系,1
在实践中,1
暗合,1
两国间,1
设问,1
全球战略,1
进攻性,1
自保,1
含混,1
观及,1
绊住,1
休止符,1
甚或,1
推敲,1
倡树,1
立身,1
镜鉴,1
饱含,1
亮明,1
除根,1
手握,1
可感,1
新八骏,1
接报,1
区文,1
旅委,1
争吵,1
楼宇,1
自觉遵守,1
新闻周刊,1
起哄,1
过激,1
街道办,1
占道,1
追车,1
待定,1
利基,1
来源国,1
纯属捏造,1
卡比,1
教派,1
黑曜石,1
埃里克森,1
被动局面,1
寄望,1
屈服,1
扎吉,1
人脉,1
金融交易,1
外汇兑换,1
运入,1
运出,1
车库,1
财政局,1
人民银行,1
上海市分行,1
商业性,1
信贷政策,1
储藏室,1
未办理,1
还贷,1
权证,1
发证,1
购房款,1
亲戚朋友,1
马山,1
晨运,1
日内瓦湖,1
冲锋衣,1
余热,1
汉阳,1
都城,1
绿荫,1
融洽,1
上称,1
协助执行,1
主权国家,1
水墨,1
方据,1
灯塔,1
专业版,1
军购案,1
敌情,1
筹补,1
召募,1
再创,1
谢其贤,1
强弓,1
总处,1
特种,1
纳列,1
退除役,1
海巡,1
发价,1
恩人,1
经常出现,1
新闻节目,1
骨癌,1
痊愈,1
普雷斯顿,1
英格尔,1
笑柄,1
娜塔莉,1
苏格兰,1
哈伯,1
曼和斯旺,1
合著,1
大写字母,1
守门人,1
演讲时,1
空军一号,1
行政助理,1
羞耻,1
扒出,1
仲树播,1
独树,1
中共上海市委,1
解放日报,1
理论家,1
诸葛,1
网名,1
名导,1
汉化,1
翻车,1
原播客,1
服务队,1
关贸总协定,1
兴国,1
方略,1
离京,1
信贷资金,1
保险资金,1
南昌,1
政治权利,1
并处,1
当庭,1
悔罪,1
旁听,1
甄立涛,1
柯鹏,1
许腾鹤,1
许智健,1
杜亮,1
梁栋,1
不等,1
处罚金,1
司法解释,1
犯罪事实,1
职务行为,1
印应,1
诈骗罪,1
行贿罪,1
职务侵占罪,1
巴拿马政府,1
未果,1
特许,1
就其,1
评论部,1
报告起草,1
智囊,1
抓大放小,1
党的领导,1
胡温,1
试试看,1
特別,1
主导作用,1
所有制,1
致理,1
贸易系,1
共产党,1
历史舞台,1
红肿,1
习惯性,1
反手,1
猛然,1
无防,1
扬子晚报,1
上观,1
夹住,1
冒汗,1
仍致,1
粉碎性,1
汽车资讯,1
家电市场,1
等车,1
企带,1
纯平,1
滑轨,1
选车,1
彩电,1
沙发,1
插电式,1
多用途,1
打车,1
国际部,1
团购,1
财新,1
工龄,1
缉拿归案,1
电子屏,1
不亮,1
全车,1
中共北京市委,1
北京日报,1
长安街,1
知事,1
海淀区,1
获刑,1
电源线,1
拆装,1
叉车,1
特写,1
动车,1
小订,1
家庭用户,1
联会,1
后数,1
满电,1
满油,1
领先水平,1
施害,1
酱池,1
收效,1
举报者,1
黑子,1
丫干,1
外宾,1
整得,1
张洋,1
理记,1
暗暗,1
做派,1
竹制,1
摇动,1
恩怨,1
情仇,1
花粉,1
侮辱性,1
夸大,1
挑起,1
可好,1
闭口,1
服气,1
掐架,1
辱称,1
保荐,1
建力,1
企业财务,1
企业形象,1
帮会,1
会装,1
玩意儿,1
网吧,1
得有,1
得交,1
拨号,1
电脑主机,1
没想,1
不学,1
推着,1
升职,1
干吗,1
题到,1
能解,1
高考题,1
联网,1
跨度,1
瞎估,1
产消者,1
极值,1
花俩,1
废话,1
搭出,1
读书笔记,1
类人,1
业余时间,1
地学,1
能聊,1
一座座,1
还加,1
地想,1
难往,1
达人,1
发小,1
细扣,1
试一下,1
没刷,1
就用,1
试了试,1
信不信,1
真要,1
全信,1
法律常识,1
分法,1
瞎琢磨,1
睡不着,1
新出,1
说错,1
接话,1
下问,1
真信,1
流水账,1
哥们,1
老高,1
高晖,1
信息流,1
高中同学,1
个局,1
烧烤店,1
干点,1
生卷,1
毛钱,1
看大,1
能涨,1
看跑,1
分能,1
诊断系统,1
刷短,1
富强,1
研究会,1
包承柯,1
化装,1
美国式,1
吉普,1
郭树清,1
搭班,1
威信,1
涣散,1
大嫂,1
袒露,1
受命,1
谨以,1
岂因祸福避趋之,1
自勉,1
停刊,1
分外,1
关头,1
民主集中制,1
夏之交,1
结婚照,1
学潮,1
知识界,1
回忆录,1
历史学家,1
瞎说,1
中共党史,1
语录,1
追看,1
热工,1
文化大革命,1
特长,1
罗马尼亚语,1
学子,1
反美,1
南开大学,1
传播学院,1
斗士,1
签证官,1
紧箍咒,1
建党,1
庆祝大会,1
清华大学经济管理学院,1
财政补贴,1
金句,1
魄力,1
但江朱,1
背负,1
骂名,1
开国,1
皇帝,1
明太祖,1
朱元璋,1
子岷庄,1
整风,1
教员,1
襄樊,1
石油工业部,1
燃动局,1
届满,1
中共十五大,1
口才,1
牵涉,1
朱云,1
言谈间,1
实事,1
雷霆,1
坦荡,1
直率,1
瞪眼,1
打官腔,1
铁面,1
名言,1
江西省,1
九江,1
防洪堤,1
决口,1
豆腐渣工程,1
王八蛋,1
见识,1
站住,1
官僚主义,1
手软,1
严词,1
好下场,1
确确实实,1
误会,1
细品,1
共产主义,1
革命家,1
政治家,1
医药卫生,1
投融资,1
真话,1
怕得罪人,1
特殊化,1
挑重担,1
长春,1
治党,1
扬州,1
毛泽东,1
刘少奇,1
朱德,1
陈云,1
集邮,1
门户网,1
小型张,1
中共中央宣传部,1
爱国主义,1
扬州市,1
终身制,1
身体力行,1
照理,1
缅怀,1
来办,1
万润,1
万博,1
中联,1
亚信,1
保信,1
占算,1
牧民,1
节水,1
帐目,1
管网,1
耗水,1
矮化,1
国格,1
辱损,1
改由,1
福冈,1
陈铭俊,1
外交使节,1
戒尺,1
鞭打,1
大小便,1
失禁,1
管教,1
矫治,1
厌学,1
求救,1
黑幕,1
礼仪,1
体罚,1
赖泽明,1
看护人,1
赞声,1
循例,1
时向,1
韩傅,1
失焦,1
风范,1
中国国民党,1
刘昕,1
张三,1
转贴,1
浙里,1
浙江省政府,1
地产商,1
操盘,1
掌局,1
主位,1
南方周末,1
研究课题,1
管理体制,1
水面舰艇,1
层次化,1
系列化,1
中央委员会,1
减为,1
国务院学位委员会,1
评议组,1
运筹学,1
总装备部,1
科技委,1
青松,1
吴亚男,1
王文全,1
汪海江,1
黄铭,1
德清,1
国防大学,1
钟绍,1
久未,1
胡中明,1
军原,1
徐西盛,1
参谋部,1
副参谋长,1
徐起零,1
王强,1
常丁,1
军事科学院,1
杨学军,1
军区,1
王凯,1
新疆军区,1
杨诚,1
部原,1
刘发庆,1
工学院,1
回母校,1
山东省,1
受贿,1
特权思想,1
选拔,1
任用,1
利用职权,1
执纪,1
敛财,1
谋利,1
刘慧曾,1
银川,1
吴忠市,1
民政厅,1
回族,1
天津人,1
六楼,1
敲门,1
夫妇俩,1
电插座,1
插座,1
接通,1
门铃,1
锅具,1
发从,1
树枝,1
打横,1
停在,1
挡风玻璃,1
粗壮,1
至克,1
泛岛,1
及实,1
盖弹,1
售票机,1
充值卡,1
使然,1
登车,1
荷兰文,1
阿拉伯文,1
西班牙文,1
俄文,1
加禄文,1
日文,1
界面设计,1
简便,1
局官,1
友诺士,1
指当,1
文指,1
发脾气,1
出名,1
砖厂,1
人份,1
拍档,1
保安人员,1
纪律处分,1
操守,1
粗话,1
先得,1
优惠价,1
个人空间,1
起跳,1
宪章,1
家暴,1
抢走,1
才学,1
对质,1
展至,1
行尸走肉,1
吸毒,1
毁掉,1
动粗,1
恼怒,1
左腿,1
后脑,1
颈部,1
妻小,1
踢回,1
动怒,1
打向,1
叫嚣,1
威士忌,1
叫骂,1
挫折感,1
易怒,1
丢下,1
陈姓,1
连道,1
鲁莽行事,1
美加,1
和卡尼,1
下受,1
布姆,1
皮斯镇,1
戴利,1
医学教育,1
全体成员,1
可憎,1
背叛,1
手部,1
运回,1
新罕布什尔州,1
戈夫,1
斯敦,1
盗卖,1
不齿,1
应受,1
学年,1
医学生,1
解剖学,1
捐献者,1
不端,1
原告,1
离校,1
穆贾,1
郑东泳,1
韩国国会,1
美韩,1
梅尔,1
希说,1
堪忧,1
公开批评,1
安卡拉,1
胡说,1
阿勒颇,1
雷纳,1
降职,1
收支,1
泰晤士报,1
监督权,1
曼彻斯特,1
露宿街头,1
第五纵队,1
高雄市,1
瑞隆,1
卑劣,1
唾弃,1
迫害,1
答问,1
辅选,1
迈上,1
新台阶,1
相待,1
南美国家,1
异同,1
南沙群岛,1
仍远,1
中国国防部,1
建筑设施,1
挖泥船,1
皮书,1
卡门,1
航天工业,1
国家航天局,1
国际宇航科学院,1
兴县,1
科工,1
刘纪,1
战略武器,1
国防委员会,1
赖士葆,1
牛煦庭,1
质询,1
战犯,1
复杂化,1
东方航空,1
内为,1
许舒博,1
中秋佳节,1
水波,1
河面,1
俯身,1
漂去,1
岘港,1
安市,1
世界遗产,1
名录,1
整排,1
金黄色,1
老屋,1
潮气,1
雕梁,1
古桥,1
渐暗,1
古屋,1
街灯,1
倒影,1
夜幕降临,1
渐趋,1
河面上,1
星河,1
小凳,1
柠檬草,1
草本,1
隐退,1
浮荡,1
水乡,1
船夫,1
轻滑,1
欢笑,1
骑车,1
田间,1
静看,1
稻穗,1
古岱,1
游走,1
层次感,1
工匠,1
撑开,1
竹架,1
拉紧,1
丝布,1
光亮,1
握在,1
占婆,1
街屋,1
一盏盏,1
白桦林,1
阿寺,1
溪谷,1
表链,1
不锈钢,1
重量轻,1
防水,1
表径,1
射入,1
浅海,1
中意,1
潮汐,1
列岛,1
出以,1
纤薄,1
守时,1
爱护,1
小松,1
熟化,1
密封,1
静电,1
快慢,1
齿轮,1
和轴,1
齿形,1
偏心,1
上链,1
长野县,1
工坊,1
师小松,1
镊子,1
刮痕,1
内敛,1
喷砂,1
清要,1
齿轮轴,1
敷完,1
沾满,1
平白,1
洗手盆,1
有管,1
离子,1
保养品,1
润肤霜,1
凝胶,1
手提,1
无谓,1
化妆台,1
瓶瓶罐罐,1
艾之,1
美眉,1
出汗,1
得补,1
香香公主,1
轻便,1
柠檬黄,1
镇牌,1
洋溢,1
焦糖,1
龙珠果,1
芬芳,1
李子,1
木香,1
旋开,1
顾名思义,1
肌肤,1
皱纹,1
紧肤,1
萃取,1
植物油,1
内含,1
艾草,1
控油,1
毛孔,1
粉刺,1
过敏,1
药妆,1
大路,1
具哑,1
任君,1
护肤,1
细纹,1
高保,1
柔滑,1
滋润,1
肉毒,1
杆菌,1
喝进,1
大胃,1
喝到,1
装满水,1
龙龙,1
龙身,1
低下头,1
浇灭,1
河沟,1
鱼虾,1
泥鳅,1
云云,1
天花,1
牛羊,1
马鹿,1
熊猴,1
狮子,1
太阳光,1
青绿,1
赶时间,1
一伤,1
迈玛,1
疑在,1
呼气,1
筛检,1
阴性,1
翻落,1
山沟,1
赶路,1
车辆驾驶,1
卡里亚,1
沟渠,1
两州,1
清沟,1
倪可敏,1
越经,1
安达曼,1
罗伊,1
水箱,1
造雨者,1
熏陶,1
抵触情绪,1
斋戒,1
派食,1
忠告,1
全身心,1
放远,1
财政政策,1
苏哈多,1
民主人士,1
集权,1
充分考虑,1
纳迪,1
外汇收入,1
撤资,1
投进来,1
局于,1
达沃,1
李泰康,1
免费送,1
可嘉,1
连声,1
豪华车,1
蓝领,1
吴哲扬,1
金榜,1
林明辉,1
理工,1
胡淞江,1
校园内,1
校方,1
所学,1
系统漏洞,1
概况,1
资讯科技,1
韧力,1
实训室,1
山武吉查卡,1
粉会,1
进站,1
行步,1
没车,1
要命,1
湾及,1
淡滨,1
小意思,1
微词,1
舟车劳顿,1
塞车,1
到新,1
扶梯,1
诟病,1
格里夫,1
腐败案,1
监事会,1
示威者,1
撤职,1
检控官,1
烟草,1
奥克兰,1
开审,1
出庭作证,1
起诉方,1
奥尼尔,1
搜集,1
韦泽,1
权势,1
公正司法,1
赤根,1
智子,1
阿卜杜拉耶,1
塞耶,1
外电报道,1
乌克兰人,1
舆论压力,1
对泽,1
挟持,1
戒严,1
情报活动,1
恐难,1
商业间谍,1
情报人员,1
折损,1
较易,1
搞错,1
误杀,1
分包,1
列巴,1
文宣长,1
吴孟,1
寰说,1
贵人,1
抢到,1
贴近生活,1
牵红线,1
网络线,1
流行音乐,1
老会,1
牵起,1
宝贵财富,1
搞选,1
经审查,1
出卖,1
务工,1
诱饵,1
王姓,1
奸淫,1
卖淫,1
转卖,1
拐骗,1
分院,1
刑事诉讼法,1
王某军,1
张某飞,1
毋某龙,1
拐卖妇女,1
职刑,1
自尊,1
自重,1
名刑,1
广电集团,1
需与,1
应聘者,1
理政,1
经验交流,1
肖捷,1
立法机构,1
互学,1
时逢,1
农食,1
国自贸,1
对虾,1
钢材,1
澳门特别行政区,1
香港特区政府,1
礼宾府,1
卫士,1
塞勒,1
后盾,1
于先,1
核导,1
庆南,1
林乙,1
吴京燮,1
亲笔信,1
示好,1
比拉,1
没好,1
鼻塞,1
浑浊,1
照射到,1
人工降雨,1
技术手段,1
茂物,1
农业大学,1
气候学,1
亚萨,1
布迪,1
受强,1
印度尼西亚政府,1
降雨量,1
向云中,1
撒播,1
干冰,1
盐粉,1
朱慕,1
法律制裁,1
检测工具,1
中毒事件,1
试剂盒,1
有害物质,1
吉查卡,1
增建,1
公交系统,1
上岗,1
查卡,1
候车,1
中高,1
早于,1
上到,1
五楼,1
雷姆拉,1
枪管,1
校服,1
着往,1
外逃,1
托付,1
畅想,1
惨案,1
外电,1
配发,1
步枪,1
私立中学,1
学长,1
天主教,1
居首,1
可折叠,1
混动,1
克罗地亚,1
萨格勒布,1
彭军,1
粗疏,1
病史,1
后患,1
纳谏,1
战国策,1
城北徐公,1
徐公,1
登门,1
齐威王,1
齐王,1
身居高位,1
拙劣表演,1
对白,1
约束力,1
土巴,1
蹂躏,1
西半球,1
唐罗,1
驻扎,1
君主国,1
控着,1
闭幕会,1
江泽慧,1
志成,1
江志云,1
外事,1
杨洁篪,1
王晨,1
孟建柱,1
李源潮,1
孙春兰,1
长龙,1
北京市委,1
郭金龙,1
杨晓渡,1
新疆自治区,1
郭声琨,1
天安门城楼,1
换届,1
最轻,1
中央组织部,1
拖往,1
苏比克湾,1
希金斯,1
巡洋舰,1
莫尔斯,1
漂流,1
舒斯特,1
舰员,1
摄氏,1
排水量,1
太平洋地区,1
明显提高,1
事权,1
历史背景,1
税制,1
资金周转,1
拖欠,1
三角债,1
国力,1
下所,1
飙破,1
移动式,1
港人,1
亚热带,1
雷暴,1
日照,1
滂沱大雨,1
黑底白字,1
遗像,1
贾庆林,1
张德江,1
李长春,1
贺国强,1
张高丽,1
绳索,1
拉力,1
房顶,1
女儿墙,1
新堡,1
攒动,1
后国,1
资金运用,1
政金,1
高翔,1
仍趋,1
平盘,1
窄幅,1
尾盘,1
若有州,1
和平统一,1
行不通,1
领士,1
台海两岸,1
中华人民共和国政府,1
分裂主义,1
非洲地区,1
中央社,1
不实,1
分离主义,1
大义,1
殖民主义,1
良知,1
共谋,1
断交,1
愿受,1
模拟系统,1
断网,1
支取,1
网银,1
附图,1
手提式,1
运到,1
金条,1
战斗任务,1
求生,1
脱险,1
民事,1
派上用场,1
吊运,1
后坐,1
收付,1
开户银行,1
应战,1
中国足球协会,1
旧案,1
朴斗淳,1
董军,1
苏吉约,1
心跳,1
热点话题,1
腐败问题,1
女间谍,1
尾随,1
间谍,1
阿里山,1
搭话,1
上海证券交易所,1
敲锣,1
高开,1
党工委,1
安疆,1
悬空,1
查后,1
代市长,1
黄冈,1
黄冈市,1
俄亥俄,1
中共湖北省委,1
调离,1
常务副,1
普通高校,1
考研,1
考公,1
局子,1
省区市,1
党政机关,1
世贸,1
不亚于,1
下岗职工,1
城镇居民,1
保障线,1
金融体制,1
中共十四大,1
开放政策,1
右派,1
朱云来,1
中共中央政治局,1
以约,1
加快速度,1
补课,1
脱胎,1
趋近,1
频密,1
跃迁,1
中美大,1
环境模拟,1
外则,1
主战场,1
飞入,1
助推器,1
试验区,1
民勤县,1
着陆场,1
天链,1
依纪,1
赴宴,1
启东,1
高考状元,1
万科,1
旅台,1
声色犬马,1
吃喝,1
市况,1
特例,1
狼性,1
冲突性,1
开南,1
大学人文,1
张执,1
黄韬,1
业务量,1
丢官,1
豹子胆,1
未解,1
步数,1
围棋,1
落子,1
事关,1
超能力,1
预科生,1
助教,1
答疑,1
办公时间,1
看短,1
罗德,1
豪斯,1
法瑟,1
凤尾鱼,1
新兴国家,1
更久,1
滞后性,1
旱涝,1
预报员,1
陈丽娟,1
西北地区,1
偏少,1
雨带,1
面广,1
落区,1
气候异常,1
海表,1
罗汉果,1
腐竹,1
百合,1
淮山,1
养身,1
莲子,1
芡实,1
糙米饭,1
豆十谷,1
白眉豆,1
海苔,1
芥菜,1
什锦,1
梅干菜,1
杏鲍菇,1
薯仔,1
冬菇,1
素汤,1
茶树菇,1
材食,1
霸王花,1
扁豆,1
凤梨,1
荷叶,1
冬瓜汤,1
玫瑰花,1
雪耳汤,1
海带,1
牛蒡,1
何首乌,1
桂圆,1
党参,1
无味,1
茹素,1
蓝俪卿,1
素菜,1
黄姜,1
调色,1
长豆,1
竹笋,1
吸睛,1
紧实,1
卷制,1
功力,1
菜饭,1
肉松,1
绿豆,1
摩摩,1
豆爽,1
喝出,1
林有,1
妈蜜,1
鳕鱼,1
罗汉,1
售素,1
薄饼,1
代步车,1
打更,1
辣度,1
适中,1
所见,1
肉串,1
刷上,1
姜汁,1
电烤炉,1
翻烤,1
卖素,1
汤里用,1
李小娥,1
汤饭,1
紫米,1
米粒,1
软嫩,1
清热,1
微甜,1
手卷,1
做菜,1
八宝,1
小米粥,1
糯米鸡,1
经营之道,1
老巴刹,1
金融区,1
转角处,1
虏获,1
热石,1
粒粒,1
黄油,1
咸辣,1
中多加,1
制汤,1
味精,1
恢复健康,1
患癌,1
特备菜,1
猪肠,1
午餐肉,1
齐全,1
河粉,1
越式,1
法棍,1
百香果,1
火锅,1
凤毛,1
菱角,1
先河,1
卫塞节,1
张长友,1
素肉,1
卖相,1
冷气设备,1
番茄红素,1
切块,1
罐头,1
浸水,1
汤汁,1
色香味,1
俱全,1
荤素,1
兼备,1
善选,1
番茄酱,1
秋葵,1
英式,1
切碎,1
小红葱,1
翻炒,1
加分,1
炒熟,1
涂酱,1
不含,1
苏打粉,1
蓝莓,1
绝配,1
桔子,1
奇异果,1
变换,1
更佳,1
加一点,1
宠儿,1
控脂,1
宏量,1
产物,1
配搭,1
碳水,1
半生,1
肉质,1
食盐,1
虹鳟鱼,1
空间设计,1
玻璃窗,1
香芋,1
奶盖,1
冷萃,1
康普茶,1
花椰菜,1
鲈鱼,1
温泉,1
王光达,1
冯俊清,1
技师,1
欧式,1
撒丁岛,1
卡利亚,1
哥斯达黎加,1
尼可亚,1
长命百岁,1
奥秘,1
散养,1
马虎,1
调料,1
前菜,1
基说,1
工单,1
占有率,1
成份股,1
科技版,1
赶不上,1
玩成,1
核技术,1
趣事,1
松口,1
求婚,1
闪兵,1
不太会,1
转战,1
控告,1
吉米,1
法伦,1
暴红,1
赫希,1
很酷,1
新用例,1
支爆,1
直营店,1
加盟店,1
大展,1
拳脚,1
敲竹杠,1
买帐,1
每杯,1
购物车,1
更动,1
帐单,1
下让,1
支抖,1
机点,1
作要,1
旧金山市,1
杜克大学,1
哈佛商学院,1
设计者,1
和科,1
追涨,1
股民,1
反例,1
陈波,1
疯牛,1
暴富,1
覆盖面,1
开放度,1
易用性,1
数据保护,1
法医,1
北卡罗来纳州,1
德罕,1
华女,1
魂归,1
在布,1
碌仑,1
布鲁克林,1
后事,1
异乡人,1
汇给,1
捐助,1
众筹,1
安葬,1
搞清,1
新冠,1
修养,1
调理,1
预到,1
变故,1
中制,1
压榨,1
埋下,1
德赛,1
军系,1
等陆,1
向川普,1
陆制,1
产品规格,1
向长鑫,1
一洲,1
笔电,1
陆企,1
格里芬,1
主掌,1
留美,1
返华,1
黄震昕,1
返岗,1
耶塔,1
电召车,1
体所,1
攻破,1
宋晓冬,1
林昭杰,1
能源需求,1
先领,1
中东国家,1
美国参谋长联席会议,1
扫雷舰,1
终后,1
领到,1
阿里亚,1
稀有,1
搜刮,1
积攒,1
夫币,1
代练,1
岛国,1
印上,1
中美合作,1
刚成立,1
系统阐述,1
特雷斯,1
中环,1
谭新强,1
偏贵,1
欧睿,1
改赴,1
仰天,1
时约,1
和希音,1
竞价,1
画外音,1
厉声,1
呵斥,1
唱反,1
诉诸,1
嘲弄,1
斯卡伯勒,1
口袋,1
入海,1
水炮,1
轰击,1
闹剧,1
挑事,1
生非,1
耻辱,1
下唱,1
唱道,1
暗指,1
菲日,1
专属经济区,1
大陆架,1
前瞻,1
恶用,1
单弦,1
美其,1
共的,1
百花园,1
数智,1
中国式,1
美区,1
禹之鼎,1
浙江大学,1
发展潜力,1
王军,1
做文章,1
投资热,1
偏重,1
司长,1
吕大良,1
增反,1
大中华区,1
宋林,1
捕获,1
阁楼,1
法国政府,1
征得,1
益普索,1
中和,1
制冷,1
加装,1
西欧,1
抢购潮,1
总署,1
经销,1
静音,1
窗框,1
支架,1
高科技产品,1
小厂,1
大型超市,1
奥尔布赖特,1
威胁论,1
例证,1
光明日报,1
臆想,1
化工业,1
冷气机,1
洞见,1
教条,1
两极化,1
需有,1
政治理念,1
卷起,1
雷仁勋,1
摆拍,1
早市,1
板凳,1
面窝,1
接地,1
雷总,1
救救,1
客流量,1
订餐,1
传召,1
机壳,1
掺有,1
毒品案,1
第三国,1
自由贸易区,1
伪报,1
品名,1
中转站,1
侦破,1
走私案件,1
宾亚帕,1
全泰,1
审判台,1
胜狮,1
苏尼,1
年少,1
亲生,1
研读,1
法律条文,1
不孝,1
商法典,1
赡养,1
伤痕,1
努和,1
并存,1
不保,1
渣打,1
高产出,1
常任,1
漫谈,1
动视,1
暴雪,1
尔马,1
会令,1
记忆体,1
职业辅导,1
巨擘,1
冗员,1
培训中心,1
印刷业,1
冬海皆,1
质量保证,1
德雷克,1
至旧,1
海能达,1
企业名单,1
降维,1
药方,1
失灵,1
敌暗,1
高发期,1
安牙拉,1
枪伤,1
血腥,1
枪械,1
潜逃,1
自首,1
格洛克,1
佩枪,1
弹壳,1
所射,1
入校,1
带去,1
弹匣,1
袭击者,1
空话,1
责任意识,1
专业性,1
计算机网络,1
砍掉,1
熟练度,1
前移,1
库后,1
偷懒,1
根目录,1
显式,1
空值,1
静默,1
降级,1
中间环节,1
反面,1
外骨骼,1
另一组,1
明确任务,1
句式,1
是乱,1
测试用例,1
错误码,1
样例,1
单元测试,1
流里,1
纸质,1
稀奇,1
样式,1
想加,1
库会,1
系统结构,1
照出来,1
包袱,1
绕路,1
流程图,1
数据流,1
越难,1
读写,1
不懂,1
边界条件,1
全错,1
开发资源,1
桌面版,1
三湘,1
风纪,1
违纪,1
雷敏,1
钟才,1
杨海,1
经验教训,1
行政级别,1
华盛,1
燃放,1
长治市,1
赵永进,1
副县长,1
魏小,1
祥和,1
局原,1
主任科员,1
李军,1
打了个,1
旅居,1
乌纱帽,1
清廉,1
李翔,1
大队,1
副大队长,1
高承见,1
专职,1
刘永祺,1
谎报,1
党纪,1
快意,1
恩仇,1
句号,1
烟花爆竹,1
浏阳,1
控制措施,1
科学合理,1
组学,1
生物医学,1
体液,1
分泌物,1
遗传信息,1
发病,1
失活,1
心梗,1
双链,1
诞下,1
合乎,1
美国耶鲁大学,1
载入史册,1
染色体,1
高智商,1
伦理学家,1
现存,1
性状,1
拷贝,1
美国加州大学伯克利分校,1
纯属,1
很远,1
递送,1
信使,1
下注,1
交付给,1
耐用,1
通小鹏,1
复制到,1
大会战,1
越来越近,1
计划署,1
特利,1
小得多,1
核裂变,1
仿星,1
场反位,1
磁镜,1
鲍勃,1
加德,1
多聚,1
值场,1
反位,1
脉冲,1
格雷格,1
风口,1
弗吉尼亚州,1
甜甜,1
超导,1
表现形式,1
弗雷,1
特的,1
康纳,1
查斯,1
正版,1
美国在线,1
工作台,1
化营,1
收上,1
蒂博,1
索蒂奥,1
熟知,1
手术室,1
给定,1
高斯,1
刚体,1
柔体,1
织物,1
着面,1
视觉效果,1
中太,1
太贵,1
牛顿定律,1
建筑设计,1
三维空间,1
消融,1
栖居,1
合流,1
翻倒,1
逆运算,1
叫作,1
逻辑推理,1
热词,1
眼能,1
唯一标准,1
高度限制,1
决议,1
规划局,1
限高,1
宗教建筑,1
邻近地区,1
印度教,1
锡克,1
道教,1
党雪州,1
活动场所,1
养猪场,1
营地,1
电话卡,1
收容,1
难民署,1
销售市场,1
电池厂,1
畅销书,1
国安会,1
费斯,1
埃维昂,1
参会者,1
爱丽舍宫,1
中国海关,1
洗白,1
设址,1
划掉,1
特殊字符,1
改换,1
收款,1
挪用,1
车行,1
用户名,1
首字母,1
名变,1
防堵,1
冒名,1
熟人,1
往实,1
昏迷,1
擦伤,1
施以援,1
酒驾,1
治罪,1
偷车,1
酿成,1
潘哲聪,1
符合规定,1
栏位,1
吃完,1
饭盒,1
结账,1
矿泉水,1
女皇,1
悉尼歌剧院,1
邦迪,1
送进,1
回收机,1
心心念念,1
瓶子,1
异星,1
越不,1
扔给,1
强到,1
单细胞,1
分子生物学,1
了强,1
信息学,1
古典音乐,1
很爱,1
太阳系,1
推导,1
作品集,1
滑页,1
只给,1
神鬼,1
杀戮,1
尖塔,1
配得,1
余地,1
吝啬,1
好歹,1
标准价,1
了比,1
满血,1
分类器,1
分归,1
安全壳,1
希腊语,1
同源,1
俳句,1
文学作品,1
价格表,1
切面,1
计费,1
零时,1
短答,1
低出,1
平替,1
前缀,1
分桶,1
有多强,1
粉饰,1
输华,1
借机,1
哥称,1
可让,1
瑞信,1
涂乔彦,1
布兰德,1
具体安排,1
踩下,1
智谷,1
研究部,1
王箐,1
计划单列市,1
功能定位,1
中圆,1
北斗星,1
快讯,1
高超音速,1
薛瑞福,1
日益壮大,1
测绘,1
布鲁克斯,1
符合中国,1
地轨,1
定位导航,1
赶超,1
了质,1
创新力,1
可见光,1
光谱,1
军事情报,1
星间,1
全球定位系统,1
关键部件,1
康庄大道,1
万能钥匙,1
听懂,1
发工,1
音系,1
飞猪,1
高德,1
订机票,1
通信协议,1
放出去,1
小爱,1
群聊,1
连用,1
打微,1
拨动,1
信说,1
微信会,1
高频率,1
标准协议,1
分配任务,1
很猛,1
把门,1
乱动,1
不太能,1
听不懂,1
猛料,1
哥们儿,1
错字,1
垮掉,1
前段时间,1
混合输入,1
自顾自,1
序列表,1
自作主张,1
焦段,1
变长,1
语气词,1
和尚,1
敲到,1
书面语,1
繁体中文,1
点样,1
捆绑,1
愿不愿意,1
得爽,1
抓到,1
快捷键,1
抛弃,1
词库,1
菜单栏,1
无感,1
横评,1
好评,1
听写,1
错字连篇,1
长句,1
句首,1
漏字,1
边一,1
奥妙,1
那雷,1
中英,1
混说,1
水费,1
压根,1
交月,1
罗超,1
阿雷,1
现场报道,1
海信,1
海尔,1
创维,1
雷鸟,1
韶音,1
小熊,1
上海滩,1
慧享,1
新潮流,1
灰度,1
王炸,1
大可不必,1
公网,1
安信,1
小雷会,1
体大,1
布置任务,1
空空,1
玩意,1
由微信,1
图形用户界面,1
填报,1
假装,1
火极,1
衣食住行,1
拿铁,1
免去,1
体说,1
烧鸭,1
头疼,1
挂号,1
放号,1
向微信,1
再定,1
闹钟,1
杀招,1
内部测试,1
真快,1
小龙虾,1
双端,1
绑在,1
越贵,1
体有,1
都省,1
刻进,1
骨子里,1
挣到,1
没换,1
掂量,1
真理,1
普适性,1
末尾,1
违反者,1
改字,1
伯恩斯,1
遮掩,1
弃权票,1
看穿,1
再来,1
还藏,1
暗钉,1
国际原子能机构,1
耳熟,1
纯假,1
让你在,1
停不下来,1
推给,1
任对,1
最广,1
读到,1
对劲,1
阳谋,1
下拿,1
魔法师,1
大神,1
阿希什,1
瓦尼,1
和尼,1
帕尔马,1
响尾蛇,1
越快,1
靠谱,1
万里长征,1
并不大,1
社会制度,1
受算,1
变强,1
产出量,1
生死线,1
缩成,1
挑出,1
互批,1
考卷,1
失明,1
审不,1
值钱,1
修图,1
手速,1
摄像机,1
打灯,1
剪片,1
手艺人,1
监工,1
难吃,1
招牌菜,1
数算,1
百分比,1
库里,1
最该,1
粘贴,1
的先,1
莫斯康,1
赫格塞思,1
抢回,1
科技史,1
官斯,1
纳拉亚南,1
杰森,1
赞德,1
局域,1
噪声,1
文生图,1
图像编辑,1
中极,1
总参,1
萨提亚,1
创出,1
桑杰,1
马罗,1
举牌,1
王宁曾,1
进到,1
维修站,1
换换,1
超高速,1
大洋洲,1
共产,1
王晗,1
并较,1
周源,1
短期投资,1
扭亏,1
盐言,1
沙州,1
秘事,1
中国作协,1
网络文学,1
有喜,1
金屋,1
魏哲家,1
纯益,1
配息,1
新家,1
新房子,1
赚回,1
仍深,1
零组件,1
电将,1
前为,1
连其,1
担保责任,1
过高,1
料到,1
下财,1
上财,1
概要,1
金融类,1
对公,1
倒卖,1
展业,1
宽泛,1
美联,1
史蒂文,1
凯莉,1
佐治亚州,1
西亚斯,1
林奇,1
斯泰茜,1
莱利,1
斯蒂尔,1
发行股票,1
持长,1
经原,1
银监会,1
金融公司,1
称长,1
由约,1
攻防战,1
音色,1
为抖,1
体类,1
抢过,1
漏水,1
站上去,1
船速,1
信将,1
贡献度,1
山能售电,1
煤化工,1
利用效率,1
转让方,1
扣非,1
装机,1
年发电量,1
育强,1
山能,1
能售,1
售电,1
产业布局,1
消纳,1
煤炭行业,1
详式,1
修订稿,1
格力,1
价款,1
利润分配,1
预案,1
转增,1
股利,1
咨询中心,1
贤盈,1
降为,1
精兵,1
辅以,1
中台,1
后勤人员,1
主机厂,1
评判,1
变迁,1
入局,1
引资,1
时点,1
预研,1
审定,1
富余,1
功利化,1
试飞员,1
旋翼,1
空中交通,1
兰田,1
锤子,1
下棋,1
方法论,1
联席会,1
说唱,1
实验班,1
姚期智,1
用强,1
比用,1
电灯,1
简且,1
毛刺,1
公式,1
天才少年,1
股数,1
后继者,1
复制粘贴,1
自建,1
行数,1
科研任务,1
东莞市,1
季度初,1
代理权,1
转化率,1
检出,1
净营收,1
露露,1
乐檬,1
全价,1
高尔夫,1
夏款,1
外套,1
面料,1
饽饽,1
档期,1
固定汇率,1
全氟,1
烷基,1
认知度,1
联合攻关,1
圈养,1
遗传,1
濒危,1
互赠,1
蒋乐,1
照养,1
笼舍,1
饲养员,1
交流学习,1
百感交集,1
硕果,1
园长,1
履职,1
组对,1
故意伤害,1
立案侦查,1
甥宝,1
转报,1
李某华,1
医师,1
行政处罚,1
卫健局,1
医疗卫生,1
执业资格,1
降税,1
指导性,1
刚种,1
入土,1
订好,1
安然,1
乐意,1
非盈利,1
外溢,1
熬过去,1
曾祖父,1
施肥量,1
能修,1
裤腰带,1
收割机,1
亲身经历,1
大豆价格,1
撑过,1
凯莱,1
滥施,1
行会,1
只种,1
莫妮卡,1
马修,1
潮湿,1
总得,1
玉米种,1
大亨,1
塔姆,1
夺回,1
德克萨斯,1
微涨,1
查南纳,1
莫尔恰,1
宽慰,1
马蒂内利,1
抱有,1
偏高,1
弗莱彻,1
若温,1
豪姆斯,1
业务主管,1
高琼,1
英德,1
罗素,1
范日旺,1
跨党,1
全院,1
美国之音,1
后门,1
被劫持,1
纳尔指,1
奥伯,1
诺特,1
麦克莱伦,1
新法案,1
卡斯特,1
配电,1
里夫斯,1
杰根,1
杂货商,1
特易,1
特易购,1
博里,1
百货商店,1
百安居,1
翠丰,1
诺曼,1
迪金森,1
肯纳,1
类股票,1
中性,1
敞口,1
南亚,1
银行借款,1
旺维,1
塔纳,1
瓦迪,1
官旺维,1
金拓,1
偏空,1
逆风,1
切坎,1
密歇根,1
沃勒,1
开盘价,1
罗宾汉,1
发行量,1
展演,1
坠落在,1
围观者,1
意译,1
俄罗斯国际文传电讯社,1
煤油,1
国外市场,1
查赫克纳,1
打下,1
疑属,1
躲入,1
防空壕,1
考纳斯,1
炸药,1
祸源,1
塞瓦斯托波尔,1
投鼠忌器,1
开火,1
同声,1
误入,1
普希林,1
接客,1
辛菲罗,1
波尔,1
犯下,1
已就,1
肇事者,1
车顶,1
震碎,1
俄罗斯外交部,1
哈罗,1
卫国战争,1
红场,1
烟柱,1
总参谋部,1
国际文传电讯社,1
有数,1
格洛夫,1
列宁格勒州,1
坚科,1
前数,1
严密,1
俄国,1
后方城市,1
绕台,1
分起,1
主辅,1
逾越,1
延伸线,1
中国时报,1
尾翼,1
涡扇,1
精确定位,1
挂载,1
拒止,1
信息战,1
反潜机,1
郑和,1
台岛,1
翼龙,1
珠海航展,1
汉扎,1
向普京,1
百人会,1
徐尔曼,1
每辆,1
车所,1
报良率,1
暗光,1
话音刚落,1
周期长,1
的域,1
芯谋,1
高算力,1
上都,1
车规,1
神玑,1
试生产,1
总经济师,1
机率,1
主承销,1
承销团,1
富商,1
坐实,1
算完,1
节省下来,1
螺丝钉,1
演化出,1
科层制,1
国家电网,1
赔得起,1
重工业,1
死死,1
韭菜,1
对人,1
协作关系,1
编不,1
洗稿,1
字字,1
翻字典,1
翻到,1
剖析,1
字典,1
知识点,1
复习,1
更绝,1
看一遍,1
字数,1
字面,1
数学原理,1
喝一杯,1
破防,1
系统升级,1
脏话,1
粗口,1
委婉,1
放飞,1
痛骂,1
阿什利,1
准确无误,1
辩护词,1
补办,1
特惠,1
出票,1
祖母,1
葬礼,1
客诉,1
了像,1
无脑,1
吃掉,1
扩写,1
事事,1
贴钱,1
无用,1
大跃进,1
大船,1
摊派,1
大转弯,1
算账,1
最热,1
缰绳,1
受试者,1
对照组,1
美国加州大学,1
联用,1
分子结构,1
毒副作用,1
抗癌药,1
凹陷处,1
光滑,1
附着,1
元凶,1
增殖,1
得克萨斯大学,1
安德森,1
新英格兰,1
医学杂志,1
耐药,1
无药,1
可治,1
明码标价,1
重金,1
唐纳德,1
治下,1
塞利,1
执剑,1
控制者,1
诱惑力,1
指用,1
李怡清,1
吴挺,1
巨鲸,1
解密,1
铁律,1
平平安安,1
健健康康,1
逃役,1
不养,1
替班,1
离家近,1
学霸,1
保底,1
卷王,1
课程内容,1
智力技能,1
个兵,1
关键点,1
难用,1
汉兰达,1
超载,1
网约,1
合算,1
越多越,1
文化冲突,1
放养,1
校车,1
学区,1
越对,1
认可度,1
能学,1
过要,1
顶楼,1
油管,1
中国富豪,1
送来,1
位数,1
神国,1
认知失调,1
执念,1
公务员,1
需要的话,1
友爱,1
操来,1
永居,1
私立学校,1
顶点,1
大房子,1
贵太,1
叛乱,1
调兵,1
英用,1
高压电,1
击穿,1
绝缘层,1
啤酒厂,1
乙肝疫苗,1
英海军,1
瑰奇,1
谱写,1
出远门,1
工作制,1
玩物,1
马力,1
走步,1
娱乐性,1
蒸汽机,1
轴承,1
驴子,1
至死,1
崇高,1
三体,1
光速,1
黑域,1
美德,1
经济模型,1
和乳,1
造出,1
龙芯,1
火种,1
养活,1
红白,1
令金,1
电子词典,1
战神,1
游戏性,1
塞尔达,1
旷野,1
中国香港地区,1
中国香港,1
毒舌,1
大状,1
票房榜,1
变形金刚,1
霍比特,1
护卫队,1
外来文化,1
岳父,1
难当,1
屠杀,1
数代,1
美洲豹,1
生还者,1
制版,1
移植,1
卡帧,1
忍受,1
打不开,1
起不来,1
报废,1
血崩,1
稳压,1
贫弱,1
筹够,1
张汝京,1
亚力,1
海思,1
供货商,1
价格低廉,1
衰落,1
数模,1
嵌入式软件,1
凌阳,1
步步高,1
国家教委,1
外语教学,1
侧重于,1
听力,1
拉快,1
线宽,1
芯片业,1
出处,1
粗估,1
小霸王,1
暗含,1
家用机,1
比约,1
自本,1
经营场所,1
拉低,1
可维护性,1
轨交,1
样板工程,1
力矩电机,1
编码器,1
高可靠性,1
线束,1
进厂,1
家务,1
百台,1
沙利文,1
差旅,1
停机,1
飞捷,1
科思,1
卡点,1
决策层,1
荣枯线,1
文韬说,1
旺盛,1
建筑业,1
信息中心,1
文韬,1
已同,1
交好,1
马美,1
国防工业,1
香格里拉,1
斯特勒,1
中的马国,1
处理程序,1
技术谈判,1
工程进度,1
宪报,1
派到,1
协成,1
虎牌,1
酿酒厂,1
面包车,1
婉拒,1
哈芝,1
越堤族,1
蜂拥,1
哈菲兹,1
不慎,1
连人,1
带车,1
深坑,1
路基,1
夺命,1
交通阻塞,1
洪丹毅,1
布设,1
服务台,1
答得,1
税务局,1
港币,1
秒级,1
退税款,1
笃定,1
高至,1
江湖,1
鏖战,1
尽调,1
爆正,1
军心,1
率仅,1
细细,1
坊间,1
段位,1
敢信,1
咬合,1
跃出,1
牌桌,1
海光,1
线程,1
智芯,1
灰测,1
识图,1
只先,1
缺憾,1
白热化,1
林立,1
叩门,1
崭露,1
锋芒,1
占领市场,1
人才观,1
没错,1
基本技能,1
文心,1
推背,1
感袭,1
平和,1
归结,1
正道,1
马斯喀特,1
附和,1
太空站,1
青发会,1
主委,1
连战,1
武率,1
硕士生,1
王翊馨,1
黎家盈,1
器件,1
阿斯,1
时间常数,1
时延,1
华为公司,1
何庭波,1
下井,1
幸存,1
矿工,1
耗尽,1
煤矿安全,1
入井,1
拉网式,1
慰问电,1
通洲,1
留神,1
领馆,1
痛惜,1
妥善处置,1
衷心,1
工作面,1
人入,1
蝶变,1
展翅,1
腾飞,1
山城,1
城市形象,1
视界,1
创城,1
有你,1
罗招政,1
文明城市,1
杨梅,1
小满,1
户籍,1
邢榕云,1
责编,1
赵敏,1
包颖芝,1
林佳涛,1
赵鹏鹏,1
王安,1
县融,1
私自,1
招引,1
全省,1
全链,1
品牌效应,1
大屏,1
轮播,1
讲解员,1
性能参数,1
保障体系,1
和网,1
点位,1
浙南,1
宜居,1
组团,1
擦亮,1
展在,1
够力,1
肖特,1
韦尔,1
哈里森,1
尤尔韦森,1
和诺,1
塞克,1
美国联邦政府,1
美国国家航空航天局,1
一厢,1
广告费,1
追上,1
青年人,1
斯科夫,1
急切,1
西伯利亚,1
卢布,1
成语,1
单边主义,1
深重,1
新起点,1
坐上,1
长桌,1
款式,1
红地毯,1
礼炮,1
花束,1
蹦跳,1
金穹,1
多极化,1
前脚,1
后脚,1
向云,1
指望,1
陷于,1
坐车,1
回新,1
女网,1
红洪,1
剧名,1
麦迪娜,1
麦地那,1
辛辛那提大学,1
肯塔基,1
老本行,1
触达,1
生命安全,1
特定条件,1
引出,1
联邦贸易委员会,1
代言,1
口服,1
垃圾邮件,1
佛罗里达,1
收件人,1
终结者,1
创世纪,1
地卡,1
基本相同,1
补上,1
缝隙,1
应答,1
雇人,1
自费,1
续费,1
物流配送,1
配药,1
中间商,1
汽车旅馆,1
救济,1
沾边,1
名校,1
顶线,1
扣掉,1
扩到,1
劳力士,1
手表,1
更让人,1
时间尺度,1
转圈,1
美国宇航局,1
超声波,1
里德,1
维克多,1
格洛弗,1
克里斯蒂娜,1
太空飞行,1
杰里米,1
曝露,1
辐射区,1
深奥,1
飞奔,1
冲劲,1
数学计算,1
大手,1
圆弧,1
奔月,1
滑道,1
熄火,1
甩回,1
银河系,1
射线,1
飞向,1
范艾伦,1
粒子流,1
生态圈,1
湿气,1
纳米级,1
纯净,1
现实意义,1
净水,1
传输速度,1
易受,1
激光束,1
可供,1
洗手间,1
科学实验,1
漂浮,1
心理素质,1
长途旅行,1
配合默契,1
当值,1
急诊,1
急诊部,1
慈母,1
红眼,1
呼救,1
抽搐,1
除颤,1
电击,1
骤停,1
鬼门关,1
无间,1
静脉,1
网上银行,1
接听,1
掏不出,1
竟对,1
开过,1
跟紧,1
社会秩序,1
因能,1
恐对,1
电气,1
信息时代,1
演进到,1
识读,1
伺机,1
骗钱,1
发信人,1
黄宏冠,1
丁登路,1
碧差,1
汶里路,1
差贴,1
威区,1
玛卡山,1
韦利,1
强于,1
商品交易,1
杰富瑞,1
庄耀鸿,1
钟佐伊,1
摊薄,1
尼韦尔,1
加倍努力,1
戴蒙,1
安全级别,1
并早,1
网安局,1
台湾大学,1
张登,1
攻守,1
总合,1
召集人,1
制订,1
退让,1
梁文杰,1
急迫,1
芬太尼,1
天坛,1
最大公约数,1
上海复旦大学,1
张迪,1
视频工具,1
问号,1
翻番,1
月费,1
视频产品,1
母体,1
结局,1
落定,1
老铁,1
加减法,1
倒挂,1
范本,1
激励机制,1
俯卧撑,1
数数,1
围猎,1
要变,1
多得多,1
形式化,1
顾问团,1
队里,1
复仇者,1
还当,1
来路,1
语义,1
表层,1
双向交流,1
全凭,1
苦涩,1
脚手架,1
编织成,1
送给,1
墙用,1
对讲机,1
像发,1
分刷,1
蛰伏,1
达里奥,1
谷歌云,1
巨像,1
正劲,1
增购,1
可谈,1
计算力,1
获邀,1
万事达,1
嘉吉,1
通用电气,1
美纳,1
茅台,1
高价股,1
季报,1
积体电路,1
营收约,1
电信业务,1
文官,1
宣与,1
训练任务,1
高密度,1
瓦级,1
以远,1
投送,1
掩模,1
衬底,1
蚀刻,1
沉积,1
测试仪,1
泛林,1
兰姆,1
斯县,1
听证,1
仁川,1
蓝领工人,1
条规,1
巴登,1
吴诗琪,1
呈报,1
先驱,1
烤完,1
发粉,1
有毒,1
用肉,1
面条,1
厨艺,1
蒜头,1
宠物犬,1
泡面,1
薏米,1
参阅,1
压碎,1
椰子油,1
甜椒,1
芒果汁,1
员工福利,1
基本工资,1
普林斯,1
特林,1
美团龙珠,1
至此,1
买方,1
美团龙,1
珠领,1
水木,1
源峰,1
参投,1
投后,1
对性,1
结伴,1
观展者,1
性伴侣,1
略多于,1
看会,1
小花,1
略显,1
黄片,1
接受程度,1
联合国大会,1
博索纳罗,1
败给,1
卢拉后,1
犯有,1
砍伐,1
当事方,1
探索性,1
级用户,1
军马,1
国际形象,1
李宗伟,1
联营,1
登月,1
缩小差距,1
周小川,1
自损,1
抵不过,1
本国货币,1
紧扣,1
强征,1
边厢,1
野地,1
怕黑,1
乱跑,1
豺狗,1
拾起,1
眼珠,1
支派,1
找不着,1
捂着,1
哆嗦,1
劲儿,1
没坐,1
人者,1
请喊,1
分东,1
瘸子,1
牛家庄,1
被窝,1
登时,1
雨淋,1
没尿,1
趣处,1
茅房,1
撒泡尿,1
个儿,1
徐家,1
聊得,1
开外,1
吊丧,1
追过去,1
死到,1
喊下来,1
后鲁邱,1
跪叩,1
起仰,1
排成,1
鲁邱,1
白花花,1
号哭,1
就位,1
皂布,1
时人,1
白衣,1
声细,1
却声,1
场子,1
泛白,1
变酸,1
能撑,1
丧能,1
醋坊,1
处得来,1
私塾,1
论语,1
惊出,1
一时性,1
真论,1
起理,1
难办,1
条理,1
回娘家,1
开生,1
药铺,1
得理,1
蛤蟆,1
出尿,1
短不了,1
裴长吁,1
长痛,1
娘们,1
儿家,1
正性,1
不值,1
答答,1
别答,1
比画,1
就下,1
支起,1
洗头,1
个头,1
畜生,1
吸着烟,1
闲话,1
柳树下,1
曾常,1
曾家庄,1
大庄,1
挨骂,1
当做,1
差池,1
做主,1
脸红耳赤,1
说不出,1
叹气,1
出气,1
几气,1
豫西,1
洛宁县,1
盐商,1
贩盐,1
落山,1
要吁,1
长气,1
徒弟,1
老冯,1
出师,1
冯学,1
得替,1
安生,1
粗心,1
出嫁,1
别扭,1
姐带,1
别理,1
咋办,1
前成,1
经人,1
说合,1
宰牛刀,1
皮鞭,1
归图,1
牛羊肉,1
热性,1
县份,1
散碎,1
银两,1
好存,1
忘情,1
认不得,1
陕北,1
娶妻生子,1
伤寒,1
搭伴,1
学贩,1
慢走,1
个织席,1
相距,1
生药,1
长叹,1
逼得,1
上回,1
绕来,1
绕去,1
串门,1
绕过去,1
赔过,1
不依,1
理绕,1
理讲,1
掌灯,1
上头,1
扯成,1
针头线脑,1
蔡家,1
决不会,1
裴家,1
讲起,1
理来,1
理与,1
屁股,1
搬来,1
耳光,1
裴光,1
姐俩,1
下流坯,1
风传,1
提起过,1
十来,1
舅舅,1
难处,1
吃饱,1
不来,1
败坏,1
抹抹,1
舅舅家,1
菲薄,1
待见,1
两女一男,1
二女儿,1
摊鸡蛋,1
和春生,1
扭头,1
面皮,1
看一看,1
裴自,1
卖布,1
卖完,1
向老巩,1
蓑衣,1
巩劝,1
淋出,1
病来,1
完头,1
变脸,1
没嫌,1
包到,1
摆摆手,1
鸡叫,1
泪落,1
空碗,1
海碗,1
烟袋,1
火炉,1
洗洗,1
进得,1
锅灶,1
马尾,1
点灯,1
寒光,1
预备,1
没话,1
找话,1
暖和,1
叹息,1
按说,1
好生,1
俯下,1
激灵,1
多长,1
昏睡,1
打起,1
转晴,1
月亮,1
起风,1
狼嚎,1
凑合,1
编筐,1
麻秆,1
火编筐,1
惦着,1
点着,1
人影,1
石磨,1
转磨,1
进家,1
长满,1
猫头鹰,1
庄稼地,1
诱因,1
应酬,1
胃酸,1
倒流,1
胃灼热,1
胃炎,1
生活习惯,1
实用技巧,1
棉纱,1
三杯水,1
加四,1
杯水,1
应现,1
做现,1
弱者,1
母乳,1
控糖,1
香精,1
添加剂,1
配料表,1
磷脂,1
益智,1
养神,1
足迹,1
奶亲,1
和钾,1
红枣,1
胶质,1
稳定剂,1
奶类,1
不耐,1
甜汤,1
基底,1
乐活,1
得视,1
喝牛奶,1
症者,1
奶是,1
破壁,1
含高,1
上火,1
纯牛奶,1
蜜糖,1
转基因,1
微量元素,1
杂质,1
卵磷脂,1
在实践上,1
克罗恩,1
可译,1
可溶性,1
溶性,1
具益生,1
菌群,1
直肠癌,1
小觑,1
下咽,1
喷雾,1
油瓶,1
炸锅,1
杨利,1
尝出,1
比盐,1
当多,1
加盐,1
南姜,1
石栗,1
暖心,1
较软,1
爆香,1
口疮,1
口腔溃疡,1
冷食,1
室温,1
摆盘,1
变淡,1
黎慧礼,1
葱头,1
和亚,1
参鱼,1
罗望子,1
豆芽,1
减油,1
减盐,1
红豆冰,1
糖浆,1
棕榈,1
制糖,1
苹果酱,1
鸡腿肉,1
去皮,1
抗凝血,1
酌量,1
漱口,1
胃肠道,1
腹痛,1
应节,1
学名,1
拉丁文,1
文旦,1
白柚,1
红柚,1
西施,1
蜜柚,1
理气,1
化痰,1
清肠,1
补血,1
呋喃,1
香豆素,1
宜先,1
免疫抑制,1
抗焦虑,1
类固醇,1
药效,1
过强,1
柚果,1
果香,1
榨汁,1
化素,1
果酸,1
食道,1
橙汁,1
心脑血管,1
养颜,1
白细胞,1
白醋,1
清洁剂,1
外皮,1
异中,1
有同,1
宝库,1
非议,1
胃粘膜,1
柑味酸,1
自古,1
芸香,1
小乔木,1
果实,1
地中海地区,1
酸柑,1
常喝,1
性平,1
祛暑,1
疏滞,1
利尿,1
红茶,1
汁水,1
沙拉酱,1
腌制,1
炸食,1
和酸橙,1
杂交种,1
亚麻,1
奇亚,1
求诊者,1
手掌,1
鱼类,1
硬化,1
甘油三酯,1
抗炎,1
减低,1
阻塞,1
刺鼻,1
劣质,1
高脂血症,1
兼有,1
高跟鞋,1
额外负担,1
弯腰驼背,1
抗氧化物,1
自由基,1
强健,1
越早,1
保健知识,1
地守护,1
补充品,1
辅酶,1
心肌梗塞,1
沉积物,1
张书咏,1
何须,1
绿藻,1
蛋黄,1
高者,1
李顺,1
母女俩,1
刘玉凤,1
副刊,1
活版,1
林玉英,1
处理速度,1
静息,1
精神科,1
陈忠强,1
营养品,1
重金属,1
强心,1
脂鱼,1
沙丁鱼,1
肝功能,1
磨浆,1
盐卤,1
含钙,1
红肉,1
硬度,1
清蒸,1
肾功能,1
动听,1
别名,1
雪花,1
或快,1
热汤,1
奶酪,1
大分子,1
多肽,1
吸收率,1
食用量,1
佐料,1
时应,1
卤制,1
五香豆,1
淡干,1
变身,1
制品,1
较贵,1
亲民价,1
质地,1
初尝,1
鲜果,1
克豆干,1
少者,1
帕德马纳班,1
黏膜,1
结肠,1
益生元,1
炖锅,1
麸质,1
枫糖浆,1
松饼,1
肉桂粉,1
美国食品和药物管理局,1
黏稠度,1
胆汁酸,1
排出,1
斯韦尔,1
伊丽莎白,1
海德,1
升糖,1
通畅,1
高血糖,1
化合物,1
酰胺,1
宽恕,1
签定,1
商业道德,1
拨备,1
有形,1
抵扣,1
热气,1
仰脸,1
奖赏,1
不由,1
烂掉,1
菜汤,1
点点头,1
赶好,1
看相,1
该当,1
陈胜吴广,1
拿不定,1
起事,1
卖成,1
拿住,1
扯淡,1
占便宜,1
身瘫,1
话茬儿,1
举手,1
动脚,1
脸色,1
腿脚,1
灵便,1
报仇,1
经心,1
活出,1
不往,1
糟改,1
凡人,1
生姜,1
魏家庄,1
董家,1
兼卖,1
儿细,1
鼓给,1
做买卖,1
数得,1
上月拉瓜,1
纽新,1
其管辖,1
各大,1
领头,1
管制员,1
滑行道,1
霍门迪,1
史都华,1
新泽西,1
蒂特,1
波罗,1
却未,1
导致系统,1
异味,1
快运,1
罹难,1
推手,1
运行机制,1
难逃,1
玉渊,1
谭天,1
划清,1
雏形,1
陈聪,1
清查,1
韬中茂,1
刘大刚,1
全面实施,1
重于,1
导管,1
陆港,1
补税,1
国家外汇管理局,1
调回,1
制度化,1
清盘,1
委托人,1
丁玉梅,1
铺平道路,1
移回,1
尚有,1
统计数据,1
开曼,1
维京群岛,1
案才,1
并购案,1
迁册,1
不通,1
起源于,1
学完,1
博士生,1
本科生,1
拖后腿,1
发新,1
圈定,1
灰姑娘,1
水晶鞋,1
那波,1
橡树,1
臭鼬,1
诺奖,1
挣不,1
提上,1
日程,1
项目管理,1
售前,1
中层,1
追平,1
快车道,1
内存条,1
扩增,1
用户量,1
血拼,1
集对,1
代差,1
传话,1
越往后,1
大嗓门,1
人站,1
走样,1
压缩率,1
有损,1
张卡,1
巧妙,1
快用,1
所剩,1
答完,1
能塞,1
和调,1
很小,1
远不如,1
接下去,1
云雀,1
参演,1
漫剧,1
网剧,1
制片,1
拍电影,1
化妆,1
用过,1
小白,1
半壁江山,1
都闭源,1
第一版,1
山头,1
人算,1
节选,1
大不大,1
养老院,1
前置条件,1
用算,1
力换,1
变少,1
数采员,1
得准,1
衔接起来,1
简介,1
训练方法,1
粗略,1
难涨,1
照搬,1
不长,1
油门,1
工业界,1
倒杯水,1
拧开,1
水杯,1
捏坏,1
想能,1
信息科学,1
博导,1
经营性,1
办公用房,1
所购,1
置业,1
申请材料,1
按揭,1
家装,1
福田,1
宝安,1
购房者,1
姑来埔莱,1
林胡申,1
人名,1
项目经理,1
并须,1
庭面,1
库达,1
收购方,1
财新网,1
中伦,1
贾申,1
仿效,1
原属,1
依规对,1
输家,1
没买,1
中国野生动物保护协会,1
亚特兰大,1
繁育,1
雄性,1
福双,1
雌性,1
趋稳,1
何立,1
蒙大拿州,1
旅美,1
乐乐,1
丫丫,1
蠕形,1
螨虫,1
脱毛,1
盘中餐,1
郭雅慧,1
航权,1
邦交国,1
庆典活动,1
皮罗,1
超支,1
外访,1
布鲁塞,1
两条路,1
作对,1
科尔特斯,1
金主,1
鲁塞,1
西翼,1
老练,1
规是,1
管制区,1
妨害,1
升格,1
陆家嘴,1
成都双流机场,1
返航,1
或未,1
敏感区域,1
广元,1
苍溪县,1
问询,1
市场行情,1
老款,1
闲鱼,1
购于,1
沈阳,1
中兴,1
长三角,1
进京,1
掉下来,1
禁飞,1
标准规范,1
军地,1
幕墙,1
除锈,1
叶永禄,1
管理权限,1
省市,1
势必会,1
人间,1
传阅,1
被边,1
安凯瑞,1
官微,1
王慧文,1
韩国三星,1
已达成,1
外延,1
自负,1
商业利益,1
官杰森,1
好书,1
书香,1
学习型,1
创新型,1
科教兴国,1
知识经济,1
倚重,1
文化素质,1
先于,1
读书人,1
目视,1
口咏,1
会意,1
欣然,1
忘食,1
明理,1
修身养性,1
尊为,1
爱书,1
高尚,1
伟人,1
散居,1
纳博科,1
莫里斯,1
鲁昂,1
拉克斯,1
加泰罗尼亚地区,1
圣乔治,1
智普,1
华虹,1
芯模,1
是用,1
不竭,1
率道,1
端然正己,1
参数设置,1
曝以,1
李亮,1
根据上述,1
猎头,1
乱战,1
翘首,1
重磅,1
特邀,1
输血,1
彩票,1
曾以,1
浪漫主义,1
让渡,1
投进,1
扫地机,1
割草机,1
平面,1
全屋,1
端侧,1
全自研,1
于安克,1
蓝牙,1
安克端,1
诺伊曼,1
真空管,1
越做越,1
高能耗,1
由阳萌,1
音频芯片,1
威海市,1
迟早,1
调皮,1
鼻头,1
可别,1
父子俩,1
牵手,1
赖皮,1
片长,1
廖宁,1
单东,1
付建,1
明着,1
读卖新闻,1
船体,1
构造物,1
重工,1
辽宁大连,1
电能,1
舰用,1
尼米兹,1
机量,1
抽成,1
克隆人,1
华硕,1
板卡,1
富联,1
工作站,1
笔记本,1
不自,1
渠道商,1
并常,1
驱动程序,1
起亚,1
入股,1
以太网,1
了下,1
科学计算,1
图形工作站,1
代指,1
电脑游戏,1
电脑产品,1
密西西比州,1
分手,1
参赛队,1
比赛规则,1
系数,1
核算,1
乌干达,1
基普,1
利莫,1
里斯本,1
步态,1
冲线,1
鸣枪,1
模治模,1
卡纳维拉尔角,1
蓝鸟,1
奥兰多,1
哨兵,1
情况通报,1
推力,1
范例,1
罢工,1
劳力,1
绝妙,1
恐惧症,1
聊过,1
诺贝尔化学奖,1
能源消耗,1
兜售,1
黑客帝国,1
污染环境,1
满怀,1
信徒,1
在读,1
核心思想,1
并不认为,1
打败,1
营利性,1
坏人,1
新纪元,1
争斗,1
苏茨克维,1
笃信,1
幌子,1
书名,1
绝地,1
武士,1
倾注,1
提法,1
发问,1
利用计算机,1
了恩,1
尼格,1
具象,1
咸水,1
混入,1
殖民化,1
伪科学,1
宣扬,1
铸造,1
甚至于,1
经纪人,1
喝杯,1
间隙,1
语生,1
前沿阵地,1
计算器,1
混杂,1
轻巧,1
小游戏,1
估计不足,1
表示歉意,1
背单词,1
黄循财,1
梗阻,1
内共,1
黑区,1
红色警戒,1
血清型,1
加盖,1
弯管,1
兹卡,1
基孔,1
托盘,1
碟子,1
观赏性,1
花瓶,1
花槽,1
炸粉,1
外脆,1
层次分明,1
盛放,1
后港,1
阿文,1
锡安,1
不以,1
煮汤,1
姜与,1
熬汤,1
省略,1
鲜味,1
巴当鱼,1
炎海,1
鲜汤,1
伊面,1
大锅,1
油腻,1
细滑,1
加速卡,1
交换机,1
多伦多,1
管理型,1
破局,1
罗思义,1
沈志勤,1
符合国家,1
整体利益,1
汽车业,1
投贸部,1
各别,1
低息贷款,1
赤字,1
局称,1
巴功,1
预算编制,1
指导方针,1
阿拉贡,1
高凯,1
张若昀,1
于和伟,1
李一桐,1
宇称,1
实拍,1
爱奇,1
纳逗,1
疆界,1
其本质,1
活人,1
表演艺术,1
投射,1
影视制作,1
马关条约,1
甲午战争,1
清政府,1
马关,1
割让,1
澎湖列岛,1
大校,1
比宫,1
年度计划,1
侍卫,1
样样,1
可装,1
舰体,1
多面手,1
波段,1
来袭,1
联勤,1
兵种,1
水深,1
舰种,1
于浩,1
驻泊,1
走横,1
军事训练,1
互别,1
苗头,1
航宫,1
精彩内容,1
编码员,1
闵斯基,1
出能,1
老派,1
追随,1
巨大作用,1
幻想,1
畅谈,1
课程体系,1
知识结构,1
工程化,1
顶会,1
组队,1
蒲志,1
达摩院,1
计算机专业,1
留用,1
入读,1
美国普林斯顿大学,1
院系,1
高品位,1
原创性,1
指让,1
奠基性,1
师从,1
北京航空航天大学,1
图形学,1
牛苏昊,1
草地,1
野鸡,1
止不住,1
中止,1
讨食,1
闪光灯,1
强光,1
武吉班,1
万吉路,1
窜出,1
生性,1
胆小,1
绝境,1
杂食,1
块茎,1
幼嫩,1
林区,1
踪影,1
游往,1
远渡重洋,1
趣闻,1
劝谕,1
喂养,1
细心,1
领略,1
声韵,1
加粗,1
押韵,1
表现手法,1
短诗,1
排位,1
原诗,1
鸟患,1
张挂,1
滋扰,1
爱护动物,1
五言诗,1
山组,1
灵性,1
佳音,1
中路,1
野鸽,1
成群,1
同座,1
开窗,1
屡劝不改,1
捣毁,1
收走,1
手提电脑,1
槟州,1
里蒙,1
捣破,1
租下,1
助查,1
简讯,1
查证,1
报摊,1
人行道,1
州际公路,1
码头区,1
金门大桥,1
眼花撩乱,1
笑谈,1
户外广告,1
阿拉巴马州,1
艾咪,1
核子,1
福斯,1
卡斯,1
雷沙,1
葛里,1
迈尔,1
洛雷罗,1
瓦德,1
摩斯,1
卡西亚斯,1
查韦斯,1
红雷斯,1
很糟,1
讣文,1
艾斯,1
克瑞吉,1
自尽,1
积极合作,1
通盘,1
航太,1
局地,1
横扫,1
重镇,1
瑞安,1
马新,1
和琼,1
铜制,1
打蜡,1
器具,1
汽水瓶,1
会所,1
开幕礼,1
献礼,1
筹划,1
程文华,1
广惠肇,1
留名,1
庆留,1
深获,1
重要文件,1
舷梯,1
走道,1
倒水,1
复燃,1
分从,1
摔跤,1
后头,1
往后仰,1
用走,1
祖宅,1
住人,1
小舅,1
旅费,1
破费,1
带大,1
石村,1
摔伤,1
惊魂,1
出生地,1
族人,1
惠安,1
寄钱,1
助建,1
祠堂,1
深聊,1
事迹,1
家谱,1
揭阳市,1
深刻印象,1
婶婶,1
嫂嫂,1
真是太,1
再见面,1
内疚,1
吓死,1
虚弱,1
专页,1
吓坏,1
亲友们,1
古巷,1
庭院,1
幽深,1
花花世界,1
伴在,1
赴任,1
扶柩,1
品茶,1
挥毫,1
雅致,1
巷子,1
深宅大院,1
展览馆,1
大宅,1
商铺,1
香囊,1
建盏,1
摇身,1
著名景点,1
杨桥,1
郎官巷,1
黄巷,1
宫巷,1
吉庇巷,1
衣锦坊,1
文儒坊,1
和光禄,1
游历,1
寻访,1
台江区,1
杭和,1
新装,1
安泰,1
电子杂志,1
尝一尝,1
杭有,1
耳聋,1
汤圆,1
兴化,1
墨鱼,1
海鱼,1
猪肝,1
猪心,1
大肠,1
小肠,1
后腿,1
捣成,1
肉泥,1
海鳗,1
鲨鱼肉,1
肉燕,1
泼墨,1
烫成,1
刮入,1
瘦肉,1
佛跳墙,1
生疏,1
左转,1
梅坞,1
群路,1
仓山,1
影剧院,1
乐群楼,1
海关税,1
天安,1
腿力,1
安澜,1
声光,1
教会学校,1
相续,1
洋行,1
通商口岸,1
杭往,1
报社,1
日报社,1
紫鸾,1
歌舞厅,1
群芳,1
饭店,1
茶花女,1
林纾,1
学堂,1
苍霞,1
精舍,1
真不少,1
武状元,1
黄培松,1
府邸,1
陈嘉庚,1
考察团,1
赈会,1
汉传,1
创会,1
居士林,1
菩提,1
李氏,1
出洋,1
发迹,1
旧称,1
传赞,1
雍正年间,1
儒商,1
正对面,1
古建筑,1
内则,1
展卖,1
白瓷,1
古庙,1
绍兴,1
明永乐,1
追封,1
护佑,1
元名臣,1
嘉庆,1
乾隆,1
捷桥,1
和星,1
三捷,1
正门,1
捷河,1
嗅到,1
臭味,1
惊愕,1
丢入,1
三进,1
是合,1
商号,1
杨文畴,1
商宅,1
改装成,1
钱庄,1
商帮,1
笋干,1
商品种类,1
建宁,1
泰宁,1
浦成,1
上杭,1
莆田,1
漳州,1
杭路,1
民国初年,1
中轴线,1
主干路,1
苍霞洲,1
林家,1
避祸,1
卖给,1
谢婉莹,1
谢銮恩,1
黄花岗,1
诀别书,1
名留青史,1
人知,1
辛亥革命,1
宗祠,1
生平事迹,1
烧烟,1
民族英雄,1
古民居,1
逛逛,1
水榭,1
二梅,1
书屋,1
严复,1
王葆桢,1
容错过,1
澳门路,1
巧遇,1
老前辈,1
名家,1
产于,1
石中之,1
名贵,1
田黄石,1
洞石,1
枯竭,1
原石,1
隔邻,1
已刻,1
闲章,1
颗心,1
修成,1
心形,1
红火,1
鲜度,1
肥美,1
巴刹买,1
辣意,1
鲜香,1
衬托出,1
鲜甜,1
炒制,1
嫩鲜,1
香和,1
鲣鱼,1
芹菜,1
双面,1
银鱼,1
现炸,1
加料,1
加生,1
蛏属,1
盛行于,1
莆仙及,1
稀饭,1
慈祥,1
派报,1
吉真,1
龙街,1
白锡,1
木头,1
叫卖,1
飞碟,1
祖孙,1
分无,1
香甜可口,1
经兀兰,1
直行,1
茄子,1
扑鼻,1
港主,1
开垦,1
胡椒,1
甘蜜,1
店内得西,1
弹牙,1
鱼茸,1
填入,1
煮成,1
大树,1
故得名,1
鱼鳔,1
辣茄,1
蛋汤,1
老街,1
小作坊,1
永兴,1
邦彦,1
自动识别,1
语码,1
泰语,1
德国联邦,1
机动车,1
苏姿丰,1
旧款,1
增加收入,1
导火线,1
戴维森,1
卢里亚,1
奥罗克,1
官丹,1
艾尔,1
不降,1
反涨,1
季营,1
挫跌,1
夹击,1
官雷尼,1
致命伤,1
日用百货,1
弗纳,1
麦克米伦,1
利维,1
客群,1
向德士,1
雷尼,1
前以,1
国库券,1
廖凯原,1
居于,1
萨默塞特,1
原出,1
改款,1
韩真,1
硅片,1
异质,1
钙钛矿,1
捷佳伟,1
拉普拉斯,1
和渝,1
畅行,1
大足,1
石刻,1
举行仪式,1
宣告,1
投建,1
放倒,1
载物,1
前备,1
行李厢,1
容积,1
直流,1
输出功率,1
出风口,1
杯架,1
轴距,1
车重,1
合体,1
间谍卫星,1
沐美,1
穆瓦,1
克萨尔,1
麦纳麦,1
美国第五舰队,1
海军基地,1
埃尔比勒,1
北京航天,1
驭星,1
地面站,1
网络覆盖,1
视图,1
表彰,1
助解,1
得奖,1
工地,1
泰雷兹,1
拉哈,1
出可,1
师范大学,1
附属中学,1
英才,1
高学历,1
伦敦大学,1
法学博士,1
退学,1
双学位,1
有志于,1
金融风险,1
斯汀,1
拉尤,1
英格兰银行,1
大卫,1
倍增器,1
纳雷,1
源程序,1
张锡镐,1
李科瑞,1
山虎源,1
韩国公司,1
宗家府,1
星级,1
周先生,1
马马虎虎,1
水饺,1
面饼,1
面酱,1
费工夫,1
上菜,1
提还,1
销售价格,1
扩种,1
轮作周期,1
铁元素,1
三氧化二铁,1
氧化作用,1
山东大学,1
三价,1
氧化物,1
铁锈,1
艾特肯,1
盆地,1
采回,1
生锈,1
阿拉法,1
圣诺哥,1
茶色,1
维他命,1
科特迪瓦,1
歉收,1
复活节,1
糖果,1
库玛丽,1
加工量,1
脂和,1
销售主管,1
闹翻,1
踢出,1
赃款,1
赚到,1
假象,1
刘宇宏,1
伟则,1
无业,1
服兵役,1
池鱼之殃,1
酋长国,1
继承人,1
阿中,1
苏林,1
打给,1
丛生,1
强权,1
国际航运,1
合则,1
依赖度,1
搅乱,1
飞涨,1
选举法,1
得票率,1
投票站,1
卡萨尔,1
过渡政府,1
动议,1
解散国会,1
改行,1
秘鲁人,1
得票,1
得票数,1
两姐妹,1
心血,1
美容美发店,1
常客,1
主攻,1
姐妹俩,1
彭錦秀,1
容客量,1
面类,1
五香,1
人工费,1
迁址,1
旧址,1
新视野,1
郑闻立,1
低线,1
中央政治局,1
已释,1
载板,1
产品升级,1
正由,1
电解铝,1
化工品,1
已处,1
反覆,1
权重股,1
质素,1
送去,1
案底,1
懊悔,1
郭瑞菁,1
巴蒂,1
冷酷,1
禁养,1
施以,1
庭上,1
逃窜,1
踩踏,1
冷落,1
摔死,1
连帽,1
刀伤,1
刺入,1
腹腔,1
喝阻,1
垃圾桶,1
致死,1
抓伤,1
陈毅,1
抛下,1
脊柱,1
坦亚,1
法耶兹,1
胡同,1
竞秀,1
春天里,1
五龙潭,1
泉池,1
锦鲤,1
古建,1
绘就,1
盛景,1
柳树,1
吐出,1
枝条,1
碧波荡漾,1
亭台楼阁,1
园林,1
听泉,1
春色,1
婉约,1
海棠树,1
苗木,1
露营,1
一播,1
惠农,1
美食街,1
绚丽,1
争艳,1
花枝,1
绵延,1
成片,1
邯郸市,1
义井,1
卫辉,1
新乡,1
秀美,1
拓印,1
插花,1
民俗,1
开醉,1
娇艳,1
蓝天,1
映衬,1
尽显,1
名记,1
双屏,1
排列,1
单手,1
握持,1
刘海,1
打孔,1
铰链,1
应力,1
抗刮性,1
深港,1
中蒙,1
市场营销部,1
张涛,1
票务,1
省区,1
喀什,1
丝路,1
张家界,1
好客,1
齐鲁,1
龙江,1
旅号,1
李杰,1
李佳琳,1
王冰笛,1
周村,1
里古,1
泰安,1
肥城,1
安驾庄,1
镇以,1
大集,1
暖意,1
风尚,1
开封府,1
包拯,1
衙役,1
执燧,1
取火,1
百姓,1
使节,1
颁新,1
新程,1
上河园,1
簪花,1
游园会,1
赢取,1
宋韵润,1
春景,1
礼敬,1
花神,1
余杭区,1
仁和,1
牡丹花,1
迎客,1
新颜,1
观景,1
农文,1
机场跑道,1
同框,1
南阳,1
油菜花,1
田正,1
花田,1
壶口,1
大合唱,1
旅游景点,1
新体验,1
意蕴,1
古典文学,1
名著,1
看景,1
入戏,1
带热,1
补给量,1
任务量,1
挺立,1
凯旋,1
吴淞口,1
国内部,1
探秘,1
深冰,1
地震仪,1
冰原,1
大考,1
雪豹,1
增压,1
野外作业,1
古气候,1
耐低温,1
外源,1
软管,1
绞车,1
冰下,1
湖队,1
郭井学,1
吹响,1
拎包,1
开机,1
科考,1
支点,1
供油,1
塔伊,1
中国南极长城站,1
考察站,1
救助,1
考察队员,1
来访,1
友邻,1
南极洲,1
转场,1
病员,1
阿蒙森,1
站位,1
收放,1
恩德,1
航空摄影,1
冰间,1
前沿科学,1
南大洋,1
国家海洋局,1
龙威,1
谢良,1
董瑞丰,1
苗夏阳,1
天成,1
王立彬,1
刘祯,1
山距,1
科学考察,1
料于,1
资媒,1
谭明耀,1
北方地区,1
造福人类,1
佳绩,1
创新者,1
技术难题,1
共塑,1
考取,1
飞翔,1
努鲁曾,1
机械工程,1
人母,1
胡迈,1
拉克,1
宾特,1
业时,1
晋升为,1
进修,1
毕业考,1
装配线,1
工程部,1
李德明,1
商团,1
过程中将,1
人才队伍,1
司局,1
账期,1
招商引资,1
中关村,1
星际,1
花旗,1
富国银行,1
驾驶座,1
气愤,1
鞋架,1
背心,1
深色,1
里兹,1
批注,1
应变,1
秉承,1
管不住,1
外传,1
删掉,1
清空,1
划好,1
神离,1
分身,1
专利法,1
姓名权,1
重复性,1
荣誉权,1
刘东瑞,1
延展,1
可问,1
不非,1
新闻公报,1
休市,1
分差,1
波动性,1
国际象棋,1
伙同,1
陈某,1
韩某,1
钱某,1
白皮书,1
隐蔽性,1
虚拟化,1
巨贪,1
寻租,1
合作部,1
张某敏,1
依法逮捕,1
举报线索,1
涉嫌犯罪,1
据抖,1
查实,1
录用,1
失信,1
极智,1
搅动,1
轰动性,1
泰和,1
高鑫,1
雷雁群,1
惩戒,1
开创性,1
条线,1
红队,1
没写,1
托出,1
烫手,1
造出来,1
脱开,1
无人区,1
翅蝶,1
核战争,1
脊背,1
发凉,1
连上,1
核弹,1
通云哥,1
墙则,1
提住,1
洪峰流量,1
飞天,1
无根,1
满场,1
世界市场,1
没断,1
加拉,1
点错,1
显像管,1
氢能,1
登峰造极,1
睁开眼,1
智能机,1
液晶电视,1
很热,1
想见,1
变阵,1
坐庄,1
成拳,1
基模,1
提着,1
爬升,1
越拉越,1
右脚,1
全部都是,1
百模,1
周榜,1
鸡血,1
诞生地,1
百炼,1
习惯于,1
输油管,1
连发,1
筑起,1
快节奏,1
下场,1
称以,1
虚拟环境,1
纪源,1
顺为,1
云启,1
广发基金,1
雾凇,1
国惠,1
华营,1
资产重组,1
多变,1
皮尔斯,1
阿尔诺,1
佩奇,1
和布林,1
保险费用,1
国油,1
霍尔木兹,1
匿藏,1
山庄,1
迪在柔,1
身份证明,1
殆尽,1
流星,1
通量,1
尘土,1
贝茨,1
蓝白色,1
加拿大籍,1
科研项目,1
吉本,1
休斯顿,1
飞行轨道,1
音速,1
航天器,1
推进器,1
飞离,1
拉皮,1
扳机,1
电视讲话,1
明确指出,1
试卷,1
灰心,1
施伟良,1
班级,1
资料库,1
备赛,1
切磋,1
中国工商银行,1
翁俊民,1
答题,1
拉开序幕,1
陆惠芳,1
田筱芳,1
中正,1
总校,1
圣加,1
俾尔,1
一较高低,1
航班信息,1
官坎,1
陈炳耀,1
货仓,1
登机,1
输送带,1
选起,1
柜台,1
订位,1
上下车,1
行车时间,1
香格里拉酒店,1
产品推介,1
原处,1
去取,1
祖尔,1
平分,1
借出,1
寄送,1
罗劲杰,1
诈欺,1
骗来,1
租期,1
实宁,1
才刚,1
佳境,1
华纳,1
紧跟,1
片源,1
录影,1
陪陪,1
岁数,1
铁骑,1
日讯,1
福建日报,1
张文奎,1
朱博青,1
三县洲,1
江滨,1
藤路,1
车会,1
专人,1
交通管理,1
炸街,1
超员,1
白蓝,1
交通卡,1
全向,1
台式,1
声呐,1
采集器,1
透窗,1
一体机,1
校际,1
创编,1
梁静,1
遴选,1
区校,1
校校,1
班班,1
地理环境,1
厦门日报,1
吴海奎,1
李遥,1
万乐鑫,1
吊车,1
作业面,1
挖掘机,1
平整,1
翔安区,1
三争,1
紧抓,1
快干,1
用地,1
平流,1
沉淀池,1
下层,1
清水池,1
抗裂性,1
耐久性,1
浇注,1
项目部,1
沉清,1
近似,1
足球场,1
水缸,1
原水,1
加药,1
加氯,1
污泥,1
脱水,1
单体,1
比作,1
军费开支,1
斯威特,1
洛克菲勒,1
受助,1
津巴布韦,1
马西,1
伊瓦,1
难对,1
低薪,1
有误,1
关门大吉,1
更要,1
前三甲,1
纳伦,1
莱索托,1
均衡器,1
普惠性,1
集中化,1
关键所在,1
以求,1
总和,1
网络应用,1
私营企业,1
圣保罗,1
着重强调,1
学期,1
林小宇,1
爆米花,1
引得,1
丹霞地貌,1
日记,1
綦江,1
地质公园,1
老瀛山,1
营盘,1
恐龙,1
脚印,1
难休,1
刘健,1
返校,1
全开,1
带劲,1
龙岗区,1
外国语,1
海顿,1
党总支,1
教学计划,1
教学资源,1
课堂教学,1
每学期,1
学期末,1
王正青,1
台账,1
用人单位,1
补休,1
教导处,1
谢晓萍,1
校区,1
沙坪坝区,1
土湾,1
沙坪坝,1
党群,1
读绘,1
雀跃不已,1
踏春,1
新鲜空气,1
博物,1
校门,1
乘机,1
票量,1
客源地,1
黄山,1
谢裕,1
博园,1
黄敏,1
依法行事,1
澎杉,1
辩护者,1
言辞,1
对错,1
袒护,1
判监,1
布达拉,1
峻法,1
更优越,1
取向,1
当人,1
持零,1
可当,1
粗俗,1
谈何,1
中餐,1
灵光,1
不谙,1
汉堡包,1
中餐厅,1
蜜雪,1
冰城,1
文泰,1
冒起,1
议论,1
张姓,1
小事,1
终究,1
依归,1
系统优化,1
力池,1
速率,1
公平性,1
可用性,1
取道,1
使馆,1
台胞证,1
可登记,1
周到,1
相拥,1
接机,1
船期,1
缓不济急,1
严峻考验,1
时程,1
推算,1
变好,1
易游网,1
冠群,1
机票价格,1
华航,1
长荣,1
星宇,1
旅游业者,1
团费,1
台铁,1
公车,1
杨金龙,1
断链,1
产品报价,1
卖方市场,1
陈馨蕙,1
转嫁,1
后遗症,1
奉命,1
经济部,1
调升,1
电业,1
基载,1
台湾电力,1
抢货,1
中央大学,1
经济系,1
郑丽君,1
分別,1
炼厂,1
无虞,1
示警,1
运抵,1
橡胶,1
就备,1
好料,1
白宗城,1
中华经济,1
调过来,1
垃圾袋,1
士林,1
检署,1
分案,1
公营事业,1
不计,1
台塑集团,1
哄抬,1
林园,1
维康,1
药瓶,1
害死,1
纸包,1
包材,1
药袋,1
便当,1
饮料店,1
豆浆店,1
纸杯,1
米价,1
米袋,1
抢购一空,1
耐热,1
包拿,1
新北市,1
免洗餐具,1
修改权,1
重合,1
抹除,1
浮点,1
未经检验,1
虚高,1
养老金,1
买盘,1
封顶,1
流通盘,1
次于,1
量变,1
需看,1
城乡居民,1
漫灌,1
施策,1
断言,1
冰球,1
分着,1
庙前,1
梁姓,1
神像,1
迎入,1
接神,1
嫁娶,1
喜事,1
老庙,1
芋叶,1
炮弹,1
筹组,1
新址,1
筹募,1
征用土地,1
童林泉,1
林世海,1
细数,1
迁居,1
应邀出席,1
国家图书馆,1
逝去,1
据载,1
乌鲁三巴旺,1
亚答屋,1
红纸,1
木牌,1
膜拜,1
开山,1
哪吒,1
财神爷,1
太岁爷,1
起乩,1
林泉,1
原是,1
菜农,1
义务服务,1
亚答,1
小庙,1
砖墙,1
瓦顶,1
大戏,1
宗教仪式,1
东方文化,1
妆容,1
时髦,1
团圆饭,1
讶异,1
加注,1
未附,1
点餐,1
拉马尔,1
拆掉,1
遮阳棚,1
遮阳蓬,1
莫晓辉,1
告示,1
短促,1
甜品,1
没回,1
访问者,1
指纹,1
文件名,1
领英会,1
客户名单,1
鲍里斯,1
切尔,1
集控,1
值班员,1
总负责人,1
石一辉,1
利于,1
凑近,1
检修,1
部科,1
专责,1
唐昱恒,1
实时控制,1
班长,1
刘笑宇,1
外勤,1
省时省力,1
王欣,1
李月媛,1
余哲,1
轻点,1
鼠标,1
电力行业,1
汉阳区,1
岳府湾,1
轻按,1
机巢,1
绝缘子,1
无卡顿,1
回传,1
黑夜,1
桂冠,1
牵出,1
购物袋,1
爆开,1
果园,1
邓光咏,1
科达,1
千惠,1
获奖作品,1
广告商,1
环线,1
投稿,1
物理学家,1
悟出,1
水利局,1
巧思,1
人道精神,1
国家栋梁,1
辨别,1
六州,1
告终,1
极快,1
伊隆,1
乔治敦大学,1
分配比例,1
辟谣,1
变窄,1
液态氧,1
推进剂,1
探索期,1
矜持,1
用户数,1
蛾子,1
全球卫星,1
热炒,1
头皮发麻,1
无可,1
太空时代,1
阿姆斯特丹,1
银团,1
水路,1
高盛集团,1
安卓,1
最高价,1
马亚,1
经网,1
数约,1
学徒,1
西贝各,1
下发,1
帮工,1
缓发,1
大免,1
格于,1
迈克,1
再算,1
该博,1
摩尔定律,1
移至,1
拟人化,1
方形,1
壁挂式,1
扬声器,1
收集者,1
传闻中,1
核数,1
养虾,1
排长队,1
放完,1
文章内容,1
天鹅,1
鹅厂,1
精力有限,1
记忆系统,1
越用,1
全量,1
电耗,1
馈电,1
油耗,1
双源,1
增程器,1
油箱,1
指导价,1
选装,1
起售,1
划清界限,1
曝正,1
大容量,1
下大,1
涨约,1
耐久,1
低层,1
华盛顿邮报,1
阿拉德,1
迪莫纳,1
打掉,1
卢德允,1
地对空,1
光束,1
雷射,1
效用,1
低微,1
访问团,1
劲蜂,1
实弹,1
天弓,1
防护网,1
侦察机,1
接成,1
载量,1
箱式,1
火箭炮,1
远距,1
完蛋,1
带防,1
量够,1
上美,1
昭示,1
过饱和,1
耗损,1
炮火,1
见证者,1
重层,1
无效,1
疏漏,1
特约,1
巡弋,1
补强,1
凯西,1
方舟,1
弗莱,1
弗里尔,1
印韩,1
姜由桢,1
愈显,1
古朴,1
专车,1
喇叭声,1
可跌,1
保暖,1
药妆店,1
铁皮,1
青蛙,1
弹珠,1
一瞥,1
烤薯,1
溪水,1
清澈,1
风声,1
泰北,1
酸苦,1
零嘴,1
休憩,1
旅者,1
文化氛围,1
湿润,1
木造,1
屋角,1
兰纳,1
宫崎骏,1
身披,1
橘色,1
袈裟,1
赤脚,1
山野,1
托钵,1
乞食,1
合掌,1
南传,1
僧侣,1
出家,1
积福,1
孝敬父母,1
淳朴,1
虔敬,1
小寺,1
旧物,1
蒙尘,1
却静静,1
山涧,1
纤细,1
蓝筹股,1
向受,1
吞下,1
灰烬,1
特说,1
欧洲理事会,1
科斯塔,1
收尾,1
耶路撒冷,1
最难,1
打垮,1
买油,1
抢油,1
剧变,1
中间方,1
油井,1
美国广播公司,1
裂痕,1
击杀,1
军火,1
垮台,1
做不了,1
的黎波里,1
伊朗议会,1
通行费,1
核能力,1
监狱,1
豪瑟,1
斯特纳,1
中文学校,1
本能,1
连不,1
成家立业,1
原乡,1
曾亲耳,1
餐馆老板,1
传技,1
传心,1
诗词,1
拟写,1
讲授,1
同班,1
窘境,1
华教,1
经济社会,1
光辉,1
美欧,1
马凯硕,1
专精,1
钻研,1
海外华人,1
专攻,1
新学年,1
林玫芯,1
新课程,1
转修,1
秉持着,1
收生,1
专题报道,1
学好,1
碍于,1
全中文,1
思维能力,1
文字学,1
通晓,1
相接,1
紧随,1
财报线,1
投入量,1
子系统,1
销售业务,1
和超微,1
用人,1
就业结构,1
借用,1
聊天工具,1
最本,1
体察,1
世道人心,1
率较,1
维强,1
事务所律师,1
王钧,1
法律咨询,1
从用,1
大浪淘沙,1
洪荒,1
产业革命,1
出生率,1
叙述,1
塑造成,1
报班,1
速成,1
文科生,1
搬去,1
月租,1
坐班,1
视频剪辑,1
上司,1
错别字,1
标点符号,1
功劳,1
小朱,1
略带,1
程序开发,1
理解能力,1
拷问,1
报到,1
拉平,1
历史课,1
狮身,1
人面,1
法老王,1
妖后,1
具体内容,1
进餐,1
乌德琴,1
苏菲,1
肚皮舞,1
小巷,1
哈利利,1
面罩,1
稀世,1
历史文物,1
海天,1
世外桃源,1
沁凉,1
浅尝,1
阿拉伯半岛,1
苏伊士运河,1
南接曼,1
盐度,1
咽喉,1
畅游,1
整片,1
琥珀色,1
度角,1
触感,1
天际线,1
撒哈拉沙漠,1
紧握,1
防滚,1
架以,1
保持平衡,1
和煦,1
向东,1
海之滨,1
斯四世,1
三世,1
坐落于,1
国土面积,1
尘封,1
盗掘,1
岩体,1
岩窟,1
生死观,1
帝王,1
根高,1
始建,1
造访,1
卡尔纳克,1
黎明,1
破晓,1
阳光普照,1
变幻,1
堵得,1
塔门,1
深埋,1
罗马帝国,1
狄奥多,1
西一世,1
颁令,1
废弃,1
埃德,1
镀金,1
诡异,1
医学中心,1
神索,1
贝克,1
边小,1
山丘,1
杰作,1
建筑风格,1
夜游,1
康翁波,1
魔幻,1
文物保护,1
登基,1
廊道,1
圣坛,1
阿蒙神,1
开凿,1
圣殿,1
坐像,1
疾驰,1
直抵,1
努比亚,1
震憾,1
阿布辛,1
低坝,1
淹没,1
阿吉尔,1
基亚岛,1
菲莱,1
豪华酒店,1
浩瀚,1
宽广,1
群山,1
洪涝,1
水坝,1
截断,1
高峡,1
平湖,1
整洁,1
旅游胜地,1
贸易中心,1
翠绿,1
沉醉,1
风情画,1
之河,1
长河,1
全长约,1
东非,1
流经,1
卢旺达,1
摇篮,1
巨无霸,1
剪影,1
门卡,1
乌拉,1
风化,1
剥蚀,1
哈夫拉,1
塔前,1
俯卧,1
圣兽,1
身长,1
狮身人面像,1
威严,1
棱锥,1
石灰石,1
沙海中,1
雄踞,1
当属,1
吉萨,1
尼罗河畔,1
征服者,1
石棺,1
守护神,1
蛇形,1
刻有,1
竖井,1
艾尔舒,1
卡法,1
墓地,1
避暑胜地,1
马其顿,1
挟着,1
猛挫,1
净资产值,1
掺杂,1
内资,1
银行存款,1
保单,1
股价指数,1
长征二号,1
杨弘杨,1
郝明鑫,1
科学试验,1
百强,1
投同,1
用例,1
安德里,1
霍洛,1
寇图,1
附加条件,1
联合国安全理事会,1
分行业,1
有色金属,1
扰动,1
有为,1
并配,1
虾房,1
汇整,1
朝夕,1
收购价格,1
激动人心,1
新厂,1
肺炎,1
流感,1
试剂,1
常须,1
勤快,1
主治医生,1
新联,1
健卫,1
程红,1
相一致,1
焦急,1
感染者,1
结核性,1
肉芽肿,1
诗咏,1
继发,1
阅片,1
随访,1
仍易,1
钟倩慧,1
陈淑珊,1
型态,1
掌舵人,1
中持,1
投注,1
基础性,1
刘烈宏,1
律所,1
咨询机构,1
召至,1
何塞,1
因船,1
若真,1
强加于,1
抵抗力量,1
行使主权,1
回绝,1
核能源,1
国际海事组织,1
提单,1
不稍,1
显露,1
转达,1
罗敏,1
申路,1
创业项目,1
辛顿,1
吉奥,1
图灵奖,1
蒙特利,1
施密特,1
商家业,1
黄伟平,1
起重,1
拖船,1
木成,1
努力提高,1
香椰,1
严炜崴,1
耗量,1
断航,1
果菜,1
郑谦木,1
化工产品,1
塑料,1
盒子,1
高价位,1
三角钱,1
盈亏,1
送上,1
借镜,1
吸取经验,1
一汽集团,1
项目组,1
简易,1
更弱,1
中近程,1
机动灵活,1
观察员,1
感测器,1
祈祷,1
私营经济,1
国产商品,1
对策,1
拉斯,1
拉凡,1
平均值,1
跳表,1
定额,1
诺维,1
从宏茂,1
从兀兰,1
计程表,1
高后,1
至尊,1
神奖,1
池超,1
评定,1
睡醒,1
传感,1
眼动期,1
鼾声,1
芳草地,1
环林,1
宝山区,1
区融,1
专程,1
监测仪器,1
东平,1
国家森林公园,1
区域性,1
截面,1
新案,1
来不及,1
东北亚地区,1
战略目标,1
所示,1
东北亚,1
台北医学,1
张国城,1
反战,1
犯台,1
仰赖,1
火速,1
支应,1
传习,1
管理机制,1
谈来,1
再延,1
担待,1
藉由,1
分身乏术,1
威胁性,1
威吓,1
首席代表,1
香港大学,1
白子,1
已远,1
非生产性,1
美占比,1
虚胖,1
重阳,1
王文,1
日圆,1
严寒,1
人事部,1
血洗,1
抹杀,1
木工,1
职业技能,1
应能,1
建筑工人,1
六位数,1
技工,1
简要,1
产业部,1
伊日,1
格奇,1
茂木敏,1
制空权,1
机械故障,1
截获,1
红外制导,1
制导,1
李勇,1
一凡,1
王天迷,1
不菲,1
霍金斯,1
洛克希德,1
隐身技术,1
帕尔斯,1
难寻,1
票数,1
地能,1
王建明,1
徐嘉美,1
辞藻,1
汗水,1
奔头,1
旮旯,1
笑脸,1
夕阳西下,1
余晖,1
梯田,1
成渝,1
菜篮子,1
高姝,1
找准,1
栽苗,1
侄女,1
采收,1
换回,1
毁约,1
讨说法,1
入社,1
提成,1
统一标准,1
祝何,1
翻出,1
农闲,1
上山,1
枯枝,1
烂叶,1
羊粪,1
肥力,1
地施,1
底肥,1
黄林,1
话茬,1
全是,1
农家肥,1
亩产,1
拨开,1
枝丫,1
丰产,1
苗刚,1
新芽,1
纯收入,1
能上,1
卖到,1
卖光,1
开收,1
硬是,1
掰成,1
土豆,1
馍馍,1
早些,1
带头人,1
田埂,1
随手,1
拔起,1
根壮,1
叶绿,1
年景,1
坡地,1
银色,1
地膜,1
新苗,1
山风,1
眯成,1
苗子,1
金贵,1
扒开,1
压实,1
叠溪镇,1
杨柳,1
川西高原,1
残雪,1
远山,1
软硬,1
黎曼,1
能效,1
成效显著,1
出出,1
风云,1
普惠化,1
星途,1
家车,1
单颗,1
豪车,1
可享,1
技术储备,1
智驾普,1
惠化,1
关丹格宾,1
磁体,1
和镝,1
拉卡,1
斯重,1
长野,1
滑雪,1
胜地,1
出对,1
触怒,1
区域经理,1
金丽玲,1
医美,1
出发地,1
测试中心,1
低速,1
汤申,1
新山瓦,1
迪哈那,1
高架路,1
清障,1
系统验证,1
中车,1
智轨,1
站点,1
联营企业,1
天桥,1
特假,1
莫哈末礼,1
连假,1
再评,1
西贝关店,1
私域,1
和西贝,1
经营报,1
靓丽,1
母猪,1
联农,1
助农,1
悬顶,1
达摩,1
克利斯,1
硬盘驱动器,1
产自,1
刘韵,1
减让,1
本意,1
幻象,1
布鲁塞尔,1
专研,1
集中精力,1
吹捧,1
查塔姆,1
梅克尔,1
停手,1
巴德,1
胡要,1
伊朗伊斯兰共和国,1
凯隆,1
杜德,1
打碎,1
驻有,1
集束,1
优异者,1
另寻,1
恒生,1
考尔,1
积极探索,1
基础知识,1
渊博,1
中新自贸,1
零关税,1
郭柄汛,1
进博,1
设点,1
食品业者,1
首店,1
静安,1
慌乱,1
协和,1
刚强,1
懒政,1
倒推,1
传播学,1
促进法,1
退网,1
巨子,1
可复,1
清朗,1
心悸,1
心慌,1
任冲昊,1
马前卒,1
指任,1
茶饮,1
涉毒,1
唐任伍,1
晚点,1
竞得,1
和瑞幸,1
竞购,1
大钲,1
签字,1
方大钲,1
食用油,1
韦朴,1
冰鲜,1
开斋,1
虚浮,1
化验,1
口供,1
精神状态,1
争辩,1
帽衣,1
东卓源,1
指英,1
停产,1
传共,1
附带条件,1
能及,1
过向,1
行政区,1
房租,1
立信,1
都市报,1
骑手,1
财闻,1
增利,1
民兵组织,1
死讯,1
卡茨,1
打死,1
保镖,1
邮政编码,1
或自,1
提柜,1
化妆品,1
项控状,1
仍在,1
故技重施,1
次访问,1
五人,1
寄往,1
许宏言,1
化肥厂,1
农业部长,1
氮肥,1
林于,1
铺平,1
搁浅,1
占耀,1
云进,1
向耀才,1
后耀才,1
收至,1
复牌,1
见闻,1
素有,1
平佣,1
即时通讯,1
应用程式,1
陈航,1
财报季,1
尘埃,1
未定,1
官尤伊,1
英特尔公司,1
回吐,1
纽约市场,1
协处理器,1
产品目录,1
版权保护,1
商标权,1
百科全书,1
条目,1
内容摘要,1
蚕食,1
网络流量,1
梅里,1
亚姆,1
韦伯斯特,1
参考资料,1
吸毒者,1
塔拉尔,1
楠格,1
弹药库,1
戒毒,1
凯瑟琳,1
金说,1
号召,1
卡拉斯,1
盾牌,1
复航,1
某种原因,1
生育期,1
冬种,1
夏收,1
稻浪,1
张践,1
农耕,1
黄金搭档,1
继续加强,1
提升机,1
粮油,1
试验站,1
站长,1
杨立勇,1
含油量,1
双密,1
双高,1
测土,1
病虫害,1
翻耕,1
农机手,1
秦忠华,1
上海地区,1
稻油争,1
毯状苗,1
钻入,1
机正,1
农商,1
农科院,1
选育,1
贷款额,1
参与方,1
返现,1
雅虎,1
买方市场,1
独反,1
干涉,1
陆美台,1
更添,1
成局,1
周密,1
粒子束,1
定向,1
气动,1
全频段,1
白帝,1
感应式,1
力场,1
机动性,1
概念设计,1
制空,1
镂空,1
介子,1
鸾鸟,1
翼展,1
照进,1
听错,1
机甲,1
解放军报,1
界别,1
收场,1
渡过难关,1
西瓜皮,1
英国国防部,1
法国外交部,1
日本自民党,1
政调,1
分摊,1
消费国,1
美国大使馆,1
刘鹏宇,1
螺旋式,1
亮出,1
杀手锏,1
乞求,1
船舰,1
数国,1
西纳,1
苏拉,1
电话号码,1
已在,1
避风港,1
酷刑,1
转译,1
先对,1
分析员,1
通信情报,1
程序性,1
盖章,1
回路,1
帕兰提尔,1
迟疑,1
过虑,1
平坦,1
介面,1
程式码,1
星标,1
洗掉,1
热爆,1
定名,1
敏感时期,1
何子恩,1
阴云,1
谭森,1
阵容强大,1
工薪,1
精心安排,1
感不,1
同名,1
成本计划,1
奥迪,1
美车,1
魏亮,1
个人用户,1
插件,1
安全补丁,1
办公设备,1
电脑设备,1
的须,1
错点,1
钉钉,1
于萌,1
常熟市,1
明确提出,1
新形态,1
仿生,1
电极,1
脑膜,1
接口技术,1
脊髓,1
光标,1
股票价值,1
直连,1
中向,1
复仇,1
巨大变化,1
地质学家,1
军医大学,1
内科医生,1
李春来,1
杜罗,1
症结,1
力促,1
对长,1
伏地,1
风卷,1
大漠,1
风尘,1
日色,1
沙尘暴,1
中卫,1
顺口溜,1
平沙,1
人烟,1
荒山,1
染绿,1
埋进,1
土里,1
下过,1
植树节,1
郭庆华,1
下腰,1
等来,1
四次会议,1
填满,1
蓄积量,1
零增长,1
抹掉,1
沙化,1
增绿,1
绿水青山,1
银山,1
草木,1
人种,1
荒岛,1
冻土,1
藏北高原,1
小树林,1
地温,1
云杉,1
金露梅,1
培育出,1
物候,1
数据系统,1
引种,1
东君,1
露地,1
一颗颗,1
植物种子,1
怒江,1
天险,1
踏过,1
奔波,1
偏要,1
成活,1
地级,1
郝伟,1
种进,1
海沙,1
沙沙声,1
荒凉,1
种出,1
林海,1
绿岛,1
沙岛,1
瓶装,1
涵养,1
根部,1
留不住,1
用抗,1
盐碱,1
冲刷,1
多海里,1
运树,1
零星,1
沙市,1
名碑,1
荒芜,1
热带雨林,1
苍翠,1
铺在,1
镶上,1
扎进,1
逼退,1
奋战,1
植保,1
麦草,1
日落,1
弓着腰,1
没亮,1
冯开华,1
林场,1
场长,1
唐希明,1
蒸发量,1
直逼,1
城西,1
掩埋,1
董莉娟,1
显效,1
董莉,1
农夫山泉,1
刘德兵,1
重登,1
刘扬伟,1
蝉联,1
广达,1
国巨,1
陈泰铭,1
台达,1
郑崇华,1
张忠谋,1
香港特区,1
积存,1
合理配置,1
多克,1
徐州,1
光大银行,1
钱江晚报,1
央视网,1
医学知识,1
分歧点,1
疑难,1
综述,1
有源,1
可溯,1
归档,1
只多不少,1
闫珮云,1
财经频道,1
减小,1
俄油,1
快报,1
教徒,1
印媒,1
恐怖,1
萨尔,1
速度表,1
火出圈,1
西汉,1
汉武帝,1
北击,1
匈奴,1
曾伟峰,1
异动,1
魏凤,1
沈金龙,1
于忠福,1
李伟,1
边瑞峰,1
丁来富,1
追认,1
专家学者,1
李桥铭,1
大陆军队,1
扩及,1
南方网,1
折合,1
升价,1
红星,1
变化率,1
限价,1
压倒性,1
利雅得,1
费萨尔,1
海合会,1
布达维,1
促和,1
矛盾加深,1
受到谴责,1
道义上,1
地站,1
美以,1
政局,1
胡齐斯坦省,1
科威特政府,1
创收,1
后发,1
旅客量,1
理查,1
玛力肯,1
采购计划,1
及第,1
贸易总额,1
南马,1
区会,1
李腾吉,1
柔新,1
关键因素,1
总投资额,1
就让,1
黄益,1
时日,1
居民收入,1
笨拙,1
卖力,1
大妈,1
豪爽,1
菜头,1
甩出,1
刺耳,1
吭声,1
洗碗,1
备餐,1
工人党,1
海民,1
星海,1
专业训练,1
离心机,1
王静,1
刷题,1
云谷,1
惠彬,1
桑塞,1
橄榄枝,1
木原,1
正裕,1
打牢,1
努力争取,1
虚报,1
人均收入,1
强人,1
不强,1
持久性,1
缓进,1
低噪音,1
抗干扰能力,1
处给,1
重击,1
升腾,1
恩格,1
拉布,1
居民区,1
以色列国防军,1
试点经验,1
水喉工,1
亲自动手,1
彭丽燕,1
和碧山,1
窑集,1
安迪,1
业务水平,1
一准,1
计为,1
新准,1
证者,1
晶圆厂,1
承德,1
电信业,1
教务长,1
产学,1
开发计划,1
设计阶段,1
先例,1
深入研究,1
法学院,1
增约,1
教学模式,1
流失率,1
磨炼,1
本田,1
黄成顺,1
陈永豪,1
改买,1
恰是,1
逐月,1
起破,1
买主,1
注册费,1
转购,1
路税,1
关耀汉,1
矿物,1
停售,1
博智隆,1
最低点,1
如小鹏,1
和蔚,1
锂价,1
亮色,1
里昂,1
冯晓,1
证券报,1
提车,1
网汇,1
居冠,1
王传福,1
星愿,1
畅销,1
李书福,1
汽车销量,1
经济指标,1
超轻薄,1
鲁班,1
中弹,1
开售,1
硅碳,1
有线,1
低廉,1
低端,1
秒弹,1
运镜,1
防抖,1
健在,1
触摸屏,1
无趣,1
方块,1
前卫,1
舞动,1
智信,1
抵押物,1
同一时间,1
窥见,1
以太网交换机,1
